commit_date,gc_orgID,harmonized_name,nom_harmonisé,legal_title,appellation_légale,preferred_name,nom_préféré,lead_department,ministère_responsable,abbreviation,abreviation,FAA_LGFP,status_statut,French Name,Original English Name,Names Match
2025-11-17T22:33:14Z,﻿gc_orgID,harmonized_name,nom_harmonisé,legal_title,appellation_légale,preferred_name,nom_préféré,lead_department,lead_department,ministère_responsable,abbreviation,abreviation,FAA_LGFP,status_statut,French Name,Original English Name
2025-11-17T22:33:14Z,3578,Management Advisory Board for the RCMP,Conseil consultatif de gestion pour la GRC,Management Advisory Board for the RCMP,Conseil consultatif de gestion pour la GRC,,,,,,,,,a,,
2025-11-17T22:33:14Z,3575,Judicial Compensation and Benefits Commission,Commission d'examen de la rémunération des juges,Judicial Compensation and Benefits Commission,Commission d'examen de la rémunération des juges,,,,,,,,,a,,
2025-11-17T22:33:14Z,3574,Intergovernmental Affairs,Affaires intergouvernementales,Intergovernmental Affairs,Affaires intergouvernementales,,,,,,,,,a,,
2025-11-17T22:33:14Z,3573,Independent Review Panel for Defence Acquisition,Commission indépendante d'examen des acquisitions de la Défense,Independent Review Panel for Defence Acquisition,Commission indépendante d'examen des acquisitions de la Défense,,,,,,,,,a,,
2025-11-17T22:33:14Z,3572,Historic Sites and Monuments Board of Canada,Commission des lieux et monuments historiques du Canada,Historic Sites and Monuments Board of Canada,Commission des lieux et monuments historiques du Canada,,,,,,,,,a,,
2025-11-17T22:33:14Z,3571,Office of the Federal Ombudsperson for Victims Of Crime,Bureau de l'ombudsman fédéral des victimes d'actes criminels,Office of the Federal Ombudsperson for Victims Of Crime,Bureau de l'ombudsman fédéral des victimes d'actes criminels,,,Department of Justice Canada,Department of Justice Canada,Ministère de la Justice Canada,,,,a,,
2025-11-17T22:33:14Z,3570,Federal Court of Canada,Cour fédérale,Federal Court of Canada,Cour fédérale,,,,,,,,,a,,
2025-11-17T22:33:14Z,3569,Federal Court of Appeal,Cour d'appel fédérale,Federal Court of Appeal,Cour d'appel fédérale,,,,,,,,,a,,
2025-11-17T22:33:14Z,3568,Environmental Protection Review Canada,Révision de la protection de l'environnement Canada,Environmental Protection Review Canada,Révision de la protection de l'environnement Canada,,,,,,,,,a,,
2025-11-17T22:33:14Z,3566,Democratic Institutions,Institutions démocratiques,Democratic Institutions,Institutions démocratiques,,,,,,,,,a,,
2025-11-17T22:33:14Z,3565,Court Martial Appeal Court of Canada,Cour d'appel de la cour martiale du Canada,Court Martial Appeal Court of Canada,Cour d'appel de la cour martiale du Canada,,,,,,,,,a,,
2025-11-17T22:33:14Z,3564,Competition Tribunal,Tribunal de la concurrence,Competition Tribunal,Tribunal de la concurrence,,,"Innovation, Science and Economic Development Canada","Innovation, Science and Economic Development Canada","Innovation, Sciences et Développement économique Canada",,,,a,,
2025-11-17T22:33:14Z,3563,Competition Bureau Canada,Bureau de la concurrence Canada,Competition Bureau Canada,Bureau de la concurrence Canada,,,,,,,,,a,,
2025-11-17T22:33:14Z,3562,Communications Research Centre Canada,Centre de recherches sur les communications Canada,Communications Research Centre Canada,Centre de recherches sur les communications Canada,,,,,,,,,a,,
2025-11-17T22:33:14Z,3561,Canadian War Museum,Musée canadien de la guerre,Canadian War Museum,Musée canadien de la guerre,,,,,,,,,a,,
2025-11-17T22:33:14Z,3560,Canadian Trade Commissioner Service,Service des délégués commerciaux du Canada,Canadian Trade Commissioner Service,Service des délégués commerciaux du Canada,,,,,,,,,a,,
2025-11-17T22:33:14Z,3559,Canadian Special Operations Forces Command,Commandement des Forces d'opérations spéciales du Canada,Canadian Special Operations Forces Command,Commandement des Forces d'opérations spéciales du Canada,,,,,,,,,a,,
2025-11-17T22:33:14Z,3558,Canadian Judicial Council,Conseil canadien de la magistrature,Canadian Judicial Council,Conseil canadien de la magistrature,,,,,,,,,a,,
2025-11-17T22:33:14Z,3557,Canadian Army,Armée canadienne,Canadian Army,Armée canadienne,,,National Defence,National Defence,Défense nationale,,,,a,,
2025-11-17T22:33:14Z,3556,Canada Research Chairs,Chaires de recherche du Canada,Canada Research Chairs,Chaires de recherche du Canada,,,,,,,,,a,,
2025-11-17T22:33:14Z,3555,Canada Firearms Centre,Centre des armes à feu Canada,Canada Firearms Centre,Centre des armes à feu Canada,,,,,,,,,a,,
2025-11-17T22:33:14Z,3554,Canada Aviation and Space Museum,Musée de l'aviation et de l'espace du Canada,Canada Aviation and Space Museum,Musée de l'aviation et de l'espace du Canada,,,,,,,,,a,,
2025-11-17T22:33:14Z,3577,Leader of the Government in the House of Commons,Leader du gouvernement à la Chambre des communes,Leader of the Government in the House of Commons,Leader du gouvernement à la Chambre des communes,,,,,,,,,a,,
2025-11-17T22:33:14Z,3579,National Security and Intelligence Review Agency,Office de surveillance des activités en matière de sécurité nationale et de renseignement,National Security and Intelligence Review Agency,Office de surveillance des activités en matière de sécurité nationale et de renseignement,,,,,,,,,a,,
2025-11-17T22:33:14Z,3498,Sport Dispute Resolution Centre of Canada,Centre de règlement des différends sportifs du Canada,Sport Dispute Resolution Centre of Canada,Centre de règlement des différends sportifs du Canada,,,,,,,,,a,,
2025-11-17T22:33:14Z,3580,National Seniors Council,Conseil national des aînés,National Seniors Council,Conseil national des aînés,,,,,,,,,a,,
2025-11-17T22:33:14Z,3605,Geological Survey of Canada,Commission géologique du Canada,Geological Survey of Canada,Commission géologique du Canada,,,,,,,,,a,,
2025-11-17T22:33:14Z,3603,Environmental Protection Tribunal of Canada,Tribunal de la protection de I'environnement du Canada,Environmental Protection Tribunal of Canada,Tribunal de la protection de I'environnement du Canada,,,,,,,,,a,,
2025-11-17T22:33:14Z,3602,Canadian Museum of Contemporary Photography,Musée canadien de la photographie contemporaine,Canadian Museum of Contemporary Photography,Musée canadien de la photographie contemporaine,,,,,,,,,a,,
2025-11-17T22:33:14Z,3601,Canada Centre for Inland Waters,Centre canadien des eaux intérieures,Canada Centre for Inland Waters,Centre canadien des eaux intérieures,,,,,,,,,a,,
2025-11-17T22:33:14Z,3600,"Appeal Board, Hazardous Materials Information Review Act","Commission d'appel, Loi sur le contrôle des renseignements relatifs aux matières dangereuses","Appeal Board, Hazardous Materials Information Review Act","Commission d'appel, Loi sur le contrôle des renseignements relatifs aux matières dangereuses",,,,,,,,,a,,
2025-11-17T22:33:14Z,3599,Aboriginal Business Canada,Entreprise autochtone Canada,Aboriginal Business Canada,Entreprise autochtone Canada,,,,,,,,,a,,
2025-11-17T22:33:14Z,3596,Virtual Museum of Canada,Musée virtuel du Canada,Virtual Museum of Canada,Musée virtuel du Canada,,,,,,,,,a,,
2025-11-17T22:33:14Z,3595,Office of the Veterans' Ombudsman,Bureau de l'ombud des vétérans,Office of the Veterans' Ombudsman,Bureau de l'ombud des vétérans,,,Veterans Affairs Canada,Veterans Affairs Canada,Anciens Combattants Canada,,,,a,,
2025-11-17T22:33:14Z,3594,Office of the Taxpayers' Ombudsperson,Bureau de l'ombudsman des contribuables,Office of the Taxpayers' Ombudsperson,Bureau de l'ombudsman des contribuables,,,Canada Revenue Agency,Canada Revenue Agency,Agence du revenu du Canada,,,,a,,
2025-11-17T22:33:14Z,3593,Tax Court of Canada,Cour canadienne de l'impôt,Tax Court of Canada,Cour canadienne de l'impôt,,,,,,,,,a,,
2025-11-17T22:33:14Z,3591,Service Canada,Service Canada,Service Canada,Service Canada,,,,,,,,,a,,
2025-11-17T22:33:14Z,3590,Royal Military College of Canada,Collège militaire royal du Canada,Royal Military College of Canada,Collège militaire royal du Canada,,,,,,,,,a,,
2025-11-17T22:33:14Z,3589,Royal Canadian Navy,Marine royale canadienne,Royal Canadian Navy,Marine royale canadienne,,,,,,,,,a,,
2025-11-17T22:33:14Z,3588,Royal Canadian Air Force,Aviation royale canadienne,Royal Canadian Air Force,Aviation royale canadienne,,,,,,,,,a,,
2025-11-17T22:33:14Z,3587,Public Servants Disclosure Protection Tribunal Canada,Tribunal de la protection des fonctionnaires divulgateurs Canada,Public Servants Disclosure Protection Tribunal Canada,Tribunal de la protection des fonctionnaires divulgateurs Canada,,,Privy Council Office,Privy Council Office,Bureau du Conseil privé,,,,a,,
2025-11-17T22:33:14Z,3586,Prime Minister of Canada,Premier ministre du Canada,Prime Minister of Canada,Premier ministre du Canada,,,Privy Council Office,Privy Council Office,Bureau du Conseil privé,,,,a,,
2025-11-17T22:33:14Z,3585,Office of the Procurement Ombudsman,Bureau de l'ombudsman de l'approvisionnement,Office of the Procurement Ombudsman,Bureau de l'ombudsman de l'approvisionnement,,,Public Services and Procurement Canada,Public Services and Procurement Canada,Services publics et Approvisionnement Canada,,,,a,,
2025-11-17T22:33:14Z,3584,Parliament of Canada,Parlement du Canada,Parliament of Canada,Parlement du Canada,,,,,,,,,a,,
2025-11-17T22:33:14Z,3583,Office of the Ombudsman for the Department of National Defence and the Canadian Armed Forces,Bureau de l'ombudsman de la Défense nationale et des Forces armées canadiennes,Office of the Ombudsman for the Department of National Defence and the Canadian Armed Forces,Bureau de l'ombudsman de la Défense nationale et des Forces armées canadiennes,,,,,,,,,a,,
2025-11-17T22:33:14Z,3582,Office of the Chief Military Judge,Le cabinet du juge militaire en chef,Office of the Chief Military Judge,Le cabinet du juge militaire en chef,,,,,,,,,a,,
2025-11-17T22:33:14Z,3581,Occupational Health and Safety Tribunal Canada,Tribunal de santé et sécurité au travail Canada,Occupational Health and Safety Tribunal Canada,Tribunal de santé et sécurité au travail Canada,,,,,,,,,a,,
2025-11-17T22:33:14Z,3553,Canada Agriculture and Food Museum,Musée de l'agriculture et de l'alimentation du Canada,Canada Agriculture and Food Museum,Musée de l'agriculture et de l'alimentation du Canada,,,,,,,,,a,,
2025-11-17T22:33:14Z,3552,Bank of Canada Museum,Musée de la Banque du Canada,Bank of Canada Museum,Musée de la Banque du Canada,,,,,,,,,a,,
2025-11-17T22:33:14Z,3549,Public Service Superannuation,Pension de retraite de la fonction publique,Public Service Superannuation,Pension de retraite de la fonction publique,,,,,,,,,a,,
2025-11-17T22:33:14Z,3548,Payroll System General Ledger,Grand livre général du système de la paye,Payroll System General Ledger,Grand livre général du système de la paye,,,,,,,,,a,,
2025-11-17T22:33:14Z,3521,Canadian International Grains Institute,Institut international du Canada pour le grain,Canadian International Grains Institute,Institut international du Canada pour le grain,,,,,,,,,d,,
2025-11-17T22:33:14Z,3520,Canadian Foundation for Climate and Atmospheric Sciences,Fondation canadienne pour les sciences du climat et de l'atmosphère,Canadian Foundation for Climate and Atmospheric Sciences,Fondation canadienne pour les sciences du climat et de l'atmosphère,,,,,,,,,d,,
2025-11-17T22:33:14Z,3519,Canada Commonwealth Legacy Fund,Fonds du legs des Jeux du Commonwealth,Canada Commonwealth Legacy Fund,Fonds du legs des Jeux du Commonwealth,,,,,,,,,d,,
2025-11-17T22:33:14Z,3518,Aboriginal Healing Foundation,Fondation autochtone de guérison,Aboriginal Healing Foundation,Fondation autochtone de guérison,,,,,,,,,d,,
2025-11-17T22:33:14Z,3517,Healthcare Excellence Canada (HEC),Excellence en santé Canada (ESC),Healthcare Excellence Canada (HEC),Excellence en santé Canada (ESC),,,,,,,,,a,,
2025-11-17T22:33:14Z,3516,Canadian Foundation for Healthcare Improvement (CFHI),Fondation canadienne pour l'amélioration des services de santé (FCASS),Canadian Foundation for Healthcare Improvement (CFHI),Fondation canadienne pour l'amélioration des services de santé (FCASS),,,,,,,,,d,,
2025-11-17T22:33:14Z,3515,Winnipeg Airports Authority Inc.,Winnipeg Airports Authority Inc.,Winnipeg Airports Authority Inc.,Winnipeg Airports Authority Inc.,,,,,,,,,a,,
2025-11-17T22:33:14Z,3514,Windsor Port Authority,Administration portuaire de Windsor,Windsor Port Authority,Administration portuaire de Windsor,,,,,,,,,a,,
2025-11-17T22:33:14Z,3513,Wildlife Habitat Canada,Habitat faunique Canada,Wildlife Habitat Canada,Habitat faunique Canada,,,,,,,,,a,,
2025-11-17T22:33:14Z,3512,Waterfront Toronto,Waterfront Toronto,Waterfront Toronto,Waterfront Toronto,,,,,,,,,a,,
2025-11-17T22:33:14Z,3511,Victoria Airport Authority,Autorité aéroportuaire de Victoria,Victoria Airport Authority,Autorité aéroportuaire de Victoria,,,,,,,,,a,,
2025-11-17T22:33:14Z,3510,Vancouver International Airport Authority,Administration de l'Aéroport de Vancouver,Vancouver International Airport Authority,Administration de l'Aéroport de Vancouver,,,,,,,,,a,,
2025-11-17T22:33:14Z,3509,Vancouver Fraser Port Authority,Administration portuaire de Vancouver Fraser,Vancouver Fraser Port Authority,Administration portuaire de Vancouver Fraser,,,,,,,,,a,,
2025-11-17T22:33:14Z,3508,TV5 Québec Canada,TV5 Québec Canada,TV5 Québec Canada,TV5 Québec Canada,,,,,,,,,a,,
2025-11-17T22:33:14Z,3507,Trois-Rivières Port Authority,Administration portuaire de Trois-Rivières,Trois-Rivières Port Authority,Administration portuaire de Trois-Rivières,,,,,,,,,a,,
2025-11-17T22:33:14Z,3506,Toronto Port Authority,Administration portuaire de Toronto,Toronto Port Authority,Administration portuaire de Toronto,,,,,,,,,a,,
2025-11-17T22:33:14Z,3504,Thunder Bay Port Authority,Administration portuaire de Thunder Bay,Thunder Bay Port Authority,Administration portuaire de Thunder Bay,,,,,,,,,a,,
2025-11-17T22:33:14Z,3503,Thunder Bay International Airports Authority Inc.,Thunder Bay International Airports Authority Inc.,Thunder Bay International Airports Authority Inc.,Thunder Bay International Airports Authority Inc.,,,,,,,,,a,,
2025-11-17T22:33:14Z,3502,Terry Fox Humanitarian Award Inc.,Prix humanitaire Terry Fox inc.,Terry Fox Humanitarian Award Inc.,Prix humanitaire Terry Fox inc.,,,,,,,,,a,,
2025-11-17T22:33:14Z,3501,St. Lawrence Seaway Management Corporation,Corporation de gestion de la Voie maritime du Saint-Laurent,St. Lawrence Seaway Management Corporation,Corporation de gestion de la Voie maritime du Saint-Laurent,,,,,,,,,a,,
2025-11-17T22:33:14Z,3500,St. John's Port Authority,Administration portuaire de St. John's,St. John's Port Authority,Administration portuaire de St. John's,,,,,,,,,a,,
2025-11-17T22:33:14Z,3522,"Canadian Wheat Board, The","Commission canadienne du blé, La","Canadian Wheat Board, The","Commission canadienne du blé, La",,,,,,,,,d,,
2025-11-17T22:33:14Z,3523,Centre national multisport-Montréal,Centre national multisport – Montréal,Centre national multisport-Montréal,Centre national multisport – Montréal,,,,,,,,,d,,
2025-11-17T22:33:14Z,3524,First Nations Financial Management Board,Conseil de gestion financière des premières nations,First Nations Financial Management Board,Conseil de gestion financière des premières nations,,,,,,,,,d,,
2025-11-17T22:33:14Z,3538,Canadian Pari-Mutuel Agency,Agence canadienne du pari mutuel,Canadian Pari-Mutuel Agency,Agence canadienne du pari mutuel,,,Agriculture and Agri-Food Canada,Agriculture and Agri-Food Canada,Agriculture et Agroalimentaire Canada,,,,a,,
2025-11-17T22:33:14Z,3547,Passport Canada,Passeport Canada,Passport Canada,Passeport Canada,,,,,,,,,t,,
2025-11-17T22:33:14Z,3546,Industrial Technologies Office,Office des technologies industrielles,Industrial Technologies Office,Office des technologies industrielles,,,"Innovation, Science and Economic Development Canada","Innovation, Science and Economic Development Canada","Innovation, Sciences et Développement économique Canada",,,,t,,
2025-11-17T22:33:14Z,3545,Consulting and Audit Canada Revolving Fund,Fonds renouvelable de Conseils et Vérification Canada,Consulting and Audit Canada Revolving Fund,Fonds renouvelable de Conseils et Vérification Canada,,,,,,,,,d,,
2025-11-17T22:33:14Z,3544,Translation Bureau,Bureau de la traduction,Translation Bureau,Bureau de la traduction,,,Public Services and Procurement Canada,Public Services and Procurement Canada,Services publics et Approvisionnement Canada,,,,a,,
2025-11-17T22:33:14Z,3543,Physical Resources Bureau,Direction générale des biens,Physical Resources Bureau,Direction générale des biens,,,,,,,,,a,,
2025-11-17T22:33:14Z,3542,Measurement Canada,Mesures Canada,Measurement Canada,Mesures Canada,,,"Innovation, Science and Economic Development Canada","Innovation, Science and Economic Development Canada","Innovation, Sciences et Développement économique Canada",,,,a,,
2025-11-17T22:33:14Z,3541,Indian Oil and Gas Canada,Pétrole et gaz des Indiens du Canada,Indian Oil and Gas Canada,Pétrole et gaz des Indiens du Canada,,,Crown-Indigenous Relations and Northern Affairs Canada,Crown-Indigenous Relations and Northern Affairs Canada,Relations Couronne-Autochtones et Affaires du Nord Canada,,,5,a,Pétrole et gaz des Indiens Canada,Indian Oil and Gas Canada
2025-11-17T22:33:14Z,3540,Defence Research and Development Canada,Recherche et développement pour la défense Canada,Defence Research and Development Canada,Recherche et développement pour la défense Canada,,,National Defence,National Defence,Défense nationale,,,,a,,
2025-11-17T22:33:14Z,3539,CORCAN,CORCAN,CORCAN,CORCAN,,,Public Safety Canada,Public Safety Canada,Sécurité publique Canada,,,,a,,
2025-11-17T22:33:14Z,3537,Canadian Intellectual Property Office,Office de la propriété intellectuelle du Canada,Canadian Intellectual Property Office,Office de la propriété intellectuelle du Canada,,,"Innovation, Science and Economic Development Canada","Innovation, Science and Economic Development Canada","Innovation, Sciences et Développement économique Canada",,,,a,,
2025-11-17T22:33:14Z,3525,First Nations Tax Commission,Commission de la fiscalité des premières nations,First Nations Tax Commission,Commission de la fiscalité des premières nations,,,,,,,,,d,,
2025-11-17T22:33:14Z,3536,Canadian Heritage Information Network,Réseau canadien d'information sur le patrimoine,Canadian Heritage Information Network,Réseau canadien d'information sur le patrimoine,,,Canadian Heritage,Canadian Heritage,Patrimoine canadien,,,,a,,
2025-11-17T22:33:14Z,3535,Canadian Forces Housing Agency,Agence de logement des Forces canadiennes,Canadian Forces Housing Agency,Agence de logement des Forces canadiennes,,,National Defence,National Defence,Défense nationale,,,,a,,
2025-11-17T22:33:14Z,3534,Canadian Conservation Institute,Institut canadien de conservation,Canadian Conservation Institute,Institut canadien de conservation,,,Canadian Heritage,Canadian Heritage,Patrimoine canadien,,,,a,,
2025-11-17T22:33:14Z,3533,Canadian Coast Guard,Garde côtière canadienne,Canadian Coast Guard,Garde côtière canadienne,,,Fisheries and Oceans Canada,Fisheries and Oceans Canada,Pêches et Océans Canada,,,,a,,
2025-11-17T22:33:14Z,3532,"Vanier Institute of the Family, The",L'Institut Vanier de la famille,"Vanier Institute of the Family, The",L'Institut Vanier de la famille,,,,,,,,,t,,
2025-11-17T22:33:14Z,3531,Last Post Fund,Fonds du Souvenir,Last Post Fund,Fonds du Souvenir,,,,,,,,,t,,
2025-11-17T22:33:14Z,3528,PrioNet Canada,PrioNet Canada,PrioNet Canada,PrioNet Canada,,,,,,,,,d,,
2025-11-17T22:33:14Z,3527,International Centre for Human Rights and Democratic Development,Centre international des droits de la personne et du développement démocratique,International Centre for Human Rights and Democratic Development,Centre international des droits de la personne et du développement démocratique,,,,,,,,,d,,
2025-11-17T22:33:14Z,3526,Health Council of Canada,Conseil canadien de la santé,Health Council of Canada,Conseil canadien de la santé,,,,,,,,,d,,
2025-11-17T22:33:14Z,3606,Geomatics Canada,Géomatique Canada,Geomatics Canada,Géomatique Canada,,,,,,,,,a,,
2025-11-17T22:33:14Z,3607,Indian Residential Schools Resolution Canada,Résolution des questions des pensionnats indiens Canada,Indian Residential Schools Resolution Canada,Résolution des questions des pensionnats indiens Canada,,,,,,,,,a,,
2025-11-17T22:33:14Z,3608,National Advisory Council on Aging,Conseil consultatif national sur le troisième âge,National Advisory Council on Aging,Conseil consultatif national sur le troisième âge,,,,,,,,,a,,
2025-11-17T22:33:14Z,3660,Ridley Terminals Inc.,Ridley Terminals Inc.,Ridley Terminals Inc.,Ridley Terminals Inc.,,,Transport Canada,Transport Canada,Transports Canada,,,,t,,
2025-11-17T22:33:14Z,3684,Canadian International Development Agency,Agence canadienne de développement international,Canadian International Development Agency,Agence canadienne de développement international,,,,,,,,,t,,
2025-11-17T22:33:14Z,3683,Canadian Human Rights Tribunal,Tribunal canadien des droits de la personne,Canadian Human Rights Tribunal,Tribunal canadien des droits de la personne,,,Department of Justice Canada,Department of Justice Canada,Ministère de la Justice Canada,,,,t,,
2025-11-17T22:33:14Z,3682,Canadian Cultural Property Export Review Board,Commission canadienne d'examen des exportations de biens culturels,Canadian Cultural Property Export Review Board,Commission canadienne d'examen des exportations de biens culturels,,,Canadian Heritage,Canadian Heritage,Patrimoine canadien,,,,t,,
2025-11-17T22:33:14Z,3681,Canadian Artists and Producers Professional Relations Tribunal,Tribunal canadien des relations professionnelles artistes-producteurs,Canadian Artists and Producers Professional Relations Tribunal,Tribunal canadien des relations professionnelles artistes-producteurs,,,,,,,,,t,,
2025-11-17T22:33:14Z,3680,Canada Industrial Relations Board,Conseil canadien des relations industrielles,Canada Industrial Relations Board,Conseil canadien des relations industrielles,,,Employment and Social Development Canada,Employment and Social Development Canada,Emploi et Développement social Canada,,,,t,,
2025-11-17T22:33:14Z,3679,Canada Agricultural Review Tribunal,Commission de révision agricole du Canada,Canada Agricultural Review Tribunal,Commission de révision agricole du Canada,,,Agriculture and Agri-Food Canada,Agriculture and Agri-Food Canada,Agriculture et Agroalimentaire Canada,,,,t,,
2025-11-17T22:33:14Z,3676,Public Appointments Commission Secretariat,Secrétariat de la Commission des nominations publiques,Public Appointments Commission Secretariat,Secrétariat de la Commission des nominations publiques,,,,,,,,,d,,
2025-11-17T22:33:14Z,3675,National Round Table on the Environment and the Economy,Table ronde nationale sur l'environnement et l'économie,National Round Table on the Environment and the Economy,Table ronde nationale sur l'environnement et l'économie,,,,,,,,,d,,
2025-11-17T22:33:14Z,3674,Merchant Seamen Compensation Board,Commission d'indemnisation des marins marchands,Merchant Seamen Compensation Board,Commission d'indemnisation des marins marchands,,,,,,,,,d,,
2025-11-17T22:33:14Z,3673,Inuvialuit Arbitration Board,Commission d'arbitrage des Inuvialuit,Inuvialuit Arbitration Board,Commission d'arbitrage des Inuvialuit,,,,,,,,,d,,
2025-11-17T22:33:14Z,3672,Indian Residential Schools Truth and Reconciliation Commission,Commission de vérité et de réconciliation relative aux pensionnats indiens,Indian Residential Schools Truth and Reconciliation Commission,Commission de vérité et de réconciliation relative aux pensionnats indiens,,,,,,,,,d,,
2025-11-17T22:33:14Z,3671,Hazardous Materials Information Review Commission,Conseil de contrôle des renseignements relatifs aux matières dangereuses,Hazardous Materials Information Review Commission,Conseil de contrôle des renseignements relatifs aux matières dangereuses,,,,,,,,,d,,
2025-11-17T22:33:14Z,3670,Grain Appeal Tribunal,Tribunal d'appel pour les grains,Grain Appeal Tribunal,Tribunal d'appel pour les grains,,,,,,,,,d,,
2025-11-17T22:33:14Z,3669,First Nations Statistical Institute,Institut de la statistique des Premières nations,First Nations Statistical Institute,Institut de la statistique des Premières nations,,,,,,,,,d,,
2025-11-17T22:33:14Z,3668,Enterprise Cape Breton Corporation,Société d'expansion du Cap Breton,Enterprise Cape Breton Corporation,Société d'expansion du Cap Breton,,,,,,,,,d,,
2025-11-17T22:33:14Z,3667,Corporation for the Mitigation of Mackenzie Gas Project Impacts,Société d'atténuation des répercussions du projet gazier Mackenzie,Corporation for the Mitigation of Mackenzie Gas Project Impacts,Société d'atténuation des répercussions du projet gazier Mackenzie,,,,,,,,,d,,
2025-11-17T22:33:14Z,3666,Canada Employment Insurance Financing Board,Office de financement de l'assurance-emploi du Canada,Canada Employment Insurance Financing Board,Office de financement de l'assurance-emploi du Canada,,,,,,,,,d,,
2025-11-17T22:33:14Z,3665,Blue Water Bridge Authority,Administration du pont Blue Water,Blue Water Bridge Authority,Administration du pont Blue Water,,,,,,,,,d,,
2025-11-17T22:33:14Z,3664,Assisted Human Reproduction Agency of Canada,Agence canadienne de contrôle de la procréation assistée,Assisted Human Reproduction Agency of Canada,Agence canadienne de contrôle de la procréation assistée,,,,,,,,,d,,
2025-11-17T22:33:14Z,3663,Public Sector Pension Investment Board,Office d'investissement des régimes de pensions du secteur public,Public Sector Pension Investment Board,Office d'investissement des régimes de pensions du secteur public,,,Treasury Board of Canada Secretariat,Treasury Board of Canada Secretariat,Secrétariat du Conseil du Trésor du Canada,,,,a,,
2025-11-17T22:33:14Z,3662,VIA Rail Canada Inc.,VIA Rail Canada inc.,VIA Rail Canada Inc.,VIA Rail Canada inc.,,,Transport Canada,Transport Canada,Transports Canada,,,3,a,VIA Rail Canada Inc.,VIA Rail Canada Inc.
2025-11-17T22:33:14Z,3685,Canadian International Trade Tribunal,Tribunal canadien du commerce extérieur,Canadian International Trade Tribunal,Tribunal canadien du commerce extérieur,,,,,,,,,t,,
2025-11-17T22:33:14Z,3686,Employment Insurance Boards of Referees,Conseils arbitraux de l'assurance-emploi,Employment Insurance Boards of Referees,Conseils arbitraux de l'assurance-emploi,,,,,,,,,t,,
2025-11-17T22:33:14Z,3687,Office of the Commissioner of Review Tribunals,Bureau du Commissaire des tribunaux de révision,Office of the Commissioner of Review Tribunals,Bureau du Commissaire des tribunaux de révision,,,,,,,,,t,,
2025-11-17T22:33:14Z,3700,The Halifax 2011 Canada Games Host Society,Société d'accueil des Jeux de 2011 de Halifax,The Halifax 2011 Canada Games Host Society,Société d'accueil des Jeux de 2011 de Halifax,,,,,,,,,d,,
2025-11-17T22:33:14Z,2222,Agriculture and Agri-Food Canada,Agriculture et Agroalimentaire Canada,Department of Agriculture and Agri-Food,Ministère de l'Agriculture et de l'Agroalimentaire,Agriculture and Agri-Food Canada,Agriculture et Agroalimentaire Canada,Agriculture and Agri-Food Canada,Agriculture and Agri-Food Canada,Agriculture et Agroalimentaire Canada,AAFC,AAC,1,a,Ministère de l'Agriculture et de l'Agroalimentaire,Department of Agriculture and Agri-Food
2025-11-17T22:33:14Z,,,,Office of the Information Commissioner,,,,,,,,,4,a,Commissariat à l'information au Canada,Office of the Information Commissioner
2025-11-17T22:33:14Z,3707,VIA HFR - VIA TGF Inc.,VIA HFR - VIA TGF Inc.,VIA HFR - VIA TGF Inc.,VIA HFR - VIA TGF Inc.,,,,,,,,,a,,
2025-11-17T22:33:14Z,3706,Miscarriage of Justice Review Commission,Commission d'examen des erreurs du système judiciaire,Miscarriage of Justice Review Commission,Commission d'examen des erreurs du système judiciaire,,,,,,,,1.1,a,Commission d'examen des erreurs du système judiciaire,Miscarriage of Justice Review Commission
2025-11-17T22:33:14Z,3705,Federal Public Sector Labour Relations and Employment Board,Commission des relations de travail et de l'emploi dans le secteur public fédéral,Federal Public Sector Labour Relations and Employment Board,Commission des relations de travail et de l'emploi dans le secteur public fédéral,,,,,,,,,a,,
2025-11-17T22:33:14Z,3704,Treasury Board,Conseil du Trésor,Treasury Board,Conseil du Trésor,,,,,,TB,CT,1,a,Conseil du Trésor,Treasury Board
2025-11-17T22:33:14Z,3703,Canada Water Agency,Agence de l'eau du Canada,Canada Water Agency,Agence canadienne de l'eau,Canada Water Agency,Agence de l'eau du Canada,,,,CWA,AEC,1.1,a,Agence canadienne de l'eau,Canada Water Agency
2025-11-17T22:33:14Z,3702,2010 Games Operating Trust Society,Société du legs des Jeux de 2010,2010 Games Operating Trust Society,Société du legs des Jeux de 2010,,,,,,,,,a,,
2025-11-17T22:33:14Z,3701,Prince George 2015 Canada Winter Games Host Society,Société hôtesse des Jeux d'hiver du Canada Prince George 2015,Prince George 2015 Canada Winter Games Host Society,Société hôtesse des Jeux d'hiver du Canada Prince George 2015,,,,,,,,,a,,
2025-11-17T22:33:14Z,3698,Vancouver Organizing Committee for the 2010 Olympic and Paralympic Winter Games,Comité d'organisation des Jeux olympiques et paralympiques d'hiver de 2010 à Vancouver,Vancouver Organizing Committee for the 2010 Olympic and Paralympic Winter Games,Comité d'organisation des Jeux olympiques et paralympiques d'hiver de 2010 à Vancouver,,,,,,,,,d,,
2025-11-17T22:33:14Z,3688,Office of the Umpire,Bureau du juge-arbitre,Office of the Umpire,Bureau du juge-arbitre,,,,,,,,,t,,
2025-11-17T22:33:14Z,3697,Transportation Appeal Tribunal of Canada,Tribunal d'appel des transports du Canada,Transportation Appeal Tribunal of Canada,Tribunal d'appel des transports du Canada,,,Transport Canada,Transport Canada,Transports Canada,,,,t,,
2025-11-17T22:33:14Z,3696,Registry of the Specific Claims Tribunal,Greffe du Tribunal des revendications particulières,Registry of the Specific Claims Tribunal,Greffe du Tribunal des revendications particulières,,,,,,,,,t,,
2025-11-17T22:33:14Z,3695,Registry of the Public Servants Disclosure Protection Tribunal,Greffe du Tribunal de la protection des fonctionnaires divulgateurs d'actes répréhensibles,Registry of the Public Servants Disclosure Protection Tribunal,Greffe du Tribunal de la protection des fonctionnaires divulgateurs d'actes répréhensibles,,,,,,,,,t,,
2025-11-17T22:33:14Z,3694,Registry of the Competition Tribunal,Greffe du Tribunal de la concurrence,Registry of the Competition Tribunal,Greffe du Tribunal de la concurrence,,,,,,,,,t,,
2025-11-17T22:33:14Z,3693,Public Service Staffing Tribunal,Tribunal de la dotation de la fonction publique,Public Service Staffing Tribunal,Tribunal de la dotation de la fonction publique,,,,,,,,,t,,
2025-11-17T22:33:14Z,3692,Public Service Labour Relations Board,Commission des relations de travail dans la fonction publique,Public Service Labour Relations Board,Commission des relations de travail dans la fonction publique,,,,,,,,,t,,
2025-11-17T22:33:14Z,3691,Pension Appeals Board,Commission d'appel des pensions,Pension Appeals Board,Commission d'appel des pensions,,,,,,,,,t,,
2025-11-17T22:33:14Z,3690,Parc Downsview Park Inc.,Parc Downsview Park Inc,Parc Downsview Park Inc.,Parc Downsview Park Inc,,,,,,,,,a,,
2025-11-17T22:33:14Z,3689,Old Port of Montreal Corporation Inc.,Société du Vieux-Port de Montréal Inc.,Old Port of Montreal Corporation Inc.,Société du Vieux-Port de Montréal Inc.,,,,,,,,,t,,
2025-11-17T22:33:14Z,3661,The Federal Bridge Corporation Limited,La Société des ponts fédéraux Limitée,The Federal Bridge Corporation Limited,La Société des ponts fédéraux Limitée,,,Transport Canada,Transport Canada,Transports Canada,,,3,a,La Société des ponts fédéraux Limitée,The Federal Bridge Corporation Limited
2025-11-17T22:33:14Z,3659,Pacific Pilotage Authority,Administration de pilotage du Pacifique,Pacific Pilotage Authority,Administration de pilotage du Pacifique,,,Transport Canada,Transport Canada,Transports Canada,,,3,a,Administration de pilotage du Pacifique,Pacific Pilotage Authority
2025-11-17T22:33:14Z,3609,National Advisory Council on Poverty,Conseil national du Bien-être,National Advisory Council on Poverty,Conseil national du Bien-être,,,,,,,,,a,,
2025-11-17T22:33:14Z,3658,Marine Atlantic Inc.,Marine Atlantique S.C.C.,Marine Atlantic Inc.,Marine Atlantique S.C.C.,,,Transport Canada,Transport Canada,Transports Canada,,,3,a,Marine Atlantique S.C.C.,Marine Atlantic Inc.
2025-11-17T22:33:14Z,3633,Bank of Canada,Banque du Canada,Bank of Canada,Banque du Canada,,,Department of Finance Canada,Department of Finance Canada,Ministère des Finances Canada,,,,a,,
2025-11-17T22:33:14Z,3632,Social Security Tribunal,Tribunal de la sécurité sociale,Social Security Tribunal,Tribunal de la sécurité sociale,,,Employment and Social Development Canada,Employment and Social Development Canada,Emploi et Développement social Canada,,,,t,,
2025-11-17T22:33:14Z,3631,Canada Mortgage and Housing Corporation,Société canadienne d'hypothèques et de logement,Canada Mortgage and Housing Corporation,Société canadienne d'hypothèques et de logement,,,"Housing, Infrastructure and Communities Canada","Housing, Infrastructure and Communities Canada","Logement, Infrastructures et Collectivités Canada",,,3,a,Société canadienne d'hypothèques et de logement,Canada Mortgage and Housing Corporation
2025-11-17T22:33:14Z,3630,Toronto Organizing Committee for the 2015 Pan American and Parapan American Games,Comité d'organisation des Jeux panaméricains et parapanaméricains de Toronto 2015,Toronto Organizing Committee for the 2015 Pan American and Parapan American Games,Comité d'organisation des Jeux panaméricains et parapanaméricains de Toronto 2015,,,,,,,,,a,,
2025-11-17T22:33:14Z,3629,Telefilm Canada,Téléfilm Canada,Telefilm Canada,Téléfilm Canada,,,Canadian Heritage,Canadian Heritage,Patrimoine canadien,,,,a,,
2025-11-17T22:33:14Z,3627,National Museum of Science and Technology,Musée national des sciences et de la technologie,National Museum of Science and Technology,Musée national des sciences et de la technologie,,,Canadian Heritage,Canadian Heritage,Patrimoine canadien,,,3,a,Musée national des sciences et de la technologie,National Museum of Science and Technology
2025-11-17T22:33:14Z,3626,National Gallery of Canada,Musée des beaux-arts du Canada,National Gallery of Canada,Musée des beaux-arts du Canada,,,Canadian Heritage,Canadian Heritage,Patrimoine canadien,,,3,a,Musée des beaux-arts du Canada,National Gallery of Canada
2025-11-17T22:33:14Z,3625,National Arts Centre Corporation,Société du Centre national des Arts,National Arts Centre Corporation,Société du Centre national des Arts,,,Canadian Heritage,Canadian Heritage,Patrimoine canadien,,,,a,,
2025-11-17T22:33:14Z,3624,Canadian Race Relations Foundation,Fondation canadienne des relations raciales,Canadian Race Relations Foundation,Fondation canadienne des relations raciales,,,Canadian Heritage,Canadian Heritage,Patrimoine canadien,,,,a,,
2025-11-17T22:33:14Z,3623,Canadian Museum of Nature,Musée canadien de la nature,Canadian Museum of Nature,Musée canadien de la nature,,,Canadian Heritage,Canadian Heritage,Patrimoine canadien,,,3,a,Musée canadien de la nature,Canadian Museum of Nature
2025-11-17T22:33:14Z,3622,Canadian Museum of Immigration at Pier 21,Musée canadien de l'immigration du Quai 21,Canadian Museum of Immigration at Pier 21,Musée canadien de l'immigration du Quai 21,,,Canadian Heritage,Canadian Heritage,Patrimoine canadien,,,3,a,Musée canadien de l'immigration du Quai 21,Canadian Museum of Immigration at Pier 21
2025-11-17T22:33:14Z,3621,Canadian Museum of History,Musée canadien de l'histoire,Canadian Museum of History,Musée canadien de l'histoire,,,Canadian Heritage,Canadian Heritage,Patrimoine canadien,,,3,a,Musée canadien de l'histoire,Canadian Museum of History
2025-11-17T22:33:14Z,3620,Canadian Museum for Human Rights,Musée canadien des droits de la personne,Canadian Museum for Human Rights,Musée canadien des droits de la personne,,,Canadian Heritage,Canadian Heritage,Patrimoine canadien,,,3,a,Musée canadien des droits de la personne,Canadian Museum for Human Rights
2025-11-17T22:33:14Z,3619,Canadian Broadcasting Corporation,Société Radio-Canada,Canadian Broadcasting Corporation,Société Radio-Canada,,,Canadian Heritage,Canadian Heritage,Patrimoine canadien,,,,a,,
2025-11-17T22:33:14Z,3618,Canada Council for the Arts,Conseil des Arts du Canada,Canada Council for the Arts,Conseil des Arts du Canada,,,Canadian Heritage,Canadian Heritage,Patrimoine canadien,,,,a,,
2025-11-17T22:33:14Z,3616,Farm Credit Canada,Financement agricole Canada,Farm Credit Canada,Financement agricole Canada,,,Agriculture and Agri-Food Canada,Agriculture and Agri-Food Canada,Agriculture et Agroalimentaire Canada,,,3,a,Financement agricole Canada,Farm Credit Canada
2025-11-17T22:33:14Z,3615,Canadian Dairy Commission,Commission canadienne du lait,Canadian Dairy Commission,Commission canadienne du lait,,,Agriculture and Agri-Food Canada,Agriculture and Agri-Food Canada,Agriculture et Agroalimentaire Canada,,,4,a,Commission canadienne du lait,Canadian Dairy Commission
2025-11-17T22:33:14Z,3614,Statute Revision Commission Canada,Commission de révision des lois Canada,Statute Revision Commission Canada,Commission de révision des lois Canada,,,,,,,,,a,,
2025-11-17T22:33:14Z,3613,Ship-source Oil Pollution Fund,Caisse d'indemnisation des dommages dus à la pollution par les hydrocarbures causée par les navires,Ship-source Oil Pollution Fund,Caisse d'indemnisation des dommages dus à la pollution par les hydrocarbures causée par les navires,,,,,,,,,a,,
2025-11-17T22:33:14Z,3612,Policy Horizons Canada,Horizons de politiques Canada,Policy Horizons Canada,Horizons de politiques Canada,,,,,,,,,a,,
2025-11-17T22:33:14Z,3611,Office of the Chief Science Advisor of Canada,Bureau du conseiller scientifique en chef du Canada,Office of the Chief Science Advisor of Canada,Bureau du conseiller scientifique en chef du Canada,,,,,,,,,a,,
2025-11-17T22:33:14Z,3634,Canada Deposit Insurance Corporation,Société d'assurance-dépôts du Canada,Canada Deposit Insurance Corporation,Société d'assurance-dépôts du Canada,,,Department of Finance Canada,Department of Finance Canada,Ministère des Finances Canada,,,3,a,Société d'assurance-dépôts du Canada,Canada Deposit Insurance Corporation
2025-11-17T22:33:14Z,3635,Canada Development Investment Corporation,La Corporation de développement des investissements du Canada,Canada Development Investment Corporation,La Corporation de développement des investissements du Canada,,,Department of Finance Canada,Department of Finance Canada,Ministère des Finances Canada,,,3,a,Corporation d'investissements au développement du Canada,Canada Development Investment Corporation
2025-11-17T22:33:14Z,3636,Canada Pension Plan Investment Board,Office d'investissement du régime de pensions du Canada,Canada Pension Plan Investment Board,Office d'investissement du régime de pensions du Canada,,,Department of Finance Canada,Department of Finance Canada,Ministère des Finances Canada,,,,a,,
2025-11-17T22:33:14Z,3648,Standards Council of Canada,Conseil canadien des normes,Standards Council of Canada,Conseil canadien des normes,,,"Innovation, Science and Economic Development Canada","Innovation, Science and Economic Development Canada","Innovation, Sciences et Développement économique Canada",,,3,a,Conseil canadien des normes,Standards Council of Canada
2025-11-17T22:33:14Z,3657,Laurentian Pilotage Authority,Administration de pilotage des Laurentides,Laurentian Pilotage Authority,Administration de pilotage des Laurentides,,,Transport Canada,Transport Canada,Transports Canada,,,3,a,Administration de pilotage des Laurentides,Laurentian Pilotage Authority
2025-11-17T22:33:14Z,3656,Great Lakes Pilotage Authority,Administration de pilotage des Grands Lacs,Great Lakes Pilotage Authority,Administration de pilotage des Grands Lacs,,,Transport Canada,Transport Canada,Transports Canada,,,3,a,Administration de pilotage des Grands Lacs,Great Lakes Pilotage Authority
2025-11-17T22:33:14Z,3655,Canadian Air Transport Security Authority,Administration canadienne de la sûreté du transport aérien,Canadian Air Transport Security Authority,Administration canadienne de la sûreté du transport aérien,,,Transport Canada,Transport Canada,Transports Canada,,,3,a,Administration canadienne de la sûreté du transport aérien,Canadian Air Transport Security Authority
2025-11-17T22:33:14Z,3654,Atlantic Pilotage Authority,Administration de pilotage de l'Atlantique,Atlantic Pilotage Authority,Administration de pilotage de l'Atlantique,,,Transport Canada,Transport Canada,Transports Canada,,,3,a,Administration de pilotage de l'Atlantique,Atlantic Pilotage Authority
2025-11-17T22:33:14Z,3653,National Capital Commission,Commission de la capitale nationale,National Capital Commission,Commission de la capitale nationale,,,Public Services and Procurement Canada,Public Services and Procurement Canada,Services publics et Approvisionnement Canada,,,3,a,Commission de la capitale nationale,National Capital Commission
2025-11-17T22:33:14Z,3652,Defence Construction (1951) Limited,Construction de Défense (1951) Limitée,Defence Construction (1951) Limited,Construction de Défense (1951) Limitée,,,Public Services and Procurement Canada,Public Services and Procurement Canada,Services publics et Approvisionnement Canada,,,3,a,Construction de défense (1951) Limitée,Defence Construction (1951) Limited
2025-11-17T22:33:14Z,3651,Canada Post Corporation,Société canadienne des postes,Canada Post Corporation,Société canadienne des postes,,,Public Services and Procurement Canada,Public Services and Procurement Canada,Services publics et Approvisionnement Canada,,,3,a,Société canadienne des postes,Canada Post Corporation
2025-11-17T22:33:14Z,3650,Canada Lands Company Limited,Société immobilière du Canada limitée,Canada Lands Company Limited,Société immobilière du Canada limitée,,,Public Services and Procurement Canada,Public Services and Procurement Canada,Services publics et Approvisionnement Canada,,,3,a,Société immobilière du Canada Limitée,Canada Lands Company Limited
2025-11-17T22:33:14Z,3649,Atomic Energy of Canada Limited,Énergie atomique du Canada limitée,Atomic Energy of Canada Limited,Énergie atomique du Canada limitée,,,Natural Resources Canada,Natural Resources Canada,Ressources naturelles Canada,,,3,a,"Énergie atomique du Canada, Limitée",Atomic Energy of Canada Limited
2025-11-17T22:33:14Z,3647,Canadian Tourism Commission,Commission canadienne du tourisme,Canadian Tourism Commission,Commission canadienne du tourisme,,,"Innovation, Science and Economic Development Canada","Innovation, Science and Economic Development Canada","Innovation, Sciences et Développement économique Canada",,,3,a,Commission canadienne du tourisme,Canadian Tourism Commission
2025-11-17T22:33:14Z,3637,Royal Canadian Mint,Monnaie royale canadienne,Royal Canadian Mint,Monnaie royale canadienne,,,Department of Finance Canada,Department of Finance Canada,Ministère des Finances Canada,,,3,a,Monnaie royale canadienne,Royal Canadian Mint
2025-11-17T22:33:14Z,3646,Business Development Bank of Canada,Banque de développement du Canada,Business Development Bank of Canada,Banque de développement du Canada,,,"Innovation, Science and Economic Development Canada","Innovation, Science and Economic Development Canada","Innovation, Sciences et Développement économique Canada",,,3,a,Banque de développement du Canada,Business Development Bank of Canada
2025-11-17T22:33:14Z,3645,PPP Canada Inc.,PPP Canada Inc.,PPP Canada Inc.,PPP Canada Inc.,,,,,,,,,d,,
2025-11-17T22:33:14Z,3644,Windsor-Detroit Bridge Authority,Autorité du pont Windsor-Détroit,Windsor-Detroit Bridge Authority,Autorité du pont Windsor-Détroit,,,"Housing, Infrastructure and Communities Canada","Housing, Infrastructure and Communities Canada","Logement, Infrastructures et Collectivités Canada",,,3,a,Autorité du pont Windsor-Détroit,Windsor-Detroit Bridge Authority
2025-11-17T22:33:14Z,3643,The Jacques-Cartier and Champlain Bridges Inc.,Les Ponts Jacques-Cartier et Champlain Inc.,The Jacques-Cartier and Champlain Bridges Inc.,Les Ponts Jacques-Cartier et Champlain Inc.,,,"Housing, Infrastructure and Communities Canada","Housing, Infrastructure and Communities Canada","Logement, Infrastructures et Collectivités Canada",,,3,a,Les Ponts Jacques-Cartier et Champlain Inc.,The Jacques-Cartier and Champlain Bridges Inc.
2025-11-17T22:33:14Z,3642,Canada Infrastructure Bank,Banque de l'infrastructure du Canada,Canada Infrastructure Bank,Banque de l'infrastructure du Canada,,,"Housing, Infrastructure and Communities Canada","Housing, Infrastructure and Communities Canada","Logement, Infrastructures et Collectivités Canada",,,3,a,Banque de l'infrastructure du Canada,Canada Infrastructure Bank
2025-11-17T22:33:14Z,3641,International Development Research Centre,Centre de recherches pour le développement international,International Development Research Centre,Centre de recherches pour le développement international,,,Global Affairs Canada,Global Affairs Canada,Affaires mondiales Canada,,,,a,,
2025-11-17T22:33:14Z,3640,Export Development Canada,Exportation et développement Canada,Export Development Canada,Exportation et développement Canada,,,Global Affairs Canada,Global Affairs Canada,Affaires mondiales Canada,,,3,a,Exportation et développement Canada,Export Development Canada
2025-11-17T22:33:14Z,3639,Canadian Commercial Corporation,Corporation commerciale canadienne,Canadian Commercial Corporation,Corporation commerciale canadienne,,,Global Affairs Canada,Global Affairs Canada,Affaires mondiales Canada,,,3,a,Corporation commerciale canadienne,Canadian Commercial Corporation
2025-11-17T22:33:14Z,3638,Freshwater Fish Marketing Corporation,Office de commercialisation du poisson d'eau douce,Freshwater Fish Marketing Corporation,Office de commercialisation du poisson d'eau douce,,,Fisheries and Oceans Canada,Fisheries and Oceans Canada,Pêches et Océans Canada,,,3,a,Office de commercialisation du poisson d'eau douce,Freshwater Fish Marketing Corporation
2025-11-17T22:33:14Z,3499,St. John's International Airport Authority,St. John's International Airport Authority,St. John's International Airport Authority,St. John's International Airport Authority,,,,,,,,,a,,
2025-11-17T22:33:14Z,3604,Geographical Names Board of Canada,La Commission de toponymie du Canada,Geographical Names Board of Canada,La Commission de toponymie du Canada,,,,,,,,,a,,
2025-11-17T22:33:14Z,3497,Sept-Îles Port Authority,Administration portuaire de Sept-Îles,Sept-Îles Port Authority,Administration portuaire de Sept-Îles,,,,,,,,,a,,
2025-11-17T22:33:14Z,2294,Veterans Review and Appeal Board,Tribunal des anciens combattants (révision et appel),Veterans Review and Appeal Board,Tribunal des anciens combattants (révision et appel),,,Veterans Affairs Canada,Veterans Affairs Canada,Anciens Combattants Canada,VRAB,TACRA,1.1,a,Tribunal des anciens combattants (révision et appel),Veterans Review and Appeal Board
2025-11-17T22:33:14Z,2292,Shared Services Canada,Services partagés Canada,Shared Services Canada,Services partagés Canada,Shared Services Canada,Services partagés Canada,Public Services and Procurement Canada,Public Services and Procurement Canada,Services publics et Approvisionnement Canada,SSC,SPC,1.1,a,Services partagés Canada,Shared Services Canada
2025-11-17T22:33:14Z,2291,National Security and Intelligence Review Agency Secretariat,Secrétariat de l'Office de surveillance des activités en matière de sécurité nationale et de renseignement,National Security and Intelligence Review Agency Secretariat,Secrétariat de l'Office de surveillance des activités en matière de sécurité nationale et de renseignement,,,Privy Council Office,Privy Council Office,Bureau du Conseil privé,,,1.1,a,Secrétariat de l'Office de surveillance des activités en matière de sécurité nationale et de renseignement,National Security and Intelligence Review Agency Secretariat
2025-11-17T22:33:14Z,2290,Civilian Review and Complaints Commission for the RCMP,Commission civile d'examen et de traitement des plaintes relatives à la GRC,Civilian Review and Complaints Commission for the Royal Canadian Mounted Police,Commission civile d'examen et de traitement des plaintes relatives à la Gendarmerie royale du Canada,Civilian Review and Complaints Commission for the RCMP,Commission civile d'examen et de traitement des plaintes relatives à la GRC,Public Safety Canada,Public Safety Canada,Sécurité publique Canada,CRCC,CCETP,1.1,a,Commission civile d'examen et de traitement des plaintes relatives à la Gendarmerie royale du Canada,Civilian Review and Complaints Commission for the Royal Canadian Mounted Police
2025-11-17T22:33:14Z,2289,RCMP External Review Committee,Comité externe d'examen de la GRC,Royal Canadian Mounted Police External Review Committee,Comité externe d'examen de la Gendarmerie royale du Canada,RCMP External Review Committee,Comité externe d'examen de la GRC,Public Safety Canada,Public Safety Canada,Sécurité publique Canada,ERC,CEE,1.1,a,Comité externe d'examen de la Gendarmerie royale du Canada,Royal Canadian Mounted Police External Review Committee
2025-11-17T22:33:14Z,2288,Royal Canadian Mounted Police,Gendarmerie royale du Canada,Royal Canadian Mounted Police,Gendarmerie royale du Canada,,,Public Safety Canada,Public Safety Canada,Sécurité publique Canada,RCMP,GRC,1.1,a,Gendarmerie royale du Canada,Royal Canadian Mounted Police
2025-11-17T22:33:14Z,2287,Registrar of the Supreme Court of Canada,Registraire de la Cour suprême du Canada,Registrar of the Supreme Court of Canada,Registraire de la Cour suprême du Canada,,,Department of Justice Canada,Department of Justice Canada,Ministère de la Justice Canada,SCC,CSC,1.1,a,Registraire de la Cour suprême du Canada et le secteur de l'administration publique fédérale nommé en vertu du paragraphe 12(2) de la Loi sur la Cour suprême,Registrar of the Supreme Court of Canada
2025-11-17T22:33:14Z,2286,Public Service Commission of Canada,Commission de la fonction publique du Canada,Public Service Commission,Commission de la fonction publique,Public Service Commission of Canada,Commission de la fonction publique du Canada,Privy Council Office,Privy Council Office,Bureau du Conseil privé,PSC,CFP,1.1,a,Commission de la fonction publique,Public Service Commission
2025-11-17T22:33:14Z,2285,Public Health Agency of Canada,Agence de la santé publique du Canada,Public Health Agency of Canada,Agence de la santé publique du Canada,Public Health Agency of Canada,Agence de la santé publique du Canada,Health Canada,Health Canada,Santé Canada,PHAC,ASPC,1.1,a,Agence de la santé publique du Canada,Public Health Agency of Canada
2025-11-17T22:33:14Z,2284,Privy Council Office,Bureau du Conseil privé,Privy Council Office,Bureau du Conseil privé,Privy Council Office,Bureau du Conseil privé,Privy Council Office,Privy Council Office,Bureau du Conseil privé,PCO,BCP,1.1,a,Bureau du Conseil privé,Privy Council Office
2025-11-17T22:33:14Z,2283,Patented Medicine Prices Review Board Canada,Conseil d'examen du prix des médicaments brevetés Canada,Patented Medicine Prices Review Board,Conseil d'examen du prix des médicaments brevetés,Patented Medicine Prices Review Board Canada,Conseil d'examen du prix des médicaments brevetés Canada,Health Canada,Health Canada,Santé Canada,PMPRB,CEPMB,1.1,a,Conseil d'examen du prix des médicaments brevetés,Patented Medicine Prices Review Board
2025-11-17T22:33:14Z,2282,Office of the Privacy Commissioner of Canada,Commissariat à la protection de la vie privée du Canada,Office of the Privacy Commissioner of Canada,Commissariat à la protection de la vie privée du Canada,,,Department of Justice Canada,Department of Justice Canada,Ministère de la Justice Canada,,,4,a,Commissariat à la protection de la vie privée du Canada,Office of the Privacy Commissioner of Canada
2025-11-17T22:33:14Z,2281,Office of the Information Commissioner of Canada,Commissariat à l'information au Canada,Office of the Information Commissioner of Canada,Commissariat à l'information au Canada,,,Department of Justice Canada,Department of Justice Canada,Ministère de la Justice Canada,,,,a,,
2025-11-17T22:33:14Z,2280,Office of the Superintendent of Financial Institutions Canada,Bureau du surintendant des institutions financières Canada,Office of the Superintendent of Financial Institutions,Bureau du surintendant des institutions financières,Office of the Superintendent of Financial Institutions Canada,Bureau du surintendant des institutions financières Canada,Department of Finance Canada,Department of Finance Canada,Ministère des Finances Canada,OSFI,BSIF,1.1,a,Bureau du surintendant des institutions financières,Office of the Superintendent of Financial Institutions
2025-11-17T22:33:14Z,2279,Office of the Public Sector Integrity Commissioner of Canada,Commissariat à l'intégrité du secteur public du Canada,Office of the Public Sector Integrity Commissioner,Commissariat à l'intégrité du secteur public,Office of the Public Sector Integrity Commissioner of Canada,Commissariat à l'intégrité du secteur public du Canada,Treasury Board of Canada Secretariat,Treasury Board of Canada Secretariat,Secrétariat du Conseil du Trésor du Canada,PSIC,ISPC,1.1,a,Commissariat à l'intégrité du secteur public,Office of the Public Sector Integrity Commissioner
2025-11-17T22:33:14Z,2278,Office of the Secretary to the Governor General,Bureau du secrétaire du gouverneur général,Office of the Governor General's Secretary,Bureau du secrétaire du gouverneur général,Office of the Secretary to the Governor General,Bureau du secrétaire du gouverneur général,Privy Council Office,Privy Council Office,Bureau du Conseil privé,OSGG,BSGG,1.1,a,Bureau du secrétaire du gouverneur général,Office of the Governor General's Secretary
2025-11-17T22:33:14Z,2277,Public Prosecution Service of Canada,Service des poursuites pénales du Canada,Office of the Director of Public Prosecutions,Bureau du directeur des poursuites pénales,Public Prosecution Service of Canada,Service des poursuites pénales du Canada,Department of Justice Canada,Department of Justice Canada,Ministère de la Justice Canada,PPSC,SPPC,1.1,a,Bureau du directeur des poursuites pénales,Office of the Director of Public Prosecutions
2025-11-17T22:33:14Z,2276,The Correctional Investigator Canada,L'Enquêteur correctionnel Canada,Office of the Correctional Investigator of Canada,Bureau de l'enquêteur correctionnel du Canada,The Correctional Investigator Canada,L'Enquêteur correctionnel Canada,Public Safety Canada,Public Safety Canada,Sécurité publique Canada,OCI,BEC,1.1,a,Bureau de l'enquêteur correctionnel du Canada,Office of the Correctional Investigator of Canada
2025-11-17T22:33:14Z,2275,Office of the Intelligence Commissioner,Bureau du commissaire au renseignement,Office of the Intelligence Commissioner,Bureau du commissaire au renseignement,,,Privy Council Office,Privy Council Office,Bureau du Conseil privé,,,1.1,a,Bureau du commissaire au renseignement,Office of the Intelligence Commissioner
2025-11-17T22:33:14Z,2274,Office of the Commissioner of Official Languages,Commissariat aux langues officielles,Office of the Commissioner of Official Languages,Commissariat aux langues officielles,,,Privy Council Office,Privy Council Office,Bureau du Conseil privé,OCOL,CLO,1.1,a,Commissariat aux langues officielles,Office of the Commissioner of Official Languages
2025-11-17T22:33:14Z,2272,Office of the Commissioner for Federal Judicial Affairs Canada,Commissariat à la magistrature fédérale Canada,Office of the Commissioner for Federal Judicial Affairs,Commissariat à la magistrature fédérale,Office of the Commissioner for Federal Judicial Affairs Canada,Commissariat à la magistrature fédérale Canada,Department of Justice Canada,Department of Justice Canada,Ministère de la Justice Canada,FJA,CMF,1.1,a,Bureau du commissaire à la magistrature fédérale,Office of the Commissioner for Federal Judicial Affairs
2025-11-17T22:33:14Z,2271,Elections Canada,Élections Canada,Office of the Chief Electoral Officer,Bureau du directeur général des élections,,,,,,elections,elections,1.1,a,Bureau du directeur général des élections,Office of the Chief Electoral Officer
2025-11-17T22:33:14Z,2293,Statistics Canada,Statistique Canada,Statistics Canada,Statistique Canada,Statistics Canada,Statistique Canada,"Innovation, Science and Economic Development Canada","Innovation, Science and Economic Development Canada","Innovation, Sciences et Développement économique Canada",StatCan,StatCan,1.1,a,Statistique Canada,Statistics Canada
2025-11-17T22:33:14Z,2295,Secretariat of the National Security and Intelligence Committee of Parliamentarians,Secrétariat du Comité des parlementaires sur la sécurité nationale et le renseignement,Secretariat of the National Security and Intelligence Committee of Parliamentarians,Secrétariat du Comité des parlementaires sur la sécurité nationale et le renseignement,Secretariat of the National Security and Intelligence Committee of Parliamentarians,Secrétariat du Comité des parlementaires sur la sécurité nationale et le renseignement,Privy Council Office,Privy Council Office,Bureau du Conseil privé,SNSICP,SCPSNR,1.1,a,Secrétariat du Comité des parlementaires sur la sécurité nationale et le renseignement,Secretariat of the National Security and Intelligence Committee of Parliamentarians
2025-11-17T22:33:14Z,2319,Accessibility Standards Canada,Normes d'accessibilité Canada,Canadian Accessibility Standards Development Organization,Organisation canadienne d'élaboration de normes d'accessibilité,Accessibility Standards Canada,Normes d'accessibilité Canada,,,,ASC,NAC,2,a,Organisation canadienne d'élaboration de normes d'accessibilité,Canadian Accessibility Standards Development Organization
2025-11-17T22:33:14Z,2296,Leaders' Debates Commission,Commission des débats des chefs,Leaders' Debates Commission,Commission des débats des chefs,,,Privy Council Office,Privy Council Office,Bureau du Conseil privé,,,1.1,a,Commission des débats des chefs,Leaders' Debates Commission
2025-11-17T22:33:14Z,2317,Invest in Canada Hub,Investir au Canada,Invest in Canada Hub,Investir au Canada,,,Global Affairs Canada,Global Affairs Canada,Affaires mondiales Canada,,,2,a,Investir au Canada,Invest in Canada Hub
2025-11-17T22:33:14Z,2316,Social Sciences and Humanities Research Council of Canada,Conseil de recherches en sciences humaines du Canada,Social Sciences and Humanities Research Council,Conseil de recherches en sciences humaines,Social Sciences and Humanities Research Council of Canada,Conseil de recherches en sciences humaines du Canada,"Innovation, Science and Economic Development Canada","Innovation, Science and Economic Development Canada","Innovation, Sciences et Développement économique Canada",SSHRC,CRSH,2,a,Conseil de recherches en sciences humaines,Social Sciences and Humanities Research Council
2025-11-17T22:33:14Z,2315,Parks Canada,Parcs Canada,Parks Canada Agency,Agence Parcs Canada,Parks Canada,Parcs Canada,Environment and Climate Change Canada,Environment and Climate Change Canada,Environnement et Changement climatique Canada,PC,PC,2,a,Agence Parcs Canada,Parks Canada Agency
2025-11-17T22:33:14Z,2314,Natural Sciences and Engineering Research Council of Canada,Conseil de recherches en sciences naturelles et en génie du Canada,Natural Sciences and Engineering Research Council,Conseil de recherches en sciences naturelles et en génie,Natural Sciences and Engineering Research Council of Canada,Conseil de recherches en sciences naturelles et en génie du Canada,"Innovation, Science and Economic Development Canada","Innovation, Science and Economic Development Canada","Innovation, Sciences et Développement économique Canada",NSERC,CRSNG,2,a,Conseil de recherches en sciences naturelles et en génie,Natural Sciences and Engineering Research Council
2025-11-17T22:33:14Z,2313,National Research Council Canada,Conseil national de recherches Canada,National Research Council of Canada,Conseil national de recherches du Canada,National Research Council Canada,Conseil national de recherches Canada,"Innovation, Science and Economic Development Canada","Innovation, Science and Economic Development Canada","Innovation, Sciences et Développement économique Canada",NRC,CNRC,2,a,Conseil national de recherches du Canada,National Research Council of Canada
2025-11-17T22:33:14Z,2312,Canada Energy Regulator,Régie de l'énergie du Canada,Canadian Energy Regulator,Régie canadienne de l'énergie,Canada Energy Regulator,Régie de l'énergie du Canada,Natural Resources Canada,Natural Resources Canada,Ressources naturelles Canada,CER,REC,2,a,Régie canadienne de l'énergie,Canadian Energy Regulator
2025-11-17T22:33:14Z,2311,The National Battlefields Commission,Commission des champs de bataille nationaux,The National Battlefields Commission,Commission des champs de bataille nationaux,The National Battlefields Commission,Commission des champs de bataille nationaux,Canadian Heritage,Canadian Heritage,Patrimoine canadien,NBC,CCBN,2,a,Commission des champs de bataille nationaux,The National Battlefields Commission
2025-11-17T22:33:14Z,2310,Law Commission of Canada,Commission du droit du Canada,Law Commission of Canada,Commission du droit du Canada,Law Commission of Canada,Commission du droit du Canada,Department of Justice Canada,Department of Justice Canada,Ministère de la Justice Canada,,,2,a,Commission du droit du Canada,Law Commission of Canada
2025-11-17T22:33:14Z,2309,Transportation Safety Board of Canada,Bureau de la sécurité des transports du Canada,Canadian Transportation Accident Investigation and Safety Board,Bureau canadien d'enquête sur les accidents de transport et de la sécurité des transports,Transportation Safety Board of Canada,Bureau de la sécurité des transports du Canada,Privy Council Office,Privy Council Office,Bureau du Conseil privé,TSB,BST,2,a,Bureau canadien d'enquête sur les accidents de transport et de la sécurité des transports,Canadian Transportation Accident Investigation and Safety Board
2025-11-17T22:33:14Z,2308,Canadian Nuclear Safety Commission,Commission canadienne de sûreté nucléaire,Canadian Nuclear Safety Commission,Commission canadienne de sûreté nucléaire,Canadian Nuclear Safety Commission,Commission canadienne de sûreté nucléaire,Natural Resources Canada,Natural Resources Canada,Ressources naturelles Canada,CNSC,CCSN,2,a,Commission canadienne de sûreté nucléaire,Canadian Nuclear Safety Commission
2025-11-17T22:33:14Z,2307,Canadian Institutes of Health Research,Instituts de recherche en santé du Canada,Canadian Institutes of Health Research,Instituts de recherche en santé du Canada,,,Health Canada,Health Canada,Santé Canada,CIHR,IRSC,2,a,Instituts de recherche en santé du Canada,Canadian Institutes of Health Research
2025-11-17T22:33:14Z,2306,Canadian Food Inspection Agency,Agence canadienne d'inspection des aliments,Canadian Food Inspection Agency,Agence canadienne d'inspection des aliments,Canadian Food Inspection Agency,Agence canadienne d'inspection des aliments,Health Canada,Health Canada,Santé Canada,CFIA,ACIA,2,a,Agence canadienne d'inspection des aliments,Canadian Food Inspection Agency
2025-11-17T22:33:14Z,2305,Canadian Centre for Occupational Health and Safety,Centre canadien d'hygiène et de sécurité au travail,Canadian Centre for Occupational Health and Safety,Centre canadien d'hygiène et de sécurité au travail,,,Employment and Social Development Canada,Employment and Social Development Canada,Emploi et Développement social Canada,CCOHS,CCHST,2,a,Centre canadien d'hygiène et de sécurité au travail,Canadian Centre for Occupational Health and Safety
2025-11-17T22:33:14Z,2304,Canada School of Public Service,École de la fonction publique du Canada,Canada School of Public Service,École de la fonction publique du Canada,Canada School of Public Service,École de la fonction publique du Canada,Treasury Board of Canada Secretariat,Treasury Board of Canada Secretariat,Secrétariat du Conseil du Trésor du Canada,CSPS,EFPC,2,a,École de la fonction publique du Canada,Canada School of Public Service
2025-11-17T22:33:14Z,2303,Canada Revenue Agency,Agence du revenu du Canada,Canada Revenue Agency,Agence du revenu du Canada,,,Canada Revenue Agency,Canada Revenue Agency,Agence du revenu du Canada,CRA,ARC,2,a,Agence du revenu du Canada,Canada Revenue Agency
2025-11-17T22:33:14Z,2302,Canada Employment Insurance Commission,Commission de l'assurance-emploi du Canada,Canada Employment Insurance Commission,Commission de l'assurance-emploi du Canada,Canada Employment Insurance Commission,Commission de l'assurance-emploi du Canada,Employment and Social Development Canada,Employment and Social Development Canada,Emploi et Développement social Canada,CEIC,CAEC,2,a,Commission de l'assurance-emploi du Canada,Canada Employment Insurance Commission
2025-11-17T22:33:14Z,2301,Canada Emission Reduction Incentives Agency,Agence canadienne pour l'incitation à la réduction des émissions,Canada Emission Reduction Incentives Agency,Agence canadienne pour l'incitation à la réduction des émissions,,,Environment and Climate Change Canada,Environment and Climate Change Canada,Environnement et Changement climatique Canada,,,2,a,Agence canadienne pour l'incitation à la réduction des émissions,Canada Emission Reduction Incentives Agency
2025-11-17T22:33:14Z,2300,Canada Border Services Agency,Agence des services frontaliers du Canada,Canada Border Services Agency,Agence des services frontaliers du Canada,Canada Border Services Agency,Agence des services frontaliers du Canada,Public Safety Canada,Public Safety Canada,Sécurité publique Canada,CBSA,ASFC,2,a,Agence des services frontaliers du Canada,Canada Border Services Agency
2025-11-17T22:33:14Z,2299,Federal Economic Development Agency for Northern Ontario,Agence fédérale de développement économique pour le Nord de l'Ontario,Federal Economic Development Agency for Northern Ontario,Agence fédérale de développement économique pour le Nord de l'Ontario,Federal Economic Development Agency for Northern Ontario,Agence fédérale de développement économique pour le Nord de l'Ontario,Minister of Jobs and Families and Minister responsible for the Federal Economic Development Agency for Northern Ontario,,Ministre de l'Emploi et des Familles et ministre responsable de l'Agence fédérale de développement économique pour le Nord de l'Ontario,FedNor,FedNor,1.1,a,Agence fédérale de développement économique pour le Nord de l'Ontario,Federal Economic Development Agency for Northern Ontario
2025-11-17T22:33:14Z,2298,Pacific Economic Development Canada,Développement économique Canada pour le Pacifique,Pacific Economic Development Agency of Canada,Agence de développement économique du Pacifique Canada,Pacific Economic Development Canada,Développement économique Canada pour le Pacifique,Minister of Housing and Infrastructure and Minister responsible for Pacific Economic Development Canada,,Ministre du Logement et de l'Infrastructure et ministre responsable de Développement économique Canada pour le Pacifique,PacifiCan,PacifiCan,1.1,a,Agence de développement économique du Pacifique Canada,Pacific Economic Development Agency of Canada
2025-11-17T22:33:14Z,2297,Administrative Tribunals Support Service of Canada,Service canadien d'appui aux tribunaux administratifs,Administrative Tribunals Support Service of Canada,Service canadien d'appui aux tribunaux administratifs,Administrative Tribunals Support Service of Canada,Service canadien d'appui aux tribunaux administratifs,Department of Justice Canada,Department of Justice Canada,Ministère de la Justice Canada,ATSSC,SCDATA,1.1,a,Service canadien d'appui aux tribunaux administratifs,Administrative Tribunals Support Service of Canada
2025-11-17T22:33:14Z,2270,Office of the Auditor General of Canada,Bureau du vérificateur général du Canada,Office of the Auditor General,Bureau du vérificateur général,Office of the Auditor General of Canada,Bureau du vérificateur général du Canada,Department of Finance Canada,Department of Finance Canada,Ministère des Finances Canada,OAG,BVG,1.1,a,Bureau du vérificateur général,Office of the Auditor General
2025-11-17T22:33:14Z,2269,"Housing, Infrastructure and Communities Canada","Logement, Infrastructures et Collectivités Canada","Department of Housing, Infrastructure and Communities","Ministère du Logement, de l'Infrastructure et des Collectivités","Housing, Infrastructure and Communities Canada","Logement, Infrastructures et Collectivités Canada","Housing, Infrastructure and Communities Canada","Housing, Infrastructure and Communities Canada","Logement, Infrastructures et Collectivités Canada",HICC,LICC,1,a,"Ministère du Logement, de l'Infrastructure et des Collectivités","Department of Housing, Infrastructure and Communities"
2025-11-17T22:33:14Z,2268,Northern Pipeline Agency Canada,Administration du pipe-line du Nord Canada,Northern Pipeline Agency,Administration du pipe-line du Nord,Northern Pipeline Agency Canada,Administration du pipe-line du Nord Canada,Natural Resources Canada,Natural Resources Canada,Ressources naturelles Canada,NPA,APN,1.1,a,Administration du pipe-line du Nord,Northern Pipeline Agency
2025-11-17T22:33:14Z,2267,Parole Board of Canada,Commission des libérations conditionnelles du Canada,Parole Board of Canada,Commission des libérations conditionnelles du Canada,Parole Board of Canada,Commission des libérations conditionnelles du Canada,Public Safety Canada,Public Safety Canada,Sécurité publique Canada,PBC,CLCC,1.1,a,Commission des libérations conditionnelles du Canada,Parole Board of Canada
2025-11-17T22:33:14Z,2242,Treasury Board of Canada Secretariat,Secrétariat du Conseil du Trésor du Canada,Treasury Board Secretariat,Secrétariat du Conseil du Trésor,Treasury Board of Canada Secretariat,Secrétariat du Conseil du Trésor du Canada,Treasury Board of Canada Secretariat,Treasury Board of Canada Secretariat,Secrétariat du Conseil du Trésor du Canada,TBS,SCT,,a,,
2025-11-17T22:33:14Z,2241,Women and Gender Equality Canada,Femmes et Égalité des genres Canada,Department for Women and Gender Equality,Ministère des Femmes et de l'Égalité des genres,Women and Gender Equality Canada,Femmes et Égalité des genres Canada,Women and Gender Equality Canada,Women and Gender Equality Canada,Femmes et Égalité des genres Canada,WAGE,FEGC,1,a,Ministère des Femmes et de l'Égalité des genres,Department for Women and Gender Equality
2025-11-17T22:33:14Z,2240,Prairies Economic Development Canada,Développement économique Canada pour les Prairies,Department of Western Economic Diversification,Ministère de la Diversification de l'économie de l'Ouest canadien,Prairies Economic Development Canada,Développement économique Canada pour les Prairies,Minister of Emergency Management and Community Resilience and Minister responsible for Prairies Economic Development Canada,,Ministre de la Gestion des urgences et de la Résilience des communautés et ministre responsable de Développement économique Canada pour les Prairies,PrairiesCan,PrairiesCan,1,a,Ministère de la Diversification de l'économie de l'Ouest canadien,Department of Western Economic Diversification
2025-11-17T22:33:14Z,2239,Veterans Affairs Canada,Anciens Combattants Canada,Department of Veterans Affairs,Ministère des Anciens Combattants,Veterans Affairs Canada,Anciens Combattants Canada,Veterans Affairs Canada,Veterans Affairs Canada,Anciens Combattants Canada,VAC,ACC,1,a,Ministère des Anciens Combattants,Department of Veterans Affairs
2025-11-17T22:33:14Z,2238,Transport Canada,Transports Canada,Department of Transport,Ministère des Transports,Transport Canada,Transports Canada,Transport Canada,Transport Canada,Transports Canada,TC,TC,1,a,Ministère des Transports,Department of Transport
2025-11-17T22:33:14Z,2237,Environment and Climate Change Canada,Environnement et Changement climatique Canada,Department of the Environment,Ministère de l'Environnement,Environment and Climate Change Canada,Environnement et Changement climatique Canada,Environment and Climate Change Canada,Environment and Climate Change Canada,Environnement et Changement climatique Canada,ECCC,ECCC,1,a,Ministère de l'Environnement,Department of the Environment
2025-11-17T22:33:14Z,2236,Public Services and Procurement Canada,Services publics et Approvisionnement Canada,Department of Public Works and Government Services,Ministère des Travaux publics et des Services gouvernementaux,Public Services and Procurement Canada,Services publics et Approvisionnement Canada,Public Services and Procurement Canada,Public Services and Procurement Canada,Services publics et Approvisionnement Canada,PSPC,SPAC,1,a,Ministère des Travaux publics et des Services gouvernementaux,Department of Public Works and Government Services
2025-11-17T22:33:14Z,2235,Public Safety Canada,Sécurité publique Canada,Department of Public Safety and Emergency Preparedness,Ministère de la Sécurité publique et de la Protection civile,Public Safety Canada,Sécurité publique Canada,Public Safety Canada,Public Safety Canada,Sécurité publique Canada,PS,SP,1,a,Ministère de la Sécurité publique et de la Protection civile,Department of Public Safety and Emergency Preparedness
2025-11-17T22:33:14Z,2234,Natural Resources Canada,Ressources naturelles Canada,Department of Natural Resources,Ministère des Ressources naturelles,Natural Resources Canada,Ressources naturelles Canada,Natural Resources Canada,Natural Resources Canada,Ressources naturelles Canada,NRCan,RNCan,1,a,Ministère des Ressources naturelles,Department of Natural Resources
2025-11-17T22:33:14Z,2233,National Defence,Défense nationale,Department of National Defence,Ministère de la Défense nationale,National Defence,Défense nationale,National Defence,National Defence,Défense nationale,DND,MDN,1,a,Ministère de la Défense nationale,Department of National Defence
2025-11-17T22:33:14Z,2232,Department of Justice Canada,Ministère de la Justice Canada,Department of Justice,Ministère de la Justice,Department of Justice Canada,Ministère de la Justice Canada,Department of Justice Canada,Department of Justice Canada,Ministère de la Justice Canada,JUS,JUS,1,a,Ministère de la Justice,Department of Justice
2025-11-17T22:33:14Z,2231,"Innovation, Science and Economic Development Canada","Innovation, Sciences et Développement économique Canada",Department of Industry,Ministère de l'Industrie,"Innovation, Science and Economic Development Canada","Innovation, Sciences et Développement économique Canada","Innovation, Science and Economic Development Canada","Innovation, Science and Economic Development Canada","Innovation, Sciences et Développement économique Canada",ISED,ISDE,1,a,Ministère de l'Industrie,Department of Industry
2025-11-17T22:33:14Z,2230,Crown-Indigenous Relations and Northern Affairs Canada,Relations Couronne-Autochtones et Affaires du Nord Canada,Department of Crown-Indigenous Relations and Northern Affairs,Ministère des Relations Couronne-Autochtones et des Affaires du Nord,Crown-Indigenous Relations and Northern Affairs Canada,Relations Couronne-Autochtones et Affaires du Nord Canada,Crown-Indigenous Relations and Northern Affairs Canada,Crown-Indigenous Relations and Northern Affairs Canada,Relations Couronne-Autochtones et Affaires du Nord Canada,CIRNAC,RCAANC,1,a,Ministère des Relations Couronne-Autochtones et des Affaires du Nord,Department of Crown-Indigenous Relations and Northern Affairs
2025-11-17T22:33:14Z,2229,Employment and Social Development Canada,Emploi et Développement social Canada,Department of Employment and Social Development,Ministère de l'Emploi et du Développement social,Employment and Social Development Canada,Emploi et Développement social Canada,Employment and Social Development Canada,Employment and Social Development Canada,Emploi et Développement social Canada,ESDC,EDSC,1,a,Ministère de l'Emploi et du Développement social,Department of Employment and Social Development
2025-11-17T22:33:14Z,2228,Health Canada,Santé Canada,Department of Health,Ministère de la Santé,Health Canada,Santé Canada,Health Canada,Health Canada,Santé Canada,HC,SC,1,a,Ministère de la Santé,Department of Health
2025-11-17T22:33:14Z,2227,Global Affairs Canada,Affaires mondiales Canada,"Department of Foreign Affairs, Trade and Development","Ministère des Affaires étrangères, du Commerce et du Développement",Global Affairs Canada,Affaires mondiales Canada,Global Affairs Canada,Global Affairs Canada,Affaires mondiales Canada,GAC,AMC,1,a,"Ministère des Affaires étrangères, du Commerce et du Développement","Department of Foreign Affairs, Trade and Development"
2025-11-17T22:33:14Z,2226,Fisheries and Oceans Canada,Pêches et Océans Canada,Department of Fisheries and Oceans,Ministère des Pêches et des Océans,Fisheries and Oceans Canada,Pêches et Océans Canada,Fisheries and Oceans Canada,Fisheries and Oceans Canada,Pêches et Océans Canada,DFO,MPO,1,a,Ministère des Pêches et des Océans,Department of Fisheries and Oceans
2025-11-17T22:33:14Z,2225,Department of Finance Canada,Ministère des Finances Canada,Department of Finance,Ministère des Finances,Department of Finance Canada,Ministère des Finances Canada,Department of Finance Canada,Department of Finance Canada,Ministère des Finances Canada,FIN,FIN,1,a,Ministère des Finances,Department of Finance
2025-11-17T22:33:14Z,2224,"Immigration, Refugees and Citizenship Canada","Immigration, Réfugiés et Citoyenneté Canada",Department of Citizenship and Immigration,Ministère de la Citoyenneté et de l'Immigration,"Immigration, Refugees and Citizenship Canada","Immigration, Réfugiés et Citoyenneté Canada","Immigration, Refugees and Citizenship Canada","Immigration, Refugees and Citizenship Canada","Immigration, Réfugiés et Citoyenneté Canada",IRCC,IRCC,1,a,Ministère de la Citoyenneté et de l'Immigration,Department of Citizenship and Immigration
2025-11-17T22:33:14Z,3496,Saskatoon Airport Authority,Saskatoon Airport Authority,Saskatoon Airport Authority,Saskatoon Airport Authority,,,,,,,,,a,,
2025-11-17T22:33:14Z,2223,Canadian Heritage,Patrimoine canadien,Department of Canadian Heritage,Ministère du Patrimoine canadien,Canadian Heritage,Patrimoine canadien,Canadian Heritage,Canadian Heritage,Patrimoine canadien,PCH,PCH,1,a,Ministère du Patrimoine canadien,Department of Canadian Heritage
2025-11-17T22:33:14Z,2243,Indigenous Services Canada,Services aux Autochtones Canada,Department of Indigenous Services,Ministère des Services aux Autochtones,Indigenous Services Canada,Services aux Autochtones Canada,Indigenous Services Canada,Indigenous Services Canada,Services aux Autochtones Canada,ISC,SAC,1,a,Ministère des Services aux Autochtones,Department of Indigenous Services
2025-11-17T22:33:14Z,2244,Atlantic Canada Opportunities Agency,Agence de promotion économique du Canada atlantique,Atlantic Canada Opportunities Agency,Agence de promotion économique du Canada atlantique,,,Minister of Justice and Attorney General of Canada and Minister responsible for the Atlantic Canada Opportunities Agency,,Ministre de la Justice et procureur général du Canada et ministre responsable de l'Agence de promotion économique du Canada atlantique,ACOA,APECA,1.1,a,Agence de promotion économique du Canada atlantique,Atlantic Canada Opportunities Agency
2025-11-17T22:33:14Z,2245,Impact Assessment Agency of Canada,Agence d'évaluation d'impact du Canada,Impact Assessment Agency of Canada,Agence canadienne d'évaluation d'impact,Impact Assessment Agency of Canada,Agence d'évaluation d'impact du Canada,Environment and Climate Change Canada,Environment and Climate Change Canada,Environnement et Changement climatique Canada,IAAC,AEIC,1.1,a,Agence canadienne d'évaluation d'impact,Impact Assessment Agency of Canada
2025-11-17T22:33:14Z,2257,Canada Economic Development for Quebec Regions,Développement économique Canada pour les régions du Québec,Economic Development Agency of Canada for the Regions of Quebec,Agence de développement économique du Canada pour les régions du Québec,Canada Economic Development for Quebec Regions,Développement économique Canada pour les régions du Québec,Minister of Industry and Minister responsible for Canada Economic Development for Quebec Regions,,Ministre de l'Industrie et ministre responsable de Développement économique Canada pour les régions du Québec,CED,DEC,1.1,a,Agence de développement économique du Canada pour les régions du Québec,Economic Development Agency of Canada for the Regions of Quebec
2025-11-17T22:33:14Z,2266,National Film Board,Office national du film,National Film Board,Office national du film,,,Canadian Heritage,Canadian Heritage,Patrimoine canadien,NFB,ONF,1.1,a,Office national du film,National Film Board
2025-11-17T22:33:14Z,2265,Farm Products Council of Canada,Conseil des produits agricoles du Canada,National Farm Products Council,Conseil national des produits agricoles,Farm Products Council of Canada,Conseil des produits agricoles du Canada,Agriculture and Agri-Food Canada,Agriculture and Agri-Food Canada,Agriculture et Agroalimentaire Canada,FPCC,CPAC,1.1,a,Conseil national des produits agricoles,National Farm Products Council
2025-11-17T22:33:14Z,2264,Military Police Complaints Commission of Canada,Commission d'examen des plaintes concernant la police militaire du Canada,Military Police Complaints Commission,Commission d'examen des plaintes concernant la police militaire,Military Police Complaints Commission of Canada,Commission d'examen des plaintes concernant la police militaire du Canada,National Defence,National Defence,Défense nationale,MPCC,CPPM,1.1,a,Commission d'examen des plaintes concernant la police militaire,Military Police Complaints Commission
2025-11-17T22:33:14Z,2263,Military Grievances External Review Committee,Comité externe d'examen des griefs militaires,Military Grievances External Review Committee,Comité externe d'examen des griefs militaires,Military Grievances External Review Committee,Comité externe d'examen des griefs militaires,National Defence,National Defence,Défense nationale,MGERC,CEEGM,1.1,a,Comité externe d'examen des griefs militaires,Military Grievances External Review Committee
2025-11-17T22:33:14Z,2262,Library and Archives Canada,Bibliothèque et Archives Canada,Library and Archives of Canada,Bibliothèque et Archives du Canada,Library and Archives Canada,Bibliothèque et Archives Canada,Canadian Heritage,Canadian Heritage,Patrimoine canadien,LAC,BAC,1.1,a,Bibliothèque et Archives du Canada,Library and Archives of Canada
2025-11-17T22:33:14Z,2261,Immigration and Refugee Board of Canada,Commission de l'immigration et du statut de réfugié du Canada,Immigration and Refugee Board,Commission de l'immigration et du statut de réfugié,Immigration and Refugee Board of Canada,Commission de l'immigration et du statut de réfugié du Canada,"Immigration, Refugees and Citizenship Canada","Immigration, Refugees and Citizenship Canada","Immigration, Réfugiés et Citoyenneté Canada",IRB,CISR,1.1,a,Commission de l'immigration et du statut de réfugié,Immigration and Refugee Board
2025-11-17T22:33:14Z,2260,Financial Transactions and Reports Analysis Centre of Canada,Centre d'analyse des opérations et déclarations financières du Canada,Financial Transactions and Reports Analysis Centre of Canada,Centre d'analyse des opérations et déclarations financières du Canada,Financial Transactions and Reports Analysis Centre of Canada,Centre d'analyse des opérations et déclarations financières du Canada,Department of Finance Canada,Department of Finance Canada,Ministère des Finances Canada,FINTRAC,CANAFE,1.1,a,Centre d'analyse des opérations et déclarations financières du Canada,Financial Transactions and Reports Analysis Centre of Canada
2025-11-17T22:33:14Z,2259,Financial Consumer Agency of Canada,Agence de la consommation en matière financière du Canada,Financial Consumer Agency of Canada,Agence de la consommation en matière financière du Canada,Financial Consumer Agency of Canada,Agence de la consommation en matière financière du Canada,Department of Finance Canada,Department of Finance Canada,Ministère des Finances Canada,FCAC,ACFC,1.1,a,Agence de la consommation en matière financière du Canada,Financial Consumer Agency of Canada
2025-11-17T22:33:14Z,2258,Federal Economic Development Agency for Southern Ontario,Agence fédérale de développement économique pour le Sud de l'Ontario,Federal Economic Development Agency for Southern Ontario,Agence fédérale de développement économique pour le Sud de l'Ontario,Federal Economic Development Agency for Southern Ontario,Agence fédérale de développement économique pour le Sud de l'Ontario,Minister of Artificial Intelligence and Digital Innovation and Minister responsible for the Federal Economic Development Agency for Southern Ontario,,Ministre de l'Intelligence artificielle et de l'Innovation numérique et ministre responsable de l'Agence fédérale de développement économique pour le Sud de l'Ontario,FedDev Ontario,FedDev Ontario,1.1,a,Agence fédérale de développement économique pour le Sud de l'Ontario,Federal Economic Development Agency for Southern Ontario
2025-11-17T22:33:14Z,2256,Courts Administration Service,Service administratif des tribunaux judiciaires,Courts Administration Service,Service administratif des tribunaux judiciaires,Courts Administration Service,Service administratif des tribunaux judiciaires,Department of Justice Canada,Department of Justice Canada,Ministère de la Justice Canada,CAS,SATJ,1.1,a,Service administratif des tribunaux judiciaires,Courts Administration Service
2025-11-17T22:33:14Z,2246,Canadian Grain Commission,Commission canadienne des grains,Canadian Grain Commission,Commission canadienne des grains,,,Agriculture and Agri-Food Canada,Agriculture and Agri-Food Canada,Agriculture et Agroalimentaire Canada,CGC,CCG,1.1,a,Commission canadienne des grains,Canadian Grain Commission
2025-11-17T22:33:14Z,2255,Correctional Service Canada,Service correctionnel Canada,Correctional Service of Canada,Service correctionnel du Canada,Correctional Service Canada,Service correctionnel Canada,Public Safety Canada,Public Safety Canada,Sécurité publique Canada,CSC,SCC,1.1,a,Service correctionnel du Canada,Correctional Service of Canada
2025-11-17T22:33:14Z,2254,Copyright Board Canada,Commission du droit d'auteur Canada,Copyright Board,Commission du droit d'auteur,Copyright Board Canada,Commission du droit d'auteur Canada,"Innovation, Science and Economic Development Canada","Innovation, Science and Economic Development Canada","Innovation, Sciences et Développement économique Canada",CB,CDA,1.1,a,Commission du droit d'auteur,Copyright Board
2025-11-17T22:33:14Z,2253,Communications Security Establishment Canada,Centre de la sécurité des télécommunications Canada,Communications Security Establishment,Centre de la sécurité des télécommunications,Communications Security Establishment Canada,Centre de la sécurité des télécommunications Canada,National Defence,National Defence,Défense nationale,CSE,CST,1.1,a,Centre de la sécurité des télécommunications,Communications Security Establishment
2025-11-17T22:33:14Z,2252,Canadian Transportation Agency,Office des transports du Canada,Canadian Transportation Agency,Office des transports du Canada,Canadian Transportation Agency,Office des transports du Canada,Transport Canada,Transport Canada,Transports Canada,CTA,OTC,1.1,a,Office des transports du Canada,Canadian Transportation Agency
2025-11-17T22:33:14Z,2251,Canadian Space Agency,Agence spatiale canadienne,Canadian Space Agency,Agence spatiale canadienne,Canadian Space Agency,Agence spatiale canadienne,"Innovation, Science and Economic Development Canada","Innovation, Science and Economic Development Canada","Innovation, Sciences et Développement économique Canada",CSA,ASC,1.1,a,Agence spatiale canadienne,Canadian Space Agency
2025-11-17T22:33:14Z,2250,Canadian Security Intelligence Service,Service canadien du renseignement de sécurité,Canadian Security Intelligence Service,Service canadien du renseignement de sécurité,Canadian Security Intelligence Service,Service canadien du renseignement de sécurité,Public Safety Canada,Public Safety Canada,Sécurité publique Canada,CSIS,SCRS,1.1,a,Service canadien du renseignement de sécurité,Canadian Security Intelligence Service
2025-11-17T22:33:14Z,2249,Canadian Northern Economic Development Agency,Agence canadienne de développement économique du Nord,Canadian Northern Economic Development Agency,Agence canadienne de développement économique du Nord,Canadian Northern Economic Development Agency,Agence canadienne de développement économique du Nord,Minister of Northern and Arctic Affairs and Minister responsible for the Canadian Northern Economic Development Agency,,Ministre des Affaires du Nord et de l'Arctique et ministre responsable de l'Agence canadienne de développement économique du Nord,CanNor,CanNor,1.1,a,Agence canadienne de développement économique du Nord,Canadian Northern Economic Development Agency
2025-11-17T22:33:14Z,2248,Canadian Intergovernmental Conference Secretariat,Secrétariat des conférences intergouvernementales canadiennes,Canadian Intergovernmental Conference Secretariat,Secrétariat des conférences intergouvernementales canadiennes,,,Privy Council Office,Privy Council Office,Bureau du Conseil privé,CICS,SCIC,1.1,a,Secrétariat des conférences intergouvernementales canadiennes,Canadian Intergovernmental Conference Secretariat
2025-11-17T22:33:14Z,2247,Canadian Human Rights Commission,Commission canadienne des droits de la personne,Canadian Human Rights Commission,Commission canadienne des droits de la personne,,,Department of Justice Canada,Department of Justice Canada,Ministère de la Justice Canada,CHRC,CCDP,1.1,a,Commission canadienne des droits de la personne,Canadian Human Rights Commission
2025-11-17T22:33:14Z,2318,Polar Knowledge Canada,Savoir polaire Canada,Canadian High Arctic Research Station,Station canadienne de recherche dans l'Extrême-Arctique,Polar Knowledge Canada,Savoir polaire Canada,Crown-Indigenous Relations and Northern Affairs Canada,Crown-Indigenous Relations and Northern Affairs Canada,Relations Couronne-Autochtones et Affaires du Nord Canada,POLAR,POLAIRE,2,a,Station canadienne de recherche dans l'Extrême-Arctique,Canadian High Arctic Research Station
2025-11-17T22:33:14Z,2273,Office of the Commissioner of Lobbying of Canada,Commissariat au lobbying du Canada,Office of the Commissioner of Lobbying,Commissariat au lobbying,Office of the Commissioner of Lobbying of Canada,Commissariat au lobbying du Canada,Treasury Board of Canada Secretariat,Treasury Board of Canada Secretariat,Secrétariat du Conseil du Trésor du Canada,OCL,CAL,1.1,a,Commissariat au lobbying,Office of the Commissioner of Lobbying
2025-11-17T22:33:14Z,2396,Canadian Radio-television and Telecommunications Commission,Conseil de la radiodiffusion et des télécommunications canadiennes,Canadian Radio-television and Telecommunications Commission,Conseil de la radiodiffusion et des télécommunications canadiennes,Canadian Radio-television and Telecommunications Commission,Conseil de la radiodiffusion et des télécommunications canadiennes,Canadian Heritage,Canadian Heritage,Patrimoine canadien,CRTC,CRTC,1.1,a,Conseil de la radiodiffusion et des télécommunications canadiennes,Canadian Radio-television and Telecommunications Commission
2025-11-17T22:33:14Z,3471,Internal Trade Secretariat Corporation,Corporation du Secrétariat du commerce intérieur,Internal Trade Secretariat Corporation,Corporation du Secrétariat du commerce intérieur,,,,,,,,,a,,
2025-11-17T22:33:14Z,3469,Hamilton Port Authority,Administration portuaire de Hamilton,Hamilton Port Authority,Administration portuaire de Hamilton,,,,,,,,,a,,
2025-11-17T22:33:14Z,3468,Halifax Port Authority,Administration portuaire d'Halifax,Halifax Port Authority,Administration portuaire d'Halifax,,,,,,,,,a,,
2025-11-17T22:33:14Z,3467,Halifax International Airport Authority,Administration de l'aéroport international d'Halifax,Halifax International Airport Authority,Administration de l'aéroport international d'Halifax,,,,,,,,,a,,
2025-11-17T22:33:14Z,3466,Greater Toronto Airports Authority,Autorité aéroportuaire du Grand Toronto,Greater Toronto Airports Authority,Autorité aéroportuaire du Grand Toronto,,,,,,,,,a,,
2025-11-17T22:33:14Z,3465,Greater Moncton International Airport Authority Inc.,Greater Moncton International Airport Authority Inc.,Greater Moncton International Airport Authority Inc.,Greater Moncton International Airport Authority Inc.,,,,,,,,,a,,
2025-11-17T22:33:14Z,3464,Greater London International Airport Authority,Greater London International Airport Authority,Greater London International Airport Authority,Greater London International Airport Authority,,,,,,,,,a,,
2025-11-17T22:33:14Z,3463,Gander International Airport Authority Inc.,Gander International Airport Authority Inc.,Gander International Airport Authority Inc.,Gander International Airport Authority Inc.,,,,,,,,,a,,
2025-11-17T22:33:14Z,3462,Fredericton International Airport Authority Inc.,Fredericton International Airport Authority Inc.,Fredericton International Airport Authority Inc.,Fredericton International Airport Authority Inc.,,,,,,,,,a,,
2025-11-17T22:33:14Z,3461,Edmonton Regional Airports Authority,Edmonton Regional Airports Authority,Edmonton Regional Airports Authority,Edmonton Regional Airports Authority,,,,,,,,,a,,
2025-11-17T22:33:14Z,3459,Coaching Association of Canada,Association canadienne des entraîneurs,Coaching Association of Canada,Association canadienne des entraîneurs,,,,,,,,,a,,
2025-11-17T22:33:14Z,3458,Charlottetown Airport Authority Inc.,Charlottetown Airport Authority Inc.,Charlottetown Airport Authority Inc.,Charlottetown Airport Authority Inc.,,,,,,,,,a,,
2025-11-17T22:33:14Z,3457,Canadian Sport Institute Ontario,Institut canadien du sport Ontario,Canadian Sport Institute Ontario,Institut canadien du sport Ontario,,,,,,,,,a,,
2025-11-17T22:33:14Z,3456,Canadian Patient Safety Institute (CPSI),Institut canadien pour la sécurité des patients (ICSP),Canadian Patient Safety Institute (CPSI),Institut canadien pour la sécurité des patients (ICSP),,,,,,,,,d,,
2025-11-17T22:33:14Z,3455,Canadian Partnership Against Cancer Corporation (CPAC),Partenariat canadien contre le cancer (PCC),Canadian Partnership Against Cancer Corporation (CPAC),Partenariat canadien contre le cancer (PCC),,,,,,,,,a,,
2025-11-17T22:33:14Z,3454,Canadian Livestock Records Corporation,Société canadienne d'enregistrement des animaux,Canadian Livestock Records Corporation,Société canadienne d'enregistrement des animaux,,,,,,,,,a,,
2025-11-17T22:33:14Z,3453,Canadian Institute for Health Information (CIHI),Institut canadien d'information sur la santé (ICIS),Canadian Institute for Health Information (CIHI),Institut canadien d'information sur la santé (ICIS),,,,,,,,,a,,
2025-11-17T22:33:14Z,3452,Canadian Energy Research Institute,Canadian Energy Research Institute,Canadian Energy Research Institute,Canadian Energy Research Institute,,,,,,,,,d,,
2025-11-17T22:33:14Z,3451,Canadian Centre on Substance Use and Addictions,Centre canadien sur les dépendances et l'usage de substances,Canadian Centre on Substance Use and Addictions,Centre canadien sur les dépendances et l'usage de substances,,,,,,,,,a,,
2025-11-17T22:33:14Z,3450,Canadian Agency for Drugs and Technologies in Health (CADTH),Agence canadienne des médicaments et des technologies de la santé (ACMTS),Canadian Agency for Drugs and Technologies in Health (CADTH),Agence canadienne des médicaments et des technologies de la santé (ACMTS),,,,,,,,,a,,
2025-11-17T22:33:14Z,3449,Canada-Nova Scotia Offshore Energy Regulator,Régie Canada-Nouvelle-Écosse de l'énergie extracôtière,Canada-Nova Scotia Offshore Energy Regulator,Régie Canada-Nouvelle-Écosse de l'énergie extracôtière,,,,,,,,,a,,
2025-11-17T22:33:14Z,3448,Canada-Newfoundland and Labrador Offshore Petroleum Board,Office Canada-Terre-Neuve-et-Labrador des hydrocarbures extracôtiers,Canada-Newfoundland and Labrador Offshore Petroleum Board,Office Canada-Terre-Neuve-et-Labrador des hydrocarbures extracôtiers,,,,,,,,,a,,
2025-11-17T22:33:14Z,3470,Institut national du sport du Québec,Institut national du sport du Québec,Institut national du sport du Québec,Institut national du sport du Québec,,,,,,,,,a,,
2025-11-17T22:33:14Z,3472,International Fisheries Commissions Pension Society,Société de caisse de retraite de la Commission internationale des pêcheries,International Fisheries Commissions Pension Society,Société de caisse de retraite de la Commission internationale des pêcheries,,,,,,,,,a,,
2025-11-17T22:33:14Z,3446,Canada Health Infoway Inc.,Inforoute Santé du Canada Inc.,Canada Health Infoway Inc.,Inforoute Santé du Canada Inc.,,,,,,,,,a,,
2025-11-17T22:33:14Z,3473,Lake of the Woods Control Board,Commission de contrôle du lac des Bois,Lake of the Woods Control Board,Commission de contrôle du lac des Bois,,,,,,,,,a,,
2025-11-17T22:33:14Z,3495,Saint John Port Authority,Administration portuaire de Saint John,Saint John Port Authority,Administration portuaire de Saint John,,,,,,,,,a,,
2025-11-17T22:33:14Z,3399,African Development Bank,Banque africaine de développement,African Development Bank,Banque africaine de développement,,,,,,,,,a,,
2025-11-17T22:33:14Z,3493,Saguenay Port Authority,Administration portuaire du Saguenay,Saguenay Port Authority,Administration portuaire du Saguenay,,,,,,,,,a,,
2025-11-17T22:33:14Z,3492,Roosevelt Campobello International Park Commission,Commission du parc international Roosevelt de Campobello,Roosevelt Campobello International Park Commission,Commission du parc international Roosevelt de Campobello,,,,,,,,,a,,
2025-11-17T22:33:14Z,3491,Regina Airport Authority Inc.,Regina Airport Authority Inc.,Regina Airport Authority Inc.,Regina Airport Authority Inc.,,,,,,,,,a,,
2025-11-17T22:33:14Z,3490,Québec Port Authority,Administration portuaire de Québec,Québec Port Authority,Administration portuaire de Québec,,,,,,,,,a,,
2025-11-17T22:33:14Z,3489,Prince Rupert Port Authority,Administration portuaire de Prince Rupert,Prince Rupert Port Authority,Administration portuaire de Prince Rupert,,,,,,,,,a,,
2025-11-17T22:33:14Z,3488,Prince George Airport Authority Inc.,Prince George Airport Authority Inc.,Prince George Airport Authority Inc.,Prince George Airport Authority Inc.,,,,,,,,,a,,
2025-11-17T22:33:14Z,3486,Port Alberni Port Authority,Administration portuaire de Port Alberni,Port Alberni Port Authority,Administration portuaire de Port Alberni,,,,,,,,,a,,
2025-11-17T22:33:14Z,3485,Porcupine Caribou Management Board,Porcupine Caribou Management Board,Porcupine Caribou Management Board,Porcupine Caribou Management Board,,,,,,,,,a,,
2025-11-17T22:33:14Z,3484,"Pierre Elliott Trudeau Foundation, The","Fondation Pierre Elliott Trudeau, La","Pierre Elliott Trudeau Foundation, The","Fondation Pierre Elliott Trudeau, La",,,,,,,,,a,,
2025-11-17T22:33:14Z,3483,Ouranos Consortium,Consortium Ouranos,Ouranos Consortium,Consortium Ouranos,,,,,,,,,a,,
2025-11-17T22:33:14Z,3482,Ottawa International Airport Authority,Administration de l'aéroport international d'Ottawa,Ottawa International Airport Authority,Administration de l'aéroport international d'Ottawa,,,,,,,,,a,,
2025-11-17T22:33:14Z,3481,Oshawa Port Authority,Administration portuaire d'Oshawa,Oshawa Port Authority,Administration portuaire d'Oshawa,,,,,,,,,a,,
2025-11-17T22:33:14Z,3480,NAV CANADA,NAV CANADA,NAV CANADA,NAV CANADA,,,,,,,,,a,,
2025-11-17T22:33:14Z,3479,"Nature Trust of British Columbia, The","Nature Trust of British Columbia, The","Nature Trust of British Columbia, The","Nature Trust of British Columbia, The",,,,,,,,,a,,
2025-11-17T22:33:14Z,3478,Nanaimo Port Authority,Administration portuaire de Nanaimo,Nanaimo Port Authority,Administration portuaire de Nanaimo,,,,,,,,,a,,
2025-11-17T22:33:14Z,3477,Montréal Port Authority,Administration portuaire de Montréal,Montréal Port Authority,Administration portuaire de Montréal,,,,,,,,,a,,
2025-11-17T22:33:14Z,3476,Milit-Air Inc.,Milit-Air Inc.,Milit-Air Inc.,Milit-Air Inc.,,,,,,,,,a,,
2025-11-17T22:33:14Z,3475,Mental Health Commission of Canada (MHCC),Commission de la santé mentale du Canada (CSMC),Mental Health Commission of Canada (MHCC),Commission de la santé mentale du Canada (CSMC),,,,,,,,,a,,
2025-11-17T22:33:14Z,3474,Maritime Forestry Complex Corporation,Société du complexe forestier des Maritimes,Maritime Forestry Complex Corporation,Société du complexe forestier des Maritimes,,,,,,,,,a,,
2025-11-17T22:33:14Z,3447,Canada Media Fund,Fonds des médias du Canada,Canada Media Fund,Fonds des médias du Canada,,,,,,,,,a,,
2025-11-17T22:33:14Z,3494,Saint John Airport Inc.,Saint John Airport Inc.,Saint John Airport Inc.,Saint John Airport Inc.,,,,,,,,,a,,
2025-11-17T22:33:14Z,3445,Canada Games Council,Conseil des Jeux du Canada,Canada Games Council,Conseil des Jeux du Canada,,,,,,,,,a,,
2025-11-17T22:33:14Z,3422,Director of Soldier Settlement,Directeur de l'établissement de soldats,Director of Soldier Settlement,Directeur de l'établissement de soldats,,,,,,,,4,a,Directeur de l'établissement de soldats,Director of Soldier Settlement
2025-11-17T22:33:14Z,3420,Commissioner of Canada Election,Commissaire aux élections fédérales,Commissioner of Canada Election,Commissaire aux élections fédérales,,,,,,,,,a,,
2025-11-17T22:33:14Z,3419,Prairie Farm Rehabilitation Administration,Administration du rétablissement agricole des Prairies,Prairie Farm Rehabilitation Administration,Administration du rétablissement agricole des Prairies,,,,,,,,4,a,Administration du rétablissement agricole des Prairies,Prairie Farm Rehabilitation Administration
2025-11-17T22:33:14Z,3418,Office of the Superintendent of Bankruptcy,Bureau du surintendant des faillites,Office of the Superintendent of Bankruptcy,Bureau du surintendant des faillites,,,,,,,,4,a,Bureau du surintendant des faillites,Office of the Superintendent of Bankruptcy
2025-11-17T22:33:14Z,3417,Communication Canada,Communication Canada,Communication Canada,Communication Canada,,,,,,,,4,a,Communication Canada,Communication Canada
2025-11-17T22:33:14Z,3416,North Portage Development Corporation (operating as The Forks North Portage Partnership),North Portage Development Corporation (exploitée sous le nom de The Forks North Portage Partnership),North Portage Development Corporation (operating as The Forks North Portage Partnership),North Portage Development Corporation (exploitée sous le nom de The Forks North Portage Partnership),,,,,,,,,a,,
2025-11-17T22:33:14Z,3415,Lower Churchill Development Corporation Limited,Lower Churchill Development Corporation Limited,Lower Churchill Development Corporation Limited,Lower Churchill Development Corporation Limited,,,,,,,,,a,,
2025-11-17T22:33:14Z,3414,Asian Infrastructure Investment Bank,Banque asiatique d'investissement dans les infrastructures,Asian Infrastructure Investment Bank,Banque asiatique d'investissement dans les infrastructures,,,,,,,,,a,,
2025-11-17T22:33:14Z,3413,World Anti-Doping Agency,Agence mondiale antidopage,World Anti-Doping Agency,Agence mondiale antidopage,,,,,,,,,a,,
2025-11-17T22:33:14Z,3412,Joint Public Advisory Committee (JPAC) of the Commission for Environmental Cooperation (CEC),Comité consultatif public mixte (CCPM) de la Commission de coopération environnementale (CCE),Joint Public Advisory Committee (JPAC) of the Commission for Environmental Cooperation (CEC),Comité consultatif public mixte (CCPM) de la Commission de coopération environnementale (CCE),,,,,,,,,a,,
2025-11-17T22:33:14Z,3411,Multilateral Investment Guarantee Agency,Agence multilatérale de garantie des investissements,Multilateral Investment Guarantee Agency,Agence multilatérale de garantie des investissements,,,,,,,,,a,,
2025-11-17T22:33:14Z,3410,International Monetary Fund,Fonds monétaire international,International Monetary Fund,Fonds monétaire international,,,,,,,,,a,,
2025-11-17T22:33:14Z,3409,International Lake of the Woods Control Board,Conseil international de contrôle du lac des Bois,International Lake of the Woods Control Board,Conseil international de contrôle du lac des Bois,,,,,,,,,a,,
2025-11-17T22:33:14Z,3408,International Lake Memphremagog Levels Board,Commission internationale du lac Memphrémagog,International Lake Memphremagog Levels Board,Commission internationale du lac Memphrémagog,,,,,,,,,a,,
2025-11-17T22:33:14Z,3407,International Joint Commission (Canadian Section),Commission mixte internationale (section canadienne),International Joint Commission (Canadian Section),Commission mixte internationale (section canadienne),,,,,,,,4,a,Commission mixte internationale (section canadienne),International Joint Commission (Canadian Section)
2025-11-17T22:33:14Z,3406,International Finance Corporation,Société financière internationale,International Finance Corporation,Société financière internationale,,,,,,,,,a,,
2025-11-17T22:33:14Z,3405,International Development Association,Association internationale de développement,International Development Association,Association internationale de développement,,,,,,,,,a,,
2025-11-17T22:33:14Z,3404,International Bank for Reconstruction and Development,Banque internationale pour la reconstruction et le développement,International Bank for Reconstruction and Development,Banque internationale pour la reconstruction et le développement,,,,,,,,,a,,
2025-11-17T22:33:14Z,3403,Inter-American Development Bank,Banque interaméricaine de développement,Inter-American Development Bank,Banque interaméricaine de développement,,,,,,,,,a,,
2025-11-17T22:33:14Z,3402,European Bank for Reconstruction and Development,Banque européenne pour la reconstruction et le développement,European Bank for Reconstruction and Development,Banque européenne pour la reconstruction et le développement,,,,,,,,,a,,
2025-11-17T22:33:14Z,3401,Caribbean Development Bank,Banque de développement des Caraïbes,Caribbean Development Bank,Banque de développement des Caraïbes,,,,,,,,,a,,
2025-11-17T22:33:14Z,3444,Canada Foundation for Sustainable Development Technology,Fondation du Canada pour l'appui technologique au développement durable,Canada Foundation for Sustainable Development Technology,Fondation du Canada pour l'appui technologique au développement durable,,,,,,,,,a,,
2025-11-17T22:33:14Z,3421,Canada Investment and Savings,Placements Épargne Canada,Canada Investment and Savings,Placements Épargne Canada,,,,,,,,5,a,Placements Épargne Canada,Canada Investment and Savings
2025-11-17T22:33:14Z,3400,Asian Development Bank,Banque asiatique de développement,Asian Development Bank,Banque asiatique de développement,,,,,,,,,a,,
2025-11-17T22:33:14Z,3423,"The Director, The Veterans' Land Act",Directeur des terres destinées aux anciens combattants,"The Director, The Veterans' Land Act",Directeur des terres destinées aux anciens combattants,,,,,,,,4,a,Directeur des terres destinées aux anciens combattants,"The Director, The Veterans' Land Act"
2025-11-17T22:33:14Z,3434,Parliamentary Protective Service,Service de protection parlementaire,Parliamentary Protective Service,Service de protection parlementaire,,,,,,,,,a,,
2025-11-17T22:33:14Z,3424,Energy Supplies Allocation Board,Office de répartition des approvisionnements d'énergie,Energy Supplies Allocation Board,Office de répartition des approvisionnements d'énergie,,,Natural Resources Canada,Natural Resources Canada,Ressources naturelles Canada,,,4,a,Office de répartition des approvisionnements d'énergie,Energy Supplies Allocation Board
2025-11-17T22:33:14Z,3443,Canada Foundation for Innovation,Fondation canadienne pour l'innovation,Canada Foundation for Innovation,Fondation canadienne pour l'innovation,,,,,,,,,a,,
2025-11-17T22:33:14Z,3442,WinSport,WinSport,WinSport,WinSport,,,,,,,,,a,,
2025-11-17T22:33:14Z,3441,Calgary Airport Authority,Administration aéroportuaire de Calgary,Calgary Airport Authority,Administration aéroportuaire de Calgary,,,,,,,,,a,,
2025-11-17T22:33:14Z,3440,Buffalo and Fort Erie Public Bridge Authority,Buffalo and Fort Erie Public Bridge Authority,Buffalo and Fort Erie Public Bridge Authority,Buffalo and Fort Erie Public Bridge Authority,,,,,,,,,a,,
2025-11-17T22:33:14Z,3439,Belledune Port Authority,Administration portuaire de Belledune,Belledune Port Authority,Administration portuaire de Belledune,,,,,,,,,a,,
2025-11-17T22:33:14Z,3437,Asia-Pacific Foundation of Canada,Fondation Asie-Pacifique du Canada,Asia-Pacific Foundation of Canada,Fondation Asie-Pacifique du Canada,,,,,,,,,a,,
2025-11-17T22:33:14Z,3436,Aéroports de Montréal,Aéroports de Montréal,Aéroports de Montréal,Aéroports de Montréal,,,,,,,,,a,,
2025-11-17T22:33:14Z,3435,Aéroport de Québec Inc.,Aéroport de Québec Inc.,Aéroport de Québec Inc.,Aéroport de Québec Inc.,,,,,,,,,a,,
2025-11-17T22:33:14Z,3438,Association of Canada Lands Surveyors,Association des Arpenteurs des Terres du Canada,Association of Canada Lands Surveyors,Association des Arpenteurs des Terres du Canada,,,,,,,,,a,,
2025-11-17T22:33:14Z,3433,Office of the Parliamentary Budget Officer,Bureau du directeur parlementaire du budget,Office of the Parliamentary Budget Officer,Bureau du directeur parlementaire du budget,,,,,,,,,a,,
2025-11-17T22:33:14Z,3431,Senate Ethics Officer,Conseiller sénatorial en éthique,Senate Ethics Officer,Conseiller sénatorial en éthique,,,,,,,,,a,,
2025-11-17T22:33:14Z,3430,Office of the Conflict of Interest and Ethics Commissioner,Commissariat aux conflits d'intérêts et à l'éthique,Office of the Conflict of Interest and Ethics Commissioner,Commissariat aux conflits d'intérêts et à l'éthique,,,,,,,,,a,,
2025-11-17T22:33:14Z,3429,Library of Parliament,Bibliothèque du Parlement,Library of Parliament,Bibliothèque du Parlement,,,,,,,,,a,,
2025-11-17T22:33:14Z,3428,House of Commons,Chambre des communes,House of Commons,Chambre des communes,,,,,,,,,a,,
2025-11-17T22:33:14Z,3427,Federal Judges not part of any department,Juges fédéraux ne faisant pas partie d'un ministère,Federal Judges not part of any department,Juges fédéraux ne faisant pas partie d'un ministère,,,,,,,,,a,,
2025-11-17T22:33:14Z,3426,Statistics Survey Operations,Opérations des enquêtes statistiques,Statistics Survey Operations,Opérations des enquêtes statistiques,,,,,,,,,a,,
2025-11-17T22:33:14Z,3432,Senate,Sénat,Senate,Sénat,,,,,,,,,a,,
2025-11-17T22:33:14Z,3425,"Staff of the Non-Public Funds, Canadian Forces","Personnel des fonds non publics, Forces canadiennes","Staff of the Non-Public Funds, Canadian Forces","Personnel des fonds non publics, Forces canadiennes",,,,,,,,5,a,"Personnel des fonds non publics, Forces canadiennes","Staff of the Non-Public Funds, Canadian Forces"
2025-11-17T22:23:04Z,3570,Federal Court of Canada,Cour fédérale,Federal Court of Canada,,Cour fédérale,,,,,,,,,a,
2025-11-17T22:23:04Z,3568,Environmental Protection Review Canada,Révision de la protection de l'environnement Canada,Environmental Protection Review Canada,,Révision de la protection de l'environnement Canada,,,,,,,,,a,
2025-11-17T22:23:04Z,3569,Federal Court of Appeal,Cour d'appel fédérale,Federal Court of Appeal,,Cour d'appel fédérale,,,,,,,,,a,
2025-11-17T22:23:04Z,3574,Intergovernmental Affairs,Affaires intergouvernementales,Intergovernmental Affairs,,Affaires intergouvernementales,,,,,,,,,a,
2025-11-17T22:23:04Z,3571,Office of the Federal Ombudsperson for Victims Of Crime,Bureau de l'ombudsman fédéral des victimes d'actes criminels,Office of the Federal Ombudsperson for Victims Of Crime,,Bureau de l'ombudsman fédéral des victimes d'actes criminels,,,Department of Justice Canada,Department of Justice Canada,Ministère de la Justice Canada,,,,a,
2025-11-17T22:23:04Z,3572,Historic Sites and Monuments Board of Canada,Commission des lieux et monuments historiques du Canada,Historic Sites and Monuments Board of Canada,,Commission des lieux et monuments historiques du Canada,,,,,,,,,a,
2025-11-17T22:23:04Z,3573,Independent Review Panel for Defence Acquisition,Commission indépendante d'examen des acquisitions de la Défense,Independent Review Panel for Defence Acquisition,,Commission indépendante d'examen des acquisitions de la Défense,,,,,,,,,a,
2025-11-17T22:23:04Z,3565,Court Martial Appeal Court of Canada,Cour d'appel de la cour martiale du Canada,Court Martial Appeal Court of Canada,,Cour d'appel de la cour martiale du Canada,,,,,,,,,a,
2025-11-17T22:23:04Z,3566,Democratic Institutions,Institutions démocratiques,Democratic Institutions,,Institutions démocratiques,,,,,,,,,a,
2025-11-17T22:23:04Z,3555,Canada Firearms Centre,Centre des armes à feu Canada,Canada Firearms Centre,,Centre des armes à feu Canada,,,,,,,,,a,
2025-11-17T22:23:04Z,3564,Competition Tribunal,Tribunal de la concurrence,Competition Tribunal,,Tribunal de la concurrence,,,"Innovation, Science and Economic Development Canada","Innovation, Science and Economic Development Canada","Innovation, Sciences et Développement économique Canada",,,,a,
2025-11-17T22:23:04Z,3563,Competition Bureau Canada,Bureau de la concurrence Canada,Competition Bureau Canada,,Bureau de la concurrence Canada,,,,,,,,,a,
2025-11-17T22:23:04Z,3562,Communications Research Centre Canada,Centre de recherches sur les communications Canada,Communications Research Centre Canada,,Centre de recherches sur les communications Canada,,,,,,,,,a,
2025-11-17T22:23:04Z,3561,Canadian War Museum,Musée canadien de la guerre,Canadian War Museum,,Musée canadien de la guerre,,,,,,,,,a,
2025-11-17T22:23:04Z,3560,Canadian Trade Commissioner Service,Service des délégués commerciaux du Canada,Canadian Trade Commissioner Service,,Service des délégués commerciaux du Canada,,,,,,,,,a,
2025-11-17T22:23:04Z,3559,Canadian Special Operations Forces Command,Commandement des Forces d'opérations spéciales du Canada,Canadian Special Operations Forces Command,,Commandement des Forces d'opérations spéciales du Canada,,,,,,,,,a,
2025-11-17T22:23:04Z,3558,Canadian Judicial Council,Conseil canadien de la magistrature,Canadian Judicial Council,,Conseil canadien de la magistrature,,,,,,,,,a,
2025-11-17T22:23:04Z,3557,Canadian Army,Armée canadienne,Canadian Army,,Armée canadienne,,,National Defence,National Defence,Défense nationale,,,,a,
2025-11-17T22:23:04Z,3556,Canada Research Chairs,Chaires de recherche du Canada,Canada Research Chairs,,Chaires de recherche du Canada,,,,,,,,,a,
2025-11-17T22:23:04Z,3577,Leader of the Government in the House of Commons,Leader du gouvernement à la Chambre des communes,Leader of the Government in the House of Commons,,Leader du gouvernement à la Chambre des communes,,,,,,,,,a,
2025-11-17T22:23:04Z,3554,Canada Aviation and Space Museum,Musée de l'aviation et de l'espace du Canada,Canada Aviation and Space Museum,,Musée de l'aviation et de l'espace du Canada,,,,,,,,,a,
2025-11-17T22:23:04Z,3575,Judicial Compensation and Benefits Commission,Commission d'examen de la rémunération des juges,Judicial Compensation and Benefits Commission,,Commission d'examen de la rémunération des juges,,,,,,,,,a,
2025-11-17T22:23:04Z,3587,Public Servants Disclosure Protection Tribunal Canada,Tribunal de la protection des fonctionnaires divulgateurs Canada,Public Servants Disclosure Protection Tribunal Canada,,Tribunal de la protection des fonctionnaires divulgateurs Canada,,,Privy Council Office,Privy Council Office,Bureau du Conseil privé,,,,a,
2025-11-17T22:23:04Z,3578,Management Advisory Board for the RCMP,Conseil consultatif de gestion pour la GRC,Management Advisory Board for the RCMP,,Conseil consultatif de gestion pour la GRC,,,,,,,,,a,
2025-11-17T22:23:04Z,3579,National Security and Intelligence Review Agency,Office de surveillance des activités en matière de sécurité nationale et de renseignement,National Security and Intelligence Review Agency,,Office de surveillance des activités en matière de sécurité nationale et de renseignement,,,,,,,,,a,
2025-11-17T22:23:04Z,3603,Environmental Protection Tribunal of Canada,Tribunal de la protection de I'environnement du Canada,Environmental Protection Tribunal of Canada,,Tribunal de la protection de I'environnement du Canada,,,,,,,,,a,
2025-11-17T22:23:04Z,3552,Bank of Canada Museum,Musée de la Banque du Canada,Bank of Canada Museum,,Musée de la Banque du Canada,,,,,,,,,a,
2025-11-17T22:23:04Z,3602,Canadian Museum of Contemporary Photography,Musée canadien de la photographie contemporaine,Canadian Museum of Contemporary Photography,,Musée canadien de la photographie contemporaine,,,,,,,,,a,
2025-11-17T22:23:04Z,3601,Canada Centre for Inland Waters,Centre canadien des eaux intérieures,Canada Centre for Inland Waters,,Centre canadien des eaux intérieures,,,,,,,,,a,
2025-11-17T22:23:04Z,3600,"Appeal Board, Hazardous Materials Information Review Act","Commission d'appel, Loi sur le contrôle des renseignements relatifs aux matières dangereuses","Appeal Board, Hazardous Materials Information Review Act",,"Commission d'appel, Loi sur le contrôle des renseignements relatifs aux matières dangereuses",,,,,,,,,a,
2025-11-17T22:23:04Z,3599,Aboriginal Business Canada,Entreprise autochtone Canada,Aboriginal Business Canada,,Entreprise autochtone Canada,,,,,,,,,a,
2025-11-17T22:23:04Z,3596,Virtual Museum of Canada,Musée virtuel du Canada,Virtual Museum of Canada,,Musée virtuel du Canada,,,,,,,,,a,
2025-11-17T22:23:04Z,3499,St. John's International Airport Authority,St. John's International Airport Authority,St. John's International Airport Authority,St. John's International Airport Authority,St. John's International Airport Authority,,,,,,,,,a,
2025-11-17T22:23:04Z,3594,Office of the Taxpayers' Ombudsperson,Bureau de l'ombudsman des contribuables,Office of the Taxpayers' Ombudsperson,,Bureau de l'ombudsman des contribuables,,,Canada Revenue Agency,Canada Revenue Agency,Agence du revenu du Canada,,,,a,
2025-11-17T22:23:04Z,3593,Tax Court of Canada,Cour canadienne de l'impôt,Tax Court of Canada,,Cour canadienne de l'impôt,,,,,,,,,a,
2025-11-17T22:23:04Z,3591,Service Canada,Service Canada,Service Canada,,Service Canada,,,,,,,,,a,
2025-11-17T22:23:04Z,3590,Royal Military College of Canada,Collège militaire royal du Canada,Royal Military College of Canada,,Collège militaire royal du Canada,,,,,,,,,a,
2025-11-17T22:23:04Z,3589,Royal Canadian Navy,Marine royale canadienne,Royal Canadian Navy,,Marine royale canadienne,,,,,,,,,a,
2025-11-17T22:23:04Z,3588,Royal Canadian Air Force,Aviation royale canadienne,Royal Canadian Air Force,,Aviation royale canadienne,,,,,,,,,a,
2025-11-17T22:23:04Z,3586,Prime Minister of Canada,Premier ministre du Canada,Prime Minister of Canada,,Premier ministre du Canada,,,Privy Council Office,Privy Council Office,Bureau du Conseil privé,,,,a,
2025-11-17T22:23:04Z,3585,Office of the Procurement Ombudsman,Bureau de l'ombudsman de l'approvisionnement,Office of the Procurement Ombudsman,,Bureau de l'ombudsman de l'approvisionnement,,,Public Services and Procurement Canada,Public Services and Procurement Canada,Services publics et Approvisionnement Canada,,,,a,
2025-11-17T22:23:04Z,3584,Parliament of Canada,Parlement du Canada,Parliament of Canada,,Parlement du Canada,,,,,,,,,a,
2025-11-17T22:23:04Z,3583,Office of the Ombudsman for the Department of National Defence and the Canadian Armed Forces,Bureau de l'ombudsman de la Défense nationale et des Forces armées canadiennes,Office of the Ombudsman for the Department of National Defence and the Canadian Armed Forces,,Bureau de l'ombudsman de la Défense nationale et des Forces armées canadiennes,,,,,,,,,a,
2025-11-17T22:23:04Z,3582,Office of the Chief Military Judge,Le cabinet du juge militaire en chef,Office of the Chief Military Judge,,Le cabinet du juge militaire en chef,,,,,,,,,a,
2025-11-17T22:23:04Z,3581,Occupational Health and Safety Tribunal Canada,Tribunal de santé et sécurité au travail Canada,Occupational Health and Safety Tribunal Canada,,Tribunal de santé et sécurité au travail Canada,,,,,,,,,a,
2025-11-17T22:23:04Z,3580,National Seniors Council,Conseil national des aînés,National Seniors Council,,Conseil national des aînés,,,,,,,,,a,
2025-11-17T22:23:04Z,3553,Canada Agriculture and Food Museum,Musée de l'agriculture et de l'alimentation du Canada,Canada Agriculture and Food Museum,,Musée de l'agriculture et de l'alimentation du Canada,,,,,,,,,a,
2025-11-17T22:23:04Z,3525,First Nations Tax Commission,Commission de la fiscalité des premières nations,First Nations Tax Commission,First Nations Tax Commission,Commission de la fiscalité des premières nations,,,,,,,,,d,
2025-11-17T22:23:04Z,3549,Public Service Superannuation,Pension de retraite de la fonction publique,Public Service Superannuation,,Pension de retraite de la fonction publique,,,,,,,,,a,
2025-11-17T22:23:04Z,3548,Payroll System General Ledger,Grand livre général du système de la paye,Payroll System General Ledger,,Grand livre général du système de la paye,,,,,,,,,a,
2025-11-17T22:23:04Z,3520,Canadian Foundation for Climate and Atmospheric Sciences,Fondation canadienne pour les sciences du climat et de l'atmosphère,Canadian Foundation for Climate and Atmospheric Sciences,Canadian Foundation for Climate and Atmospheric Sciences,Fondation canadienne pour les sciences du climat et de l'atmosphère,,,,,,,,,d,
2025-11-17T22:23:04Z,3519,Canada Commonwealth Legacy Fund,Fonds du legs des Jeux du Commonwealth,Canada Commonwealth Legacy Fund,Canada Commonwealth Legacy Fund,Fonds du legs des Jeux du Commonwealth,,,,,,,,,d,
2025-11-17T22:23:04Z,3518,Aboriginal Healing Foundation,Fondation autochtone de guérison,Aboriginal Healing Foundation,Aboriginal Healing Foundation,Fondation autochtone de guérison,,,,,,,,,d,
2025-11-17T22:23:04Z,3517,Healthcare Excellence Canada (HEC),Excellence en santé Canada (ESC),Healthcare Excellence Canada (HEC),Healthcare Excellence Canada (HEC),Excellence en santé Canada (ESC),,,,,,,,,a,
2025-11-17T22:23:04Z,3516,Canadian Foundation for Healthcare Improvement (CFHI),Fondation canadienne pour l'amélioration des services de santé (FCASS),Canadian Foundation for Healthcare Improvement (CFHI),Canadian Foundation for Healthcare Improvement (CFHI),Fondation canadienne pour l'amélioration des services de santé (FCASS),,,,,,,,,d,
2025-11-17T22:23:04Z,3515,Winnipeg Airports Authority Inc.,Winnipeg Airports Authority Inc.,Winnipeg Airports Authority Inc.,Winnipeg Airports Authority Inc.,Winnipeg Airports Authority Inc.,,,,,,,,,a,
2025-11-17T22:23:04Z,3514,Windsor Port Authority,Administration portuaire de Windsor,Windsor Port Authority,Windsor Port Authority,Administration portuaire de Windsor,,,,,,,,,a,
2025-11-17T22:23:04Z,3513,Wildlife Habitat Canada,Habitat faunique Canada,Wildlife Habitat Canada,Wildlife Habitat Canada,Habitat faunique Canada,,,,,,,,,a,
2025-11-17T22:23:04Z,3512,Waterfront Toronto,Waterfront Toronto,Waterfront Toronto,Waterfront Toronto,Waterfront Toronto,,,,,,,,,a,
2025-11-17T22:23:04Z,3511,Victoria Airport Authority,Autorité aéroportuaire de Victoria,Victoria Airport Authority,Victoria Airport Authority,Autorité aéroportuaire de Victoria,,,,,,,,,a,
2025-11-17T22:23:04Z,3510,Vancouver International Airport Authority,Administration de l'Aéroport de Vancouver,Vancouver International Airport Authority,Vancouver International Airport Authority,Administration de l'Aéroport de Vancouver,,,,,,,,,a,
2025-11-17T22:23:04Z,3509,Vancouver Fraser Port Authority,Administration portuaire de Vancouver Fraser,Vancouver Fraser Port Authority,Vancouver Fraser Port Authority,Administration portuaire de Vancouver Fraser,,,,,,,,,a,
2025-11-17T22:23:04Z,3508,TV5 Québec Canada,TV5 Québec Canada,TV5 Québec Canada,TV5 Québec Canada,TV5 Québec Canada,,,,,,,,,a,
2025-11-17T22:23:04Z,3507,Trois-Rivières Port Authority,Administration portuaire de Trois-Rivières,Trois-Rivières Port Authority,Trois-Rivières Port Authority,Administration portuaire de Trois-Rivières,,,,,,,,,a,
2025-11-17T22:23:04Z,3506,Toronto Port Authority,Administration portuaire de Toronto,Toronto Port Authority,Toronto Port Authority,Administration portuaire de Toronto,,,,,,,,,a,
2025-11-17T22:23:04Z,3504,Thunder Bay Port Authority,Administration portuaire de Thunder Bay,Thunder Bay Port Authority,Thunder Bay Port Authority,Administration portuaire de Thunder Bay,,,,,,,,,a,
2025-11-17T22:23:04Z,3503,Thunder Bay International Airports Authority Inc.,Thunder Bay International Airports Authority Inc.,Thunder Bay International Airports Authority Inc.,Thunder Bay International Airports Authority Inc.,Thunder Bay International Airports Authority Inc.,,,,,,,,,a,
2025-11-17T22:23:04Z,3502,Terry Fox Humanitarian Award Inc.,Prix humanitaire Terry Fox inc.,Terry Fox Humanitarian Award Inc.,Terry Fox Humanitarian Award Inc.,Prix humanitaire Terry Fox inc.,,,,,,,,,a,
2025-11-17T22:23:04Z,3501,St. Lawrence Seaway Management Corporation,Corporation de gestion de la Voie maritime du Saint-Laurent,St. Lawrence Seaway Management Corporation,St. Lawrence Seaway Management Corporation,Corporation de gestion de la Voie maritime du Saint-Laurent,,,,,,,,,a,
2025-11-17T22:23:04Z,3500,St. John's Port Authority,Administration portuaire de St. John's,St. John's Port Authority,St. John's Port Authority,Administration portuaire de St. John's,,,,,,,,,a,
2025-11-17T22:23:04Z,3605,Geological Survey of Canada,Commission géologique du Canada,Geological Survey of Canada,,Commission géologique du Canada,,,,,,,,,a,
2025-11-17T22:23:04Z,3521,Canadian International Grains Institute,Institut international du Canada pour le grain,Canadian International Grains Institute,Canadian International Grains Institute,Institut international du Canada pour le grain,,,,,,,,,d,
2025-11-17T22:23:04Z,3522,"Canadian Wheat Board, The","Commission canadienne du blé, La","Canadian Wheat Board, The","Canadian Wheat Board, The","Commission canadienne du blé, La",,,,,,,,,d,
2025-11-17T22:23:04Z,3523,Centre national multisport-Montréal,Centre national multisport – Montréal,Centre national multisport-Montréal,Centre national multisport-Montréal,Centre national multisport – Montréal,,,,,,,,,d,
2025-11-17T22:23:04Z,3538,Canadian Pari-Mutuel Agency,Agence canadienne du pari mutuel,Canadian Pari-Mutuel Agency,Canadian Pari-Mutuel Agency,Agence canadienne du pari mutuel,,,Agriculture and Agri-Food Canada,Agriculture and Agri-Food Canada,Agriculture et Agroalimentaire Canada,,,,a,
2025-11-17T22:23:04Z,3547,Passport Canada,Passeport Canada,Passport Canada,Passport Canada,Passeport Canada,,,,,,,,,t,
2025-11-17T22:23:04Z,3546,Industrial Technologies Office,Office des technologies industrielles,Industrial Technologies Office,Industrial Technologies Office,Office des technologies industrielles,,,"Innovation, Science and Economic Development Canada","Innovation, Science and Economic Development Canada","Innovation, Sciences et Développement économique Canada",,,,t,
2025-11-17T22:23:04Z,3545,Consulting and Audit Canada Revolving Fund,Fonds renouvelable de Conseils et Vérification Canada,Consulting and Audit Canada Revolving Fund,Consulting and Audit Canada Revolving Fund,Fonds renouvelable de Conseils et Vérification Canada,,,,,,,,,d,
2025-11-17T22:23:04Z,3544,Translation Bureau,Bureau de la traduction,Translation Bureau,Translation Bureau,Bureau de la traduction,,,Public Services and Procurement Canada,Public Services and Procurement Canada,Services publics et Approvisionnement Canada,,,,a,
2025-11-17T22:23:04Z,3543,Physical Resources Bureau,Direction générale des biens,Physical Resources Bureau,Physical Resources Bureau,Direction générale des biens,,,,,,,,,a,
2025-11-17T22:23:04Z,3542,Measurement Canada,Mesures Canada,Measurement Canada,Measurement Canada,Mesures Canada,,,"Innovation, Science and Economic Development Canada","Innovation, Science and Economic Development Canada","Innovation, Sciences et Développement économique Canada",,,,a,
2025-11-17T22:23:04Z,3541,Indian Oil and Gas Canada,Pétrole et gaz des Indiens du Canada,Indian Oil and Gas Canada,Indian Oil and Gas Canada,Pétrole et gaz des Indiens du Canada,,,Crown-Indigenous Relations and Northern Affairs Canada,Crown-Indigenous Relations and Northern Affairs Canada,Relations Couronne-Autochtones et Affaires du Nord Canada,,,5,a,Pétrole et gaz des Indiens Canada
2025-11-17T22:23:04Z,3540,Defence Research and Development Canada,Recherche et développement pour la défense Canada,Defence Research and Development Canada,Defence Research and Development Canada,Recherche et développement pour la défense Canada,,,National Defence,National Defence,Défense nationale,,,,a,
2025-11-17T22:23:04Z,3539,CORCAN,CORCAN,CORCAN,CORCAN,CORCAN,,,Public Safety Canada,Public Safety Canada,Sécurité publique Canada,,,,a,
2025-11-17T22:23:04Z,3537,Canadian Intellectual Property Office,Office de la propriété intellectuelle du Canada,Canadian Intellectual Property Office,Canadian Intellectual Property Office,Office de la propriété intellectuelle du Canada,,,"Innovation, Science and Economic Development Canada","Innovation, Science and Economic Development Canada","Innovation, Sciences et Développement économique Canada",,,,a,
2025-11-17T22:23:04Z,3524,First Nations Financial Management Board,Conseil de gestion financière des premières nations,First Nations Financial Management Board,First Nations Financial Management Board,Conseil de gestion financière des premières nations,,,,,,,,,d,
2025-11-17T22:23:04Z,3536,Canadian Heritage Information Network,Réseau canadien d'information sur le patrimoine,Canadian Heritage Information Network,Canadian Heritage Information Network,Réseau canadien d'information sur le patrimoine,,,Canadian Heritage,Canadian Heritage,Patrimoine canadien,,,,a,
2025-11-17T22:23:04Z,3535,Canadian Forces Housing Agency,Agence de logement des Forces canadiennes,Canadian Forces Housing Agency,Canadian Forces Housing Agency,Agence de logement des Forces canadiennes,,,National Defence,National Defence,Défense nationale,,,,a,
2025-11-17T22:23:04Z,3534,Canadian Conservation Institute,Institut canadien de conservation,Canadian Conservation Institute,Canadian Conservation Institute,Institut canadien de conservation,,,Canadian Heritage,Canadian Heritage,Patrimoine canadien,,,,a,
2025-11-17T22:23:04Z,3533,Canadian Coast Guard,Garde côtière canadienne,Canadian Coast Guard,Canadian Coast Guard,Garde côtière canadienne,,,Fisheries and Oceans Canada,Fisheries and Oceans Canada,Pêches et Océans Canada,,,,a,
2025-11-17T22:23:04Z,3532,"Vanier Institute of the Family, The",L'Institut Vanier de la famille,"Vanier Institute of the Family, The","Vanier Institute of the Family, The",L'Institut Vanier de la famille,,,,,,,,,t,
2025-11-17T22:23:04Z,3531,Last Post Fund,Fonds du Souvenir,Last Post Fund,Last Post Fund,Fonds du Souvenir,,,,,,,,,t,
2025-11-17T22:23:04Z,3528,PrioNet Canada,PrioNet Canada,PrioNet Canada,PrioNet Canada,PrioNet Canada,,,,,,,,,d,
2025-11-17T22:23:04Z,3527,International Centre for Human Rights and Democratic Development,Centre international des droits de la personne et du développement démocratique,International Centre for Human Rights and Democratic Development,International Centre for Human Rights and Democratic Development,Centre international des droits de la personne et du développement démocratique,,,,,,,,,d,
2025-11-17T22:23:04Z,3526,Health Council of Canada,Conseil canadien de la santé,Health Council of Canada,Health Council of Canada,Conseil canadien de la santé,,,,,,,,,d,
2025-11-17T22:23:04Z,3604,Geographical Names Board of Canada,La Commission de toponymie du Canada,Geographical Names Board of Canada,,La Commission de toponymie du Canada,,,,,,,,,a,
2025-11-17T22:23:04Z,,,,Office of the Information Commissioner,,,,,,,,,,4,a,Commissariat à l'information au Canada
2025-11-17T22:23:04Z,3606,Geomatics Canada,Géomatique Canada,Geomatics Canada,,Géomatique Canada,,,,,,,,,a,
2025-11-17T22:23:04Z,3684,Canadian International Development Agency,Agence canadienne de développement international,Canadian International Development Agency,Canadian International Development Agency,Agence canadienne de développement international,,,,,,,,,t,
2025-11-17T22:23:04Z,3682,Canadian Cultural Property Export Review Board,Commission canadienne d'examen des exportations de biens culturels,Canadian Cultural Property Export Review Board,Canadian Cultural Property Export Review Board,Commission canadienne d'examen des exportations de biens culturels,,,Canadian Heritage,Canadian Heritage,Patrimoine canadien,,,,t,
2025-11-17T22:23:04Z,3681,Canadian Artists and Producers Professional Relations Tribunal,Tribunal canadien des relations professionnelles artistes-producteurs,Canadian Artists and Producers Professional Relations Tribunal,Canadian Artists and Producers Professional Relations Tribunal,Tribunal canadien des relations professionnelles artistes-producteurs,,,,,,,,,t,
2025-11-17T22:23:04Z,3680,Canada Industrial Relations Board,Conseil canadien des relations industrielles,Canada Industrial Relations Board,Canada Industrial Relations Board,Conseil canadien des relations industrielles,,,Employment and Social Development Canada,Employment and Social Development Canada,Emploi et Développement social Canada,,,,t,
2025-11-17T22:23:04Z,3679,Canada Agricultural Review Tribunal,Commission de révision agricole du Canada,Canada Agricultural Review Tribunal,Canada Agricultural Review Tribunal,Commission de révision agricole du Canada,,,Agriculture and Agri-Food Canada,Agriculture and Agri-Food Canada,Agriculture et Agroalimentaire Canada,,,,t,
2025-11-17T22:23:04Z,3676,Public Appointments Commission Secretariat,Secrétariat de la Commission des nominations publiques,Public Appointments Commission Secretariat,Public Appointments Commission Secretariat,Secrétariat de la Commission des nominations publiques,,,,,,,,,d,
2025-11-17T22:23:04Z,3675,National Round Table on the Environment and the Economy,Table ronde nationale sur l'environnement et l'économie,National Round Table on the Environment and the Economy,National Round Table on the Environment and the Economy,Table ronde nationale sur l'environnement et l'économie,,,,,,,,,d,
2025-11-17T22:23:04Z,3674,Merchant Seamen Compensation Board,Commission d'indemnisation des marins marchands,Merchant Seamen Compensation Board,Merchant Seamen Compensation Board,Commission d'indemnisation des marins marchands,,,,,,,,,d,
2025-11-17T22:23:04Z,3673,Inuvialuit Arbitration Board,Commission d'arbitrage des Inuvialuit,Inuvialuit Arbitration Board,Inuvialuit Arbitration Board,Commission d'arbitrage des Inuvialuit,,,,,,,,,d,
2025-11-17T22:23:04Z,3672,Indian Residential Schools Truth and Reconciliation Commission,Commission de vérité et de réconciliation relative aux pensionnats indiens,Indian Residential Schools Truth and Reconciliation Commission,Indian Residential Schools Truth and Reconciliation Commission,Commission de vérité et de réconciliation relative aux pensionnats indiens,,,,,,,,,d,
2025-11-17T22:23:04Z,3671,Hazardous Materials Information Review Commission,Conseil de contrôle des renseignements relatifs aux matières dangereuses,Hazardous Materials Information Review Commission,Hazardous Materials Information Review Commission,Conseil de contrôle des renseignements relatifs aux matières dangereuses,,,,,,,,,d,
2025-11-17T22:23:04Z,3670,Grain Appeal Tribunal,Tribunal d'appel pour les grains,Grain Appeal Tribunal,Grain Appeal Tribunal,Tribunal d'appel pour les grains,,,,,,,,,d,
2025-11-17T22:23:04Z,3669,First Nations Statistical Institute,Institut de la statistique des Premières nations,First Nations Statistical Institute,First Nations Statistical Institute,Institut de la statistique des Premières nations,,,,,,,,,d,
2025-11-17T22:23:04Z,3668,Enterprise Cape Breton Corporation,Société d'expansion du Cap Breton,Enterprise Cape Breton Corporation,Enterprise Cape Breton Corporation,Société d'expansion du Cap Breton,,,,,,,,,d,
2025-11-17T22:23:04Z,3667,Corporation for the Mitigation of Mackenzie Gas Project Impacts,Société d'atténuation des répercussions du projet gazier Mackenzie,Corporation for the Mitigation of Mackenzie Gas Project Impacts,Corporation for the Mitigation of Mackenzie Gas Project Impacts,Société d'atténuation des répercussions du projet gazier Mackenzie,,,,,,,,,d,
2025-11-17T22:23:04Z,3666,Canada Employment Insurance Financing Board,Office de financement de l'assurance-emploi du Canada,Canada Employment Insurance Financing Board,Canada Employment Insurance Financing Board,Office de financement de l'assurance-emploi du Canada,,,,,,,,,d,
2025-11-17T22:23:04Z,3665,Blue Water Bridge Authority,Administration du pont Blue Water,Blue Water Bridge Authority,Blue Water Bridge Authority,Administration du pont Blue Water,,,,,,,,,d,
2025-11-17T22:23:04Z,3664,Assisted Human Reproduction Agency of Canada,Agence canadienne de contrôle de la procréation assistée,Assisted Human Reproduction Agency of Canada,Assisted Human Reproduction Agency of Canada,Agence canadienne de contrôle de la procréation assistée,,,,,,,,,d,
2025-11-17T22:23:04Z,3663,Public Sector Pension Investment Board,Office d'investissement des régimes de pensions du secteur public,Public Sector Pension Investment Board,Public Sector Pension Investment Board,Office d'investissement des régimes de pensions du secteur public,,,Treasury Board of Canada Secretariat,Treasury Board of Canada Secretariat,Secrétariat du Conseil du Trésor du Canada,,,,a,
2025-11-17T22:23:04Z,3662,VIA Rail Canada Inc.,VIA Rail Canada inc.,VIA Rail Canada Inc.,VIA Rail Canada Inc.,VIA Rail Canada inc.,,,Transport Canada,Transport Canada,Transports Canada,,,3,a,VIA Rail Canada Inc.
2025-11-17T22:23:04Z,3661,The Federal Bridge Corporation Limited,La Société des ponts fédéraux Limitée,The Federal Bridge Corporation Limited,The Federal Bridge Corporation Limited,La Société des ponts fédéraux Limitée,,,Transport Canada,Transport Canada,Transports Canada,,,3,a,La Société des ponts fédéraux Limitée
2025-11-17T22:23:04Z,3660,Ridley Terminals Inc.,Ridley Terminals Inc.,Ridley Terminals Inc.,Ridley Terminals Inc.,Ridley Terminals Inc.,,,Transport Canada,Transport Canada,Transports Canada,,,,t,
2025-11-17T22:23:04Z,3683,Canadian Human Rights Tribunal,Tribunal canadien des droits de la personne,Canadian Human Rights Tribunal,Canadian Human Rights Tribunal,Tribunal canadien des droits de la personne,,,Department of Justice Canada,Department of Justice Canada,Ministère de la Justice Canada,,,,t,
2025-11-17T22:23:04Z,3685,Canadian International Trade Tribunal,Tribunal canadien du commerce extérieur,Canadian International Trade Tribunal,Canadian International Trade Tribunal,Tribunal canadien du commerce extérieur,,,,,,,,,t,
2025-11-17T22:23:04Z,3607,Indian Residential Schools Resolution Canada,Résolution des questions des pensionnats indiens Canada,Indian Residential Schools Resolution Canada,,Résolution des questions des pensionnats indiens Canada,,,,,,,,,a,
2025-11-17T22:23:04Z,3686,Employment Insurance Boards of Referees,Conseils arbitraux de l'assurance-emploi,Employment Insurance Boards of Referees,Employment Insurance Boards of Referees,Conseils arbitraux de l'assurance-emploi,,,,,,,,,t,
2025-11-17T22:23:04Z,3497,Sept-Îles Port Authority,Administration portuaire de Sept-Îles,Sept-Îles Port Authority,Sept-Îles Port Authority,Administration portuaire de Sept-Îles,,,,,,,,,a,
2025-11-17T22:23:04Z,3707,VIA HFR - VIA TGF Inc.,VIA HFR - VIA TGF Inc.,VIA HFR - VIA TGF Inc.,VIA HFR - VIA TGF Inc.,VIA HFR - VIA TGF Inc.,,,,,,,,,a,
2025-11-17T22:23:04Z,3706,Miscarriage of Justice Review Commission,Commission d'examen des erreurs du système judiciaire,Miscarriage of Justice Review Commission,Miscarriage of Justice Review Commission,Commission d'examen des erreurs du système judiciaire,,,,,,,,1.1,a,Commission d'examen des erreurs du système judiciaire
2025-11-17T22:23:04Z,3705,Federal Public Sector Labour Relations and Employment Board,Commission des relations de travail et de l'emploi dans le secteur public fédéral,Federal Public Sector Labour Relations and Employment Board,,Commission des relations de travail et de l'emploi dans le secteur public fédéral,,,,,,,,,a,
2025-11-17T22:23:04Z,3704,Treasury Board,Conseil du Trésor,Treasury Board,,Conseil du Trésor,,,,,,TB,CT,1,a,Conseil du Trésor
2025-11-17T22:23:04Z,3703,Canada Water Agency,Agence de l'eau du Canada,Canada Water Agency,Canada Water Agency,Agence canadienne de l'eau,Canada Water Agency,Agence de l'eau du Canada,,,,CWA,AEC,1.1,a,Agence canadienne de l'eau
2025-11-17T22:23:04Z,3702,2010 Games Operating Trust Society,Société du legs des Jeux de 2010,2010 Games Operating Trust Society,2010 Games Operating Trust Society,Société du legs des Jeux de 2010,,,,,,,,,a,
2025-11-17T22:23:04Z,3701,Prince George 2015 Canada Winter Games Host Society,Société hôtesse des Jeux d'hiver du Canada Prince George 2015,Prince George 2015 Canada Winter Games Host Society,Prince George 2015 Canada Winter Games Host Society,Société hôtesse des Jeux d'hiver du Canada Prince George 2015,,,,,,,,,a,
2025-11-17T22:23:04Z,3700,The Halifax 2011 Canada Games Host Society,Société d'accueil des Jeux de 2011 de Halifax,The Halifax 2011 Canada Games Host Society,The Halifax 2011 Canada Games Host Society,Société d'accueil des Jeux de 2011 de Halifax,,,,,,,,,d,
2025-11-17T22:23:04Z,3698,Vancouver Organizing Committee for the 2010 Olympic and Paralympic Winter Games,Comité d'organisation des Jeux olympiques et paralympiques d'hiver de 2010 à Vancouver,Vancouver Organizing Committee for the 2010 Olympic and Paralympic Winter Games,Vancouver Organizing Committee for the 2010 Olympic and Paralympic Winter Games,Comité d'organisation des Jeux olympiques et paralympiques d'hiver de 2010 à Vancouver,,,,,,,,,d,
2025-11-17T22:23:04Z,3697,Transportation Appeal Tribunal of Canada,Tribunal d'appel des transports du Canada,Transportation Appeal Tribunal of Canada,Transportation Appeal Tribunal of Canada,Tribunal d'appel des transports du Canada,,,Transport Canada,Transport Canada,Transports Canada,,,,t,
2025-11-17T22:23:04Z,3696,Registry of the Specific Claims Tribunal,Greffe du Tribunal des revendications particulières,Registry of the Specific Claims Tribunal,Registry of the Specific Claims Tribunal,Greffe du Tribunal des revendications particulières,,,,,,,,,t,
2025-11-17T22:23:04Z,3695,Registry of the Public Servants Disclosure Protection Tribunal,Greffe du Tribunal de la protection des fonctionnaires divulgateurs d'actes répréhensibles,Registry of the Public Servants Disclosure Protection Tribunal,Registry of the Public Servants Disclosure Protection Tribunal,Greffe du Tribunal de la protection des fonctionnaires divulgateurs d'actes répréhensibles,,,,,,,,,t,
2025-11-17T22:23:04Z,3694,Registry of the Competition Tribunal,Greffe du Tribunal de la concurrence,Registry of the Competition Tribunal,Registry of the Competition Tribunal,Greffe du Tribunal de la concurrence,,,,,,,,,t,
2025-11-17T22:23:04Z,3693,Public Service Staffing Tribunal,Tribunal de la dotation de la fonction publique,Public Service Staffing Tribunal,Public Service Staffing Tribunal,Tribunal de la dotation de la fonction publique,,,,,,,,,t,
2025-11-17T22:23:04Z,3692,Public Service Labour Relations Board,Commission des relations de travail dans la fonction publique,Public Service Labour Relations Board,Public Service Labour Relations Board,Commission des relations de travail dans la fonction publique,,,,,,,,,t,
2025-11-17T22:23:04Z,3691,Pension Appeals Board,Commission d'appel des pensions,Pension Appeals Board,Pension Appeals Board,Commission d'appel des pensions,,,,,,,,,t,
2025-11-17T22:23:04Z,3690,Parc Downsview Park Inc.,Parc Downsview Park Inc,Parc Downsview Park Inc.,Parc Downsview Park Inc.,Parc Downsview Park Inc,,,,,,,,,a,
2025-11-17T22:23:04Z,3689,Old Port of Montreal Corporation Inc.,Société du Vieux-Port de Montréal Inc.,Old Port of Montreal Corporation Inc.,Old Port of Montreal Corporation Inc.,Société du Vieux-Port de Montréal Inc.,,,,,,,,,t,
2025-11-17T22:23:04Z,3688,Office of the Umpire,Bureau du juge-arbitre,Office of the Umpire,Office of the Umpire,Bureau du juge-arbitre,,,,,,,,,t,
2025-11-17T22:23:04Z,3687,Office of the Commissioner of Review Tribunals,Bureau du Commissaire des tribunaux de révision,Office of the Commissioner of Review Tribunals,Office of the Commissioner of Review Tribunals,Bureau du Commissaire des tribunaux de révision,,,,,,,,,t,
2025-11-17T22:23:04Z,3659,Pacific Pilotage Authority,Administration de pilotage du Pacifique,Pacific Pilotage Authority,Pacific Pilotage Authority,Administration de pilotage du Pacifique,,,Transport Canada,Transport Canada,Transports Canada,,,3,a,Administration de pilotage du Pacifique
2025-11-17T22:23:04Z,3658,Marine Atlantic Inc.,Marine Atlantique S.C.C.,Marine Atlantic Inc.,Marine Atlantic Inc.,Marine Atlantique S.C.C.,,,Transport Canada,Transport Canada,Transports Canada,,,3,a,Marine Atlantique S.C.C.
2025-11-17T22:23:04Z,3657,Laurentian Pilotage Authority,Administration de pilotage des Laurentides,Laurentian Pilotage Authority,Laurentian Pilotage Authority,Administration de pilotage des Laurentides,,,Transport Canada,Transport Canada,Transports Canada,,,3,a,Administration de pilotage des Laurentides
2025-11-17T22:23:04Z,3656,Great Lakes Pilotage Authority,Administration de pilotage des Grands Lacs,Great Lakes Pilotage Authority,Great Lakes Pilotage Authority,Administration de pilotage des Grands Lacs,,,Transport Canada,Transport Canada,Transports Canada,,,3,a,Administration de pilotage des Grands Lacs
2025-11-17T22:23:04Z,3631,Canada Mortgage and Housing Corporation,Société canadienne d'hypothèques et de logement,Canada Mortgage and Housing Corporation,Canada Mortgage and Housing Corporation,Société canadienne d'hypothèques et de logement,,,"Housing, Infrastructure and Communities Canada","Housing, Infrastructure and Communities Canada","Logement, Infrastructures et Collectivités Canada",,,3,a,Société canadienne d'hypothèques et de logement
2025-11-17T22:23:04Z,3630,Toronto Organizing Committee for the 2015 Pan American and Parapan American Games,Comité d'organisation des Jeux panaméricains et parapanaméricains de Toronto 2015,Toronto Organizing Committee for the 2015 Pan American and Parapan American Games,Toronto Organizing Committee for the 2015 Pan American and Parapan American Games,Comité d'organisation des Jeux panaméricains et parapanaméricains de Toronto 2015,,,,,,,,,a,
2025-11-17T22:23:04Z,3629,Telefilm Canada,Téléfilm Canada,Telefilm Canada,Telefilm Canada,Téléfilm Canada,,,Canadian Heritage,Canadian Heritage,Patrimoine canadien,,,,a,
2025-11-17T22:23:04Z,3627,National Museum of Science and Technology,Musée national des sciences et de la technologie,National Museum of Science and Technology,National Museum of Science and Technology,Musée national des sciences et de la technologie,,,Canadian Heritage,Canadian Heritage,Patrimoine canadien,,,3,a,Musée national des sciences et de la technologie
2025-11-17T22:23:04Z,3626,National Gallery of Canada,Musée des beaux-arts du Canada,National Gallery of Canada,National Gallery of Canada,Musée des beaux-arts du Canada,,,Canadian Heritage,Canadian Heritage,Patrimoine canadien,,,3,a,Musée des beaux-arts du Canada
2025-11-17T22:23:04Z,3625,National Arts Centre Corporation,Société du Centre national des Arts,National Arts Centre Corporation,National Arts Centre Corporation,Société du Centre national des Arts,,,Canadian Heritage,Canadian Heritage,Patrimoine canadien,,,,a,
2025-11-17T22:23:04Z,3624,Canadian Race Relations Foundation,Fondation canadienne des relations raciales,Canadian Race Relations Foundation,Canadian Race Relations Foundation,Fondation canadienne des relations raciales,,,Canadian Heritage,Canadian Heritage,Patrimoine canadien,,,,a,
2025-11-17T22:23:04Z,3623,Canadian Museum of Nature,Musée canadien de la nature,Canadian Museum of Nature,Canadian Museum of Nature,Musée canadien de la nature,,,Canadian Heritage,Canadian Heritage,Patrimoine canadien,,,3,a,Musée canadien de la nature
2025-11-17T22:23:04Z,3622,Canadian Museum of Immigration at Pier 21,Musée canadien de l'immigration du Quai 21,Canadian Museum of Immigration at Pier 21,Canadian Museum of Immigration at Pier 21,Musée canadien de l'immigration du Quai 21,,,Canadian Heritage,Canadian Heritage,Patrimoine canadien,,,3,a,Musée canadien de l'immigration du Quai 21
2025-11-17T22:23:04Z,3621,Canadian Museum of History,Musée canadien de l'histoire,Canadian Museum of History,Canadian Museum of History,Musée canadien de l'histoire,,,Canadian Heritage,Canadian Heritage,Patrimoine canadien,,,3,a,Musée canadien de l'histoire
2025-11-17T22:23:04Z,3620,Canadian Museum for Human Rights,Musée canadien des droits de la personne,Canadian Museum for Human Rights,Canadian Museum for Human Rights,Musée canadien des droits de la personne,,,Canadian Heritage,Canadian Heritage,Patrimoine canadien,,,3,a,Musée canadien des droits de la personne
2025-11-17T22:23:04Z,3619,Canadian Broadcasting Corporation,Société Radio-Canada,Canadian Broadcasting Corporation,Canadian Broadcasting Corporation,Société Radio-Canada,,,Canadian Heritage,Canadian Heritage,Patrimoine canadien,,,,a,
2025-11-17T22:23:04Z,3618,Canada Council for the Arts,Conseil des Arts du Canada,Canada Council for the Arts,Canada Council for the Arts,Conseil des Arts du Canada,,,Canadian Heritage,Canadian Heritage,Patrimoine canadien,,,,a,
2025-11-17T22:23:04Z,3616,Farm Credit Canada,Financement agricole Canada,Farm Credit Canada,Farm Credit Canada,Financement agricole Canada,,,Agriculture and Agri-Food Canada,Agriculture and Agri-Food Canada,Agriculture et Agroalimentaire Canada,,,3,a,Financement agricole Canada
2025-11-17T22:23:04Z,3615,Canadian Dairy Commission,Commission canadienne du lait,Canadian Dairy Commission,Canadian Dairy Commission,Commission canadienne du lait,,,Agriculture and Agri-Food Canada,Agriculture and Agri-Food Canada,Agriculture et Agroalimentaire Canada,,,4,a,Commission canadienne du lait
2025-11-17T22:23:04Z,3614,Statute Revision Commission Canada,Commission de révision des lois Canada,Statute Revision Commission Canada,,Commission de révision des lois Canada,,,,,,,,,a,
2025-11-17T22:23:04Z,3613,Ship-source Oil Pollution Fund,Caisse d'indemnisation des dommages dus à la pollution par les hydrocarbures causée par les navires,Ship-source Oil Pollution Fund,,Caisse d'indemnisation des dommages dus à la pollution par les hydrocarbures causée par les navires,,,,,,,,,a,
2025-11-17T22:23:04Z,3612,Policy Horizons Canada,Horizons de politiques Canada,Policy Horizons Canada,,Horizons de politiques Canada,,,,,,,,,a,
2025-11-17T22:23:04Z,3611,Office of the Chief Science Advisor of Canada,Bureau du conseiller scientifique en chef du Canada,Office of the Chief Science Advisor of Canada,,Bureau du conseiller scientifique en chef du Canada,,,,,,,,,a,
2025-11-17T22:23:04Z,3609,National Advisory Council on Poverty,Conseil national du Bien-être,National Advisory Council on Poverty,,Conseil national du Bien-être,,,,,,,,,a,
2025-11-17T22:23:04Z,3608,National Advisory Council on Aging,Conseil consultatif national sur le troisième âge,National Advisory Council on Aging,,Conseil consultatif national sur le troisième âge,,,,,,,,,a,
2025-11-17T22:23:04Z,3632,Social Security Tribunal,Tribunal de la sécurité sociale,Social Security Tribunal,Social Security Tribunal,Tribunal de la sécurité sociale,,,Employment and Social Development Canada,Employment and Social Development Canada,Emploi et Développement social Canada,,,,t,
2025-11-17T22:23:04Z,3633,Bank of Canada,Banque du Canada,Bank of Canada,Bank of Canada,Banque du Canada,,,Department of Finance Canada,Department of Finance Canada,Ministère des Finances Canada,,,,a,
2025-11-17T22:23:04Z,3634,Canada Deposit Insurance Corporation,Société d'assurance-dépôts du Canada,Canada Deposit Insurance Corporation,Canada Deposit Insurance Corporation,Société d'assurance-dépôts du Canada,,,Department of Finance Canada,Department of Finance Canada,Ministère des Finances Canada,,,3,a,Société d'assurance-dépôts du Canada
2025-11-17T22:23:04Z,3646,Business Development Bank of Canada,Banque de développement du Canada,Business Development Bank of Canada,Business Development Bank of Canada,Banque de développement du Canada,,,"Innovation, Science and Economic Development Canada","Innovation, Science and Economic Development Canada","Innovation, Sciences et Développement économique Canada",,,3,a,Banque de développement du Canada
2025-11-17T22:23:04Z,3655,Canadian Air Transport Security Authority,Administration canadienne de la sûreté du transport aérien,Canadian Air Transport Security Authority,Canadian Air Transport Security Authority,Administration canadienne de la sûreté du transport aérien,,,Transport Canada,Transport Canada,Transports Canada,,,3,a,Administration canadienne de la sûreté du transport aérien
2025-11-17T22:23:04Z,3654,Atlantic Pilotage Authority,Administration de pilotage de l'Atlantique,Atlantic Pilotage Authority,Atlantic Pilotage Authority,Administration de pilotage de l'Atlantique,,,Transport Canada,Transport Canada,Transports Canada,,,3,a,Administration de pilotage de l'Atlantique
2025-11-17T22:23:04Z,3653,National Capital Commission,Commission de la capitale nationale,National Capital Commission,National Capital Commission,Commission de la capitale nationale,,,Public Services and Procurement Canada,Public Services and Procurement Canada,Services publics et Approvisionnement Canada,,,3,a,Commission de la capitale nationale
2025-11-17T22:23:04Z,3652,Defence Construction (1951) Limited,Construction de Défense (1951) Limitée,Defence Construction (1951) Limited,Defence Construction (1951) Limited,Construction de Défense (1951) Limitée,,,Public Services and Procurement Canada,Public Services and Procurement Canada,Services publics et Approvisionnement Canada,,,3,a,Construction de défense (1951) Limitée
2025-11-17T22:23:04Z,3651,Canada Post Corporation,Société canadienne des postes,Canada Post Corporation,Canada Post Corporation,Société canadienne des postes,,,Public Services and Procurement Canada,Public Services and Procurement Canada,Services publics et Approvisionnement Canada,,,3,a,Société canadienne des postes
2025-11-17T22:23:04Z,3650,Canada Lands Company Limited,Société immobilière du Canada limitée,Canada Lands Company Limited,Canada Lands Company Limited,Société immobilière du Canada limitée,,,Public Services and Procurement Canada,Public Services and Procurement Canada,Services publics et Approvisionnement Canada,,,3,a,Société immobilière du Canada Limitée
2025-11-17T22:23:04Z,3649,Atomic Energy of Canada Limited,Énergie atomique du Canada limitée,Atomic Energy of Canada Limited,Atomic Energy of Canada Limited,Énergie atomique du Canada limitée,,,Natural Resources Canada,Natural Resources Canada,Ressources naturelles Canada,,,3,a,"Énergie atomique du Canada, Limitée"
2025-11-17T22:23:04Z,3648,Standards Council of Canada,Conseil canadien des normes,Standards Council of Canada,Standards Council of Canada,Conseil canadien des normes,,,"Innovation, Science and Economic Development Canada","Innovation, Science and Economic Development Canada","Innovation, Sciences et Développement économique Canada",,,3,a,Conseil canadien des normes
2025-11-17T22:23:04Z,3647,Canadian Tourism Commission,Commission canadienne du tourisme,Canadian Tourism Commission,Canadian Tourism Commission,Commission canadienne du tourisme,,,"Innovation, Science and Economic Development Canada","Innovation, Science and Economic Development Canada","Innovation, Sciences et Développement économique Canada",,,3,a,Commission canadienne du tourisme
2025-11-17T22:23:04Z,3645,PPP Canada Inc.,PPP Canada Inc.,PPP Canada Inc.,PPP Canada Inc.,PPP Canada Inc.,,,,,,,,,d,
2025-11-17T22:23:04Z,3635,Canada Development Investment Corporation,La Corporation de développement des investissements du Canada,Canada Development Investment Corporation,Canada Development Investment Corporation,La Corporation de développement des investissements du Canada,,,Department of Finance Canada,Department of Finance Canada,Ministère des Finances Canada,,,3,a,Corporation d'investissements au développement du Canada
2025-11-17T22:23:04Z,3644,Windsor-Detroit Bridge Authority,Autorité du pont Windsor-Détroit,Windsor-Detroit Bridge Authority,Windsor-Detroit Bridge Authority,Autorité du pont Windsor-Détroit,,,"Housing, Infrastructure and Communities Canada","Housing, Infrastructure and Communities Canada","Logement, Infrastructures et Collectivités Canada",,,3,a,Autorité du pont Windsor-Détroit
2025-11-17T22:23:04Z,3643,The Jacques-Cartier and Champlain Bridges Inc.,Les Ponts Jacques-Cartier et Champlain Inc.,The Jacques-Cartier and Champlain Bridges Inc.,The Jacques-Cartier and Champlain Bridges Inc.,Les Ponts Jacques-Cartier et Champlain Inc.,,,"Housing, Infrastructure and Communities Canada","Housing, Infrastructure and Communities Canada","Logement, Infrastructures et Collectivités Canada",,,3,a,Les Ponts Jacques-Cartier et Champlain Inc.
2025-11-17T22:23:04Z,3642,Canada Infrastructure Bank,Banque de l'infrastructure du Canada,Canada Infrastructure Bank,Canada Infrastructure Bank,Banque de l'infrastructure du Canada,,,"Housing, Infrastructure and Communities Canada","Housing, Infrastructure and Communities Canada","Logement, Infrastructures et Collectivités Canada",,,3,a,Banque de l'infrastructure du Canada
2025-11-17T22:23:04Z,3641,International Development Research Centre,Centre de recherches pour le développement international,International Development Research Centre,International Development Research Centre,Centre de recherches pour le développement international,,,Global Affairs Canada,Global Affairs Canada,Affaires mondiales Canada,,,,a,
2025-11-17T22:23:04Z,3640,Export Development Canada,Exportation et développement Canada,Export Development Canada,Export Development Canada,Exportation et développement Canada,,,Global Affairs Canada,Global Affairs Canada,Affaires mondiales Canada,,,3,a,Exportation et développement Canada
2025-11-17T22:23:04Z,3639,Canadian Commercial Corporation,Corporation commerciale canadienne,Canadian Commercial Corporation,Canadian Commercial Corporation,Corporation commerciale canadienne,,,Global Affairs Canada,Global Affairs Canada,Affaires mondiales Canada,,,3,a,Corporation commerciale canadienne
2025-11-17T22:23:04Z,3638,Freshwater Fish Marketing Corporation,Office de commercialisation du poisson d'eau douce,Freshwater Fish Marketing Corporation,Freshwater Fish Marketing Corporation,Office de commercialisation du poisson d'eau douce,,,Fisheries and Oceans Canada,Fisheries and Oceans Canada,Pêches et Océans Canada,,,3,a,Office de commercialisation du poisson d'eau douce
2025-11-17T22:23:04Z,3637,Royal Canadian Mint,Monnaie royale canadienne,Royal Canadian Mint,Royal Canadian Mint,Monnaie royale canadienne,,,Department of Finance Canada,Department of Finance Canada,Ministère des Finances Canada,,,3,a,Monnaie royale canadienne
2025-11-17T22:23:04Z,3636,Canada Pension Plan Investment Board,Office d'investissement du régime de pensions du Canada,Canada Pension Plan Investment Board,Canada Pension Plan Investment Board,Office d'investissement du régime de pensions du Canada,,,Department of Finance Canada,Department of Finance Canada,Ministère des Finances Canada,,,,a,
2025-11-17T22:23:04Z,3498,Sport Dispute Resolution Centre of Canada,Centre de règlement des différends sportifs du Canada,Sport Dispute Resolution Centre of Canada,Sport Dispute Resolution Centre of Canada,Centre de règlement des différends sportifs du Canada,,,,,,,,,a,
2025-11-17T22:23:04Z,3595,Office of the Veterans' Ombudsman,Bureau de l'ombud des vétérans,Office of the Veterans' Ombudsman,,Bureau de l'ombud des vétérans,,,Veterans Affairs Canada,Veterans Affairs Canada,Anciens Combattants Canada,,,,a,
2025-11-17T22:23:04Z,3496,Saskatoon Airport Authority,Saskatoon Airport Authority,Saskatoon Airport Authority,Saskatoon Airport Authority,Saskatoon Airport Authority,,,,,,,,,a,
2025-11-17T22:23:04Z,2292,Shared Services Canada,Services partagés Canada,Shared Services Canada,Shared Services Canada,Services partagés Canada,Shared Services Canada,Services partagés Canada,Public Services and Procurement Canada,Public Services and Procurement Canada,Services publics et Approvisionnement Canada,SSC,SPC,1.1,a,Services partagés Canada
2025-11-17T22:23:04Z,2290,Civilian Review and Complaints Commission for the RCMP,Commission civile d'examen et de traitement des plaintes relatives à la GRC,Civilian Review and Complaints Commission for the Royal Canadian Mounted Police,Civilian Review and Complaints Commission for the Royal Canadian Mounted Police,Commission civile d'examen et de traitement des plaintes relatives à la Gendarmerie royale du Canada,Civilian Review and Complaints Commission for the RCMP,Commission civile d'examen et de traitement des plaintes relatives à la GRC,Public Safety Canada,Public Safety Canada,Sécurité publique Canada,CRCC,CCETP,1.1,a,Commission civile d'examen et de traitement des plaintes relatives à la Gendarmerie royale du Canada
2025-11-17T22:23:04Z,2289,RCMP External Review Committee,Comité externe d'examen de la GRC,Royal Canadian Mounted Police External Review Committee,Royal Canadian Mounted Police External Review Committee,Comité externe d'examen de la Gendarmerie royale du Canada,RCMP External Review Committee,Comité externe d'examen de la GRC,Public Safety Canada,Public Safety Canada,Sécurité publique Canada,ERC,CEE,1.1,a,Comité externe d'examen de la Gendarmerie royale du Canada
2025-11-17T22:23:04Z,2288,Royal Canadian Mounted Police,Gendarmerie royale du Canada,Royal Canadian Mounted Police,Royal Canadian Mounted Police,Gendarmerie royale du Canada,,,Public Safety Canada,Public Safety Canada,Sécurité publique Canada,RCMP,GRC,1.1,a,Gendarmerie royale du Canada
2025-11-17T22:23:04Z,2287,Registrar of the Supreme Court of Canada,Registraire de la Cour suprême du Canada,Registrar of the Supreme Court of Canada,Registrar of the Supreme Court of Canada,Registraire de la Cour suprême du Canada,,,Department of Justice Canada,Department of Justice Canada,Ministère de la Justice Canada,,,1.1,a,Registraire de la Cour suprême du Canada et le secteur de l'administration publique fédérale nommé en vertu du paragraphe 12(2) de la Loi sur la Cour suprême
2025-11-17T22:23:04Z,2286,Public Service Commission of Canada,Commission de la fonction publique du Canada,Public Service Commission,Public Service Commission,Commission de la fonction publique,Public Service Commission of Canada,Commission de la fonction publique du Canada,Privy Council Office,Privy Council Office,Bureau du Conseil privé,PSC,CFP,1.1,a,Commission de la fonction publique
2025-11-17T22:23:04Z,2285,Public Health Agency of Canada,Agence de la santé publique du Canada,Public Health Agency of Canada,Public Health Agency of Canada,Agence de la santé publique du Canada,Public Health Agency of Canada,Agence de la santé publique du Canada,Health Canada,Health Canada,Santé Canada,PHAC,ASPC,1.1,a,Agence de la santé publique du Canada
2025-11-17T22:23:04Z,2284,Privy Council Office,Bureau du Conseil privé,Privy Council Office,Privy Council Office,Bureau du Conseil privé,Privy Council Office,Bureau du Conseil privé,Privy Council Office,Privy Council Office,Bureau du Conseil privé,PCO,BCP,1.1,a,Bureau du Conseil privé
2025-11-17T22:23:04Z,2283,Patented Medicine Prices Review Board Canada,Conseil d'examen du prix des médicaments brevetés Canada,Patented Medicine Prices Review Board,Patented Medicine Prices Review Board,Conseil d'examen du prix des médicaments brevetés,Patented Medicine Prices Review Board Canada,Conseil d'examen du prix des médicaments brevetés Canada,Health Canada,Health Canada,Santé Canada,PMPRB,CEPMB,1.1,a,Conseil d'examen du prix des médicaments brevetés
2025-11-17T22:23:04Z,2282,Office of the Privacy Commissioner of Canada,Commissariat à la protection de la vie privée du Canada,Office of the Privacy Commissioner of Canada,,Commissariat à la protection de la vie privée du Canada,,,Department of Justice Canada,Department of Justice Canada,Ministère de la Justice Canada,,,4,a,Commissariat à la protection de la vie privée du Canada
2025-11-17T22:23:04Z,2281,Office of the Information Commissioner of Canada,Commissariat à l'information au Canada,Office of the Information Commissioner of Canada,,Commissariat à l'information au Canada,,,Department of Justice Canada,Department of Justice Canada,Ministère de la Justice Canada,,,,a,
2025-11-17T22:23:04Z,2280,Office of the Superintendent of Financial Institutions Canada,Bureau du surintendant des institutions financières Canada,Office of the Superintendent of Financial Institutions,Office of the Superintendent of Financial Institutions,Bureau du surintendant des institutions financières,Office of the Superintendent of Financial Institutions Canada,Bureau du surintendant des institutions financières Canada,Department of Finance Canada,Department of Finance Canada,Ministère des Finances Canada,OSFI,BSIF,1.1,a,Bureau du surintendant des institutions financières
2025-11-17T22:23:04Z,2279,Office of the Public Sector Integrity Commissioner of Canada,Commissariat à l'intégrité du secteur public du Canada,Office of the Public Sector Integrity Commissioner,Office of the Public Sector Integrity Commissioner,Commissariat à l'intégrité du secteur public,Office of the Public Sector Integrity Commissioner of Canada,Commissariat à l'intégrité du secteur public du Canada,Treasury Board of Canada Secretariat,Treasury Board of Canada Secretariat,Secrétariat du Conseil du Trésor du Canada,PSIC,ISPC,1.1,a,Commissariat à l'intégrité du secteur public
2025-11-17T22:23:04Z,2278,Office of the Secretary to the Governor General,Bureau du secrétaire du gouverneur général,Office of the Governor General's Secretary,Office of the Governor General's Secretary,Bureau du secrétaire du gouverneur général,Office of the Secretary to the Governor General,Bureau du secrétaire du gouverneur général,Privy Council Office,Privy Council Office,Bureau du Conseil privé,OSGG,BSGG,1.1,a,Bureau du secrétaire du gouverneur général
2025-11-17T22:23:04Z,2277,Public Prosecution Service of Canada,Service des poursuites pénales du Canada,Office of the Director of Public Prosecutions,Office of the Director of Public Prosecutions,Bureau du directeur des poursuites pénales,Public Prosecution Service of Canada,Service des poursuites pénales du Canada,Department of Justice Canada,Department of Justice Canada,Ministère de la Justice Canada,PPSC,SPPC,1.1,a,Bureau du directeur des poursuites pénales
2025-11-17T22:23:04Z,2276,The Correctional Investigator Canada,L'Enquêteur correctionnel Canada,Office of the Correctional Investigator of Canada,Office of the Correctional Investigator of Canada,Bureau de l'enquêteur correctionnel du Canada,The Correctional Investigator Canada,L'Enquêteur correctionnel Canada,Public Safety Canada,Public Safety Canada,Sécurité publique Canada,OCI,BEC,1.1,a,Bureau de l'enquêteur correctionnel du Canada
2025-11-17T22:23:04Z,2275,Office of the Intelligence Commissioner,Bureau du commissaire au renseignement,Office of the Intelligence Commissioner,Office of the Intelligence Commissioner,Bureau du commissaire au renseignement,,,Privy Council Office,Privy Council Office,Bureau du Conseil privé,,,1.1,a,Bureau du commissaire au renseignement
2025-11-17T22:23:04Z,2274,Office of the Commissioner of Official Languages,Commissariat aux langues officielles,Office of the Commissioner of Official Languages,Office of the Commissioner of Official Languages,Commissariat aux langues officielles,,,Privy Council Office,Privy Council Office,Bureau du Conseil privé,OCOL,CLO,1.1,a,Commissariat aux langues officielles
2025-11-17T22:23:04Z,2273,Office of the Commissioner of Lobbying of Canada,Commissariat au lobbying du Canada,Office of the Commissioner of Lobbying,Office of the Commissioner of Lobbying,Commissariat au lobbying,Office of the Commissioner of Lobbying of Canada,Commissariat au lobbying du Canada,Treasury Board of Canada Secretariat,Treasury Board of Canada Secretariat,Secrétariat du Conseil du Trésor du Canada,OCL,CAL,1.1,a,Commissariat au lobbying
2025-11-17T22:23:04Z,2272,Office of the Commissioner for Federal Judicial Affairs Canada,Commissariat à la magistrature fédérale Canada,Office of the Commissioner for Federal Judicial Affairs,Office of the Commissioner for Federal Judicial Affairs,Commissariat à la magistrature fédérale,Office of the Commissioner for Federal Judicial Affairs Canada,Commissariat à la magistrature fédérale Canada,Department of Justice Canada,Department of Justice Canada,Ministère de la Justice Canada,FJA,CMF,1.1,a,Bureau du commissaire à la magistrature fédérale
2025-11-17T22:23:04Z,2271,Elections Canada,Élections Canada,Office of the Chief Electoral Officer,Office of the Chief Electoral Officer,Bureau du directeur général des élections,,,,,,elections,elections,1.1,a,Bureau du directeur général des élections
2025-11-17T22:23:04Z,2270,Office of the Auditor General of Canada,Bureau du vérificateur général du Canada,Office of the Auditor General,Office of the Auditor General,Bureau du vérificateur général,Office of the Auditor General of Canada,Bureau du vérificateur général du Canada,Department of Finance Canada,Department of Finance Canada,Ministère des Finances Canada,OAG,BVG,1.1,a,Bureau du vérificateur général
2025-11-17T22:23:04Z,2291,National Security and Intelligence Review Agency Secretariat,Secrétariat de l'Office de surveillance des activités en matière de sécurité nationale et de renseignement,National Security and Intelligence Review Agency Secretariat,National Security and Intelligence Review Agency Secretariat,Secrétariat de l'Office de surveillance des activités en matière de sécurité nationale et de renseignement,,,Privy Council Office,Privy Council Office,Bureau du Conseil privé,,,1.1,a,Secrétariat de l'Office de surveillance des activités en matière de sécurité nationale et de renseignement
2025-11-17T22:23:04Z,2293,Statistics Canada,Statistique Canada,Statistics Canada,Statistics Canada,Statistique Canada,Statistics Canada,Statistique Canada,"Innovation, Science and Economic Development Canada","Innovation, Science and Economic Development Canada","Innovation, Sciences et Développement économique Canada",StatCan,StatCan,1.1,a,Statistique Canada
2025-11-17T22:23:04Z,2317,Invest in Canada Hub,Investir au Canada,Invest in Canada Hub,Invest in Canada Hub,Investir au Canada,,,Global Affairs Canada,Global Affairs Canada,Affaires mondiales Canada,,,2,a,Investir au Canada
2025-11-17T22:23:04Z,2294,Veterans Review and Appeal Board,Tribunal des anciens combattants (révision et appel),Veterans Review and Appeal Board,Veterans Review and Appeal Board,Tribunal des anciens combattants (révision et appel),,,Veterans Affairs Canada,Veterans Affairs Canada,Anciens Combattants Canada,VRAB,TACRA,1.1,a,Tribunal des anciens combattants (révision et appel)
2025-11-17T22:23:04Z,2315,Parks Canada,Parcs Canada,Parks Canada Agency,Parks Canada Agency,Agence Parcs Canada,Parks Canada,Parcs Canada,Environment and Climate Change Canada,Environment and Climate Change Canada,Environnement et Changement climatique Canada,PC,PC,2,a,Agence Parcs Canada
2025-11-17T22:23:04Z,2314,Natural Sciences and Engineering Research Council of Canada,Conseil de recherches en sciences naturelles et en génie du Canada,Natural Sciences and Engineering Research Council,Natural Sciences and Engineering Research Council,Conseil de recherches en sciences naturelles et en génie,Natural Sciences and Engineering Research Council of Canada,Conseil de recherches en sciences naturelles et en génie du Canada,"Innovation, Science and Economic Development Canada","Innovation, Science and Economic Development Canada","Innovation, Sciences et Développement économique Canada",NSERC,CRSNG,2,a,Conseil de recherches en sciences naturelles et en génie
2025-11-17T22:23:04Z,2313,National Research Council Canada,Conseil national de recherches Canada,National Research Council of Canada,National Research Council of Canada,Conseil national de recherches du Canada,National Research Council Canada,Conseil national de recherches Canada,"Innovation, Science and Economic Development Canada","Innovation, Science and Economic Development Canada","Innovation, Sciences et Développement économique Canada",NRC,CNRC,2,a,Conseil national de recherches du Canada
2025-11-17T22:23:04Z,2312,Canada Energy Regulator,Régie de l'énergie du Canada,Canadian Energy Regulator,Canadian Energy Regulator,Régie canadienne de l'énergie,Canada Energy Regulator,Régie de l'énergie du Canada,Natural Resources Canada,Natural Resources Canada,Ressources naturelles Canada,CER,REC,2,a,Régie canadienne de l'énergie
2025-11-17T22:23:04Z,2311,The National Battlefields Commission,Commission des champs de bataille nationaux,The National Battlefields Commission,The National Battlefields Commission,Commission des champs de bataille nationaux,The National Battlefields Commission,Commission des champs de bataille nationaux,Canadian Heritage,Canadian Heritage,Patrimoine canadien,NBC,CCBN,2,a,Commission des champs de bataille nationaux
2025-11-17T22:23:04Z,2310,Law Commission of Canada,Commission du droit du Canada,Law Commission of Canada,Law Commission of Canada,Commission du droit du Canada,Law Commission of Canada,Commission du droit du Canada,Department of Justice Canada,Department of Justice Canada,Ministère de la Justice Canada,,,2,a,Commission du droit du Canada
2025-11-17T22:23:04Z,2309,Transportation Safety Board of Canada,Bureau de la sécurité des transports du Canada,Canadian Transportation Accident Investigation and Safety Board,Canadian Transportation Accident Investigation and Safety Board,Bureau canadien d'enquête sur les accidents de transport et de la sécurité des transports,Transportation Safety Board of Canada,Bureau de la sécurité des transports du Canada,Privy Council Office,Privy Council Office,Bureau du Conseil privé,TSB,BST,2,a,Bureau canadien d'enquête sur les accidents de transport et de la sécurité des transports
2025-11-17T22:23:04Z,2308,Canadian Nuclear Safety Commission,Commission canadienne de sûreté nucléaire,Canadian Nuclear Safety Commission,Canadian Nuclear Safety Commission,Commission canadienne de sûreté nucléaire,Canadian Nuclear Safety Commission,Commission canadienne de sûreté nucléaire,Natural Resources Canada,Natural Resources Canada,Ressources naturelles Canada,CNSC,CCSN,2,a,Commission canadienne de sûreté nucléaire
2025-11-17T22:23:04Z,2307,Canadian Institutes of Health Research,Instituts de recherche en santé du Canada,Canadian Institutes of Health Research,Canadian Institutes of Health Research,Instituts de recherche en santé du Canada,,,Health Canada,Health Canada,Santé Canada,CIHR,IRSC,2,a,Instituts de recherche en santé du Canada
2025-11-17T22:23:04Z,2306,Canadian Food Inspection Agency,Agence canadienne d'inspection des aliments,Canadian Food Inspection Agency,Canadian Food Inspection Agency,Agence canadienne d'inspection des aliments,Canadian Food Inspection Agency,Agence canadienne d'inspection des aliments,Health Canada,Health Canada,Santé Canada,CFIA,ACIA,2,a,Agence canadienne d'inspection des aliments
2025-11-17T22:23:04Z,2305,Canadian Centre for Occupational Health and Safety,Centre canadien d'hygiène et de sécurité au travail,Canadian Centre for Occupational Health and Safety,Canadian Centre for Occupational Health and Safety,Centre canadien d'hygiène et de sécurité au travail,,,Employment and Social Development Canada,Employment and Social Development Canada,Emploi et Développement social Canada,CCOHS,CCHST,2,a,Centre canadien d'hygiène et de sécurité au travail
2025-11-17T22:23:04Z,2304,Canada School of Public Service,École de la fonction publique du Canada,Canada School of Public Service,Canada School of Public Service,École de la fonction publique du Canada,Canada School of Public Service,École de la fonction publique du Canada,Treasury Board of Canada Secretariat,Treasury Board of Canada Secretariat,Secrétariat du Conseil du Trésor du Canada,CSPS,EFPC,2,a,École de la fonction publique du Canada
2025-11-17T22:23:04Z,2303,Canada Revenue Agency,Agence du revenu du Canada,Canada Revenue Agency,Canada Revenue Agency,Agence du revenu du Canada,,,Canada Revenue Agency,Canada Revenue Agency,Agence du revenu du Canada,CRA,ARC,2,a,Agence du revenu du Canada
2025-11-17T22:23:04Z,2302,Canada Employment Insurance Commission,Commission de l'assurance-emploi du Canada,Canada Employment Insurance Commission,Canada Employment Insurance Commission,Commission de l'assurance-emploi du Canada,Canada Employment Insurance Commission,Commission de l'assurance-emploi du Canada,Employment and Social Development Canada,Employment and Social Development Canada,Emploi et Développement social Canada,CEIC,CAEC,2,a,Commission de l'assurance-emploi du Canada
2025-11-17T22:23:04Z,2301,Canada Emission Reduction Incentives Agency,Agence canadienne pour l'incitation à la réduction des émissions,Canada Emission Reduction Incentives Agency,Canada Emission Reduction Incentives Agency,Agence canadienne pour l'incitation à la réduction des émissions,,,Environment and Climate Change Canada,Environment and Climate Change Canada,Environnement et Changement climatique Canada,,,2,a,Agence canadienne pour l'incitation à la réduction des émissions
2025-11-17T22:23:04Z,2300,Canada Border Services Agency,Agence des services frontaliers du Canada,Canada Border Services Agency,Canada Border Services Agency,Agence des services frontaliers du Canada,Canada Border Services Agency,Agence des services frontaliers du Canada,Public Safety Canada,Public Safety Canada,Sécurité publique Canada,CBSA,ASFC,2,a,Agence des services frontaliers du Canada
2025-11-17T22:23:04Z,2299,Federal Economic Development Agency for Northern Ontario,Agence fédérale de développement économique pour le Nord de l'Ontario,Federal Economic Development Agency for Northern Ontario,Federal Economic Development Agency for Northern Ontario,Agence fédérale de développement économique pour le Nord de l'Ontario,Federal Economic Development Agency for Northern Ontario,Agence fédérale de développement économique pour le Nord de l'Ontario,Minister of Jobs and Families and Minister responsible for the Federal Economic Development Agency for Northern Ontario,,Ministre de l'Emploi et des Familles et ministre responsable de l'Agence fédérale de développement économique pour le Nord de l'Ontario,FedNor,FedNor,1.1,a,Agence fédérale de développement économique pour le Nord de l'Ontario
2025-11-17T22:23:04Z,2298,Pacific Economic Development Canada,Développement économique Canada pour le Pacifique,Pacific Economic Development Agency of Canada,Pacific Economic Development Agency of Canada,Agence de développement économique du Pacifique Canada,Pacific Economic Development Canada,Développement économique Canada pour le Pacifique,Minister of Housing and Infrastructure and Minister responsible for Pacific Economic Development Canada,,Ministre du Logement et de l'Infrastructure et ministre responsable de Développement économique Canada pour le Pacifique,PacifiCan,PacifiCan,1.1,a,Agence de développement économique du Pacifique Canada
2025-11-17T22:23:04Z,2297,Administrative Tribunals Support Service of Canada,Service canadien d'appui aux tribunaux administratifs,Administrative Tribunals Support Service of Canada,Administrative Tribunals Support Service of Canada,Service canadien d'appui aux tribunaux administratifs,Administrative Tribunals Support Service of Canada,Service canadien d'appui aux tribunaux administratifs,Department of Justice Canada,Department of Justice Canada,Ministère de la Justice Canada,ATSSC,SCDATA,1.1,a,Service canadien d'appui aux tribunaux administratifs
2025-11-17T22:23:04Z,2296,Leaders' Debates Commission,Commission des débats des chefs,Leaders' Debates Commission,Leaders' Debates Commission,Commission des débats des chefs,,,Privy Council Office,Privy Council Office,Bureau du Conseil privé,,,1.1,a,Commission des débats des chefs
2025-11-17T22:23:04Z,2295,Secretariat of the National Security and Intelligence Committee of Parliamentarians,Secrétariat du Comité des parlementaires sur la sécurité nationale et le renseignement,Secretariat of the National Security and Intelligence Committee of Parliamentarians,Secretariat of the National Security and Intelligence Committee of Parliamentarians,Secrétariat du Comité des parlementaires sur la sécurité nationale et le renseignement,Secretariat of the National Security and Intelligence Committee of Parliamentarians,Secrétariat du Comité des parlementaires sur la sécurité nationale et le renseignement,Privy Council Office,Privy Council Office,Bureau du Conseil privé,SNSICP,SCPSNR,1.1,a,Secrétariat du Comité des parlementaires sur la sécurité nationale et le renseignement
2025-11-17T22:23:04Z,2269,"Housing, Infrastructure and Communities Canada","Logement, Infrastructures et Collectivités Canada","Department of Housing, Infrastructure and Communities","Department of Housing, Infrastructure and Communities","Ministère du Logement, de l'Infrastructure et des Collectivités","Housing, Infrastructure and Communities Canada","Logement, Infrastructures et Collectivités Canada","Housing, Infrastructure and Communities Canada","Housing, Infrastructure and Communities Canada","Logement, Infrastructures et Collectivités Canada",HICC,LICC,1,a,"Ministère du Logement, de l'Infrastructure et des Collectivités"
2025-11-17T22:23:04Z,2268,Northern Pipeline Agency Canada,Administration du pipe-line du Nord Canada,Northern Pipeline Agency,Northern Pipeline Agency,Administration du pipe-line du Nord,Northern Pipeline Agency Canada,Administration du pipe-line du Nord Canada,Natural Resources Canada,Natural Resources Canada,Ressources naturelles Canada,NPA,APN,1.1,a,Administration du pipe-line du Nord
2025-11-17T22:23:04Z,2267,Parole Board of Canada,Commission des libérations conditionnelles du Canada,Parole Board of Canada,Parole Board of Canada,Commission des libérations conditionnelles du Canada,Parole Board of Canada,Commission des libérations conditionnelles du Canada,Public Safety Canada,Public Safety Canada,Sécurité publique Canada,PBC,CLCC,1.1,a,Commission des libérations conditionnelles du Canada
2025-11-17T22:23:04Z,2266,National Film Board,Office national du film,National Film Board,National Film Board,Office national du film,,,Canadian Heritage,Canadian Heritage,Patrimoine canadien,NFB,ONF,1.1,a,Office national du film
2025-11-17T22:23:04Z,2241,Women and Gender Equality Canada,Femmes et Égalité des genres Canada,Department for Women and Gender Equality,Department for Women and Gender Equality,Ministère des Femmes et de l'Égalité des genres,Women and Gender Equality Canada,Femmes et Égalité des genres Canada,Women and Gender Equality Canada,Women and Gender Equality Canada,Femmes et Égalité des genres Canada,WAGE,FEGC,1,a,Ministère des Femmes et de l'Égalité des genres
2025-11-17T22:23:04Z,2240,Prairies Economic Development Canada,Développement économique Canada pour les Prairies,Department of Western Economic Diversification,Department of Western Economic Diversification,Ministère de la Diversification de l'économie de l'Ouest canadien,Prairies Economic Development Canada,Développement économique Canada pour les Prairies,Minister of Emergency Management and Community Resilience and Minister responsible for Prairies Economic Development Canada,,Ministre de la Gestion des urgences et de la Résilience des communautés et ministre responsable de Développement économique Canada pour les Prairies,PrairiesCan,PrairiesCan,1,a,Ministère de la Diversification de l'économie de l'Ouest canadien
2025-11-17T22:23:04Z,2239,Veterans Affairs Canada,Anciens Combattants Canada,Department of Veterans Affairs,Department of Veterans Affairs,Ministère des Anciens Combattants,Veterans Affairs Canada,Anciens Combattants Canada,Veterans Affairs Canada,Veterans Affairs Canada,Anciens Combattants Canada,VAC,ACC,1,a,Ministère des Anciens Combattants
2025-11-17T22:23:04Z,2238,Transport Canada,Transports Canada,Department of Transport,Department of Transport,Ministère des Transports,Transport Canada,Transports Canada,Transport Canada,Transport Canada,Transports Canada,TC,TC,1,a,Ministère des Transports
2025-11-17T22:23:04Z,2237,Environment and Climate Change Canada,Environnement et Changement climatique Canada,Department of the Environment,Department of the Environment,Ministère de l'Environnement,Environment and Climate Change Canada,Environnement et Changement climatique Canada,Environment and Climate Change Canada,Environment and Climate Change Canada,Environnement et Changement climatique Canada,ECCC,ECCC,1,a,Ministère de l'Environnement
2025-11-17T22:23:04Z,2236,Public Services and Procurement Canada,Services publics et Approvisionnement Canada,Department of Public Works and Government Services,Department of Public Works and Government Services,Ministère des Travaux publics et des Services gouvernementaux,Public Services and Procurement Canada,Services publics et Approvisionnement Canada,Public Services and Procurement Canada,Public Services and Procurement Canada,Services publics et Approvisionnement Canada,PSPC,SPAC,1,a,Ministère des Travaux publics et des Services gouvernementaux
2025-11-17T22:23:04Z,2235,Public Safety Canada,Sécurité publique Canada,Department of Public Safety and Emergency Preparedness,Department of Public Safety and Emergency Preparedness,Ministère de la Sécurité publique et de la Protection civile,Public Safety Canada,Sécurité publique Canada,Public Safety Canada,Public Safety Canada,Sécurité publique Canada,PS,SP,1,a,Ministère de la Sécurité publique et de la Protection civile
2025-11-17T22:23:04Z,2234,Natural Resources Canada,Ressources naturelles Canada,Department of Natural Resources,Department of Natural Resources,Ministère des Ressources naturelles,Natural Resources Canada,Ressources naturelles Canada,Natural Resources Canada,Natural Resources Canada,Ressources naturelles Canada,NRCan,RNCan,1,a,Ministère des Ressources naturelles
2025-11-17T22:23:04Z,2233,National Defence,Défense nationale,Department of National Defence,Department of National Defence,Ministère de la Défense nationale,National Defence,Défense nationale,National Defence,National Defence,Défense nationale,DND,MDN,1,a,Ministère de la Défense nationale
2025-11-17T22:23:04Z,2232,Department of Justice Canada,Ministère de la Justice Canada,Department of Justice,Department of Justice,Ministère de la Justice,Department of Justice Canada,Ministère de la Justice Canada,Department of Justice Canada,Department of Justice Canada,Ministère de la Justice Canada,JUS,JUS,1,a,Ministère de la Justice
2025-11-17T22:23:04Z,2231,"Innovation, Science and Economic Development Canada","Innovation, Sciences et Développement économique Canada",Department of Industry,Department of Industry,Ministère de l'Industrie,"Innovation, Science and Economic Development Canada","Innovation, Sciences et Développement économique Canada","Innovation, Science and Economic Development Canada","Innovation, Science and Economic Development Canada","Innovation, Sciences et Développement économique Canada",ISED,ISDE,1,a,Ministère de l'Industrie
2025-11-17T22:23:04Z,2230,Crown-Indigenous Relations and Northern Affairs Canada,Relations Couronne-Autochtones et Affaires du Nord Canada,Department of Crown-Indigenous Relations and Northern Affairs,Department of Crown-Indigenous Relations and Northern Affairs,Ministère des Relations Couronne-Autochtones et des Affaires du Nord,Crown-Indigenous Relations and Northern Affairs Canada,Relations Couronne-Autochtones et Affaires du Nord Canada,Crown-Indigenous Relations and Northern Affairs Canada,Crown-Indigenous Relations and Northern Affairs Canada,Relations Couronne-Autochtones et Affaires du Nord Canada,CIRNAC,RCAANC,1,a,Ministère des Relations Couronne-Autochtones et des Affaires du Nord
2025-11-17T22:23:04Z,2229,Employment and Social Development Canada,Emploi et Développement social Canada,Department of Employment and Social Development,Department of Employment and Social Development,Ministère de l'Emploi et du Développement social,Employment and Social Development Canada,Emploi et Développement social Canada,Employment and Social Development Canada,Employment and Social Development Canada,Emploi et Développement social Canada,ESDC,EDSC,1,a,Ministère de l'Emploi et du Développement social
2025-11-17T22:23:04Z,2228,Health Canada,Santé Canada,Department of Health,Department of Health,Ministère de la Santé,Health Canada,Santé Canada,Health Canada,Health Canada,Santé Canada,HC,SC,1,a,Ministère de la Santé
2025-11-17T22:23:04Z,2227,Global Affairs Canada,Affaires mondiales Canada,"Department of Foreign Affairs, Trade and Development","Department of Foreign Affairs, Trade and Development","Ministère des Affaires étrangères, du Commerce et du Développement",Global Affairs Canada,Affaires mondiales Canada,Global Affairs Canada,Global Affairs Canada,Affaires mondiales Canada,GAC,AMC,1,a,"Ministère des Affaires étrangères, du Commerce et du Développement"
2025-11-17T22:23:04Z,2226,Fisheries and Oceans Canada,Pêches et Océans Canada,Department of Fisheries and Oceans,Department of Fisheries and Oceans,Ministère des Pêches et des Océans,Fisheries and Oceans Canada,Pêches et Océans Canada,Fisheries and Oceans Canada,Fisheries and Oceans Canada,Pêches et Océans Canada,DFO,MPO,1,a,Ministère des Pêches et des Océans
2025-11-17T22:23:04Z,2225,Department of Finance Canada,Ministère des Finances Canada,Department of Finance,Department of Finance,Ministère des Finances,Department of Finance Canada,Ministère des Finances Canada,Department of Finance Canada,Department of Finance Canada,Ministère des Finances Canada,FIN,FIN,1,a,Ministère des Finances
2025-11-17T22:23:04Z,2224,"Immigration, Refugees and Citizenship Canada","Immigration, Réfugiés et Citoyenneté Canada",Department of Citizenship and Immigration,Department of Citizenship and Immigration,Ministère de la Citoyenneté et de l'Immigration,"Immigration, Refugees and Citizenship Canada","Immigration, Réfugiés et Citoyenneté Canada","Immigration, Refugees and Citizenship Canada","Immigration, Refugees and Citizenship Canada","Immigration, Réfugiés et Citoyenneté Canada",IRCC,IRCC,1,a,Ministère de la Citoyenneté et de l'Immigration
2025-11-17T22:23:04Z,2223,Canadian Heritage,Patrimoine canadien,Department of Canadian Heritage,Department of Canadian Heritage,Ministère du Patrimoine canadien,Canadian Heritage,Patrimoine canadien,Canadian Heritage,Canadian Heritage,Patrimoine canadien,PCH,PCH,1,a,Ministère du Patrimoine canadien
2025-11-17T22:23:04Z,2222,Agriculture and Agri-Food Canada,Agriculture et Agroalimentaire Canada,Department of Agriculture and Agri-Food,Department of Agriculture and Agri-Food,Ministère de l'Agriculture et de l'Agroalimentaire,Agriculture and Agri-Food Canada,Agriculture et Agroalimentaire Canada,Agriculture and Agri-Food Canada,Agriculture and Agri-Food Canada,Agriculture et Agroalimentaire Canada,AAFC,AAC,1,a,Ministère de l'Agriculture et de l'Agroalimentaire
2025-11-17T22:23:04Z,3495,Saint John Port Authority,Administration portuaire de Saint John,Saint John Port Authority,Saint John Port Authority,Administration portuaire de Saint John,,,,,,,,,a,
2025-11-17T22:23:04Z,2242,Treasury Board of Canada Secretariat,Secrétariat du Conseil du Trésor du Canada,Treasury Board Secretariat,Treasury Board Secretariat,Secrétariat du Conseil du Trésor,Treasury Board of Canada Secretariat,Secrétariat du Conseil du Trésor du Canada,Treasury Board of Canada Secretariat,Treasury Board of Canada Secretariat,Secrétariat du Conseil du Trésor du Canada,TBS,SCT,,a,
2025-11-17T22:23:04Z,2243,Indigenous Services Canada,Services aux Autochtones Canada,Department of Indigenous Services,Department of Indigenous Services,Ministère des Services aux Autochtones,Indigenous Services Canada,Services aux Autochtones Canada,Indigenous Services Canada,Indigenous Services Canada,Services aux Autochtones Canada,ISC,SAC,1,a,Ministère des Services aux Autochtones
2025-11-17T22:23:04Z,2244,Atlantic Canada Opportunities Agency,Agence de promotion économique du Canada atlantique,Atlantic Canada Opportunities Agency,Atlantic Canada Opportunities Agency,Agence de promotion économique du Canada atlantique,,,Minister of Justice and Attorney General of Canada and Minister responsible for the Atlantic Canada Opportunities Agency,,Ministre de la Justice et procureur général du Canada et ministre responsable de l'Agence de promotion économique du Canada atlantique,ACOA,APECA,1.1,a,Agence de promotion économique du Canada atlantique
2025-11-17T22:23:04Z,2256,Courts Administration Service,Service administratif des tribunaux judiciaires,Courts Administration Service,Courts Administration Service,Service administratif des tribunaux judiciaires,Courts Administration Service,Service administratif des tribunaux judiciaires,Department of Justice Canada,Department of Justice Canada,Ministère de la Justice Canada,CAS,SATJ,1.1,a,Service administratif des tribunaux judiciaires
2025-11-17T22:23:04Z,2265,Farm Products Council of Canada,Conseil des produits agricoles du Canada,National Farm Products Council,National Farm Products Council,Conseil national des produits agricoles,Farm Products Council of Canada,Conseil des produits agricoles du Canada,Agriculture and Agri-Food Canada,Agriculture and Agri-Food Canada,Agriculture et Agroalimentaire Canada,FPCC,CPAC,1.1,a,Conseil national des produits agricoles
2025-11-17T22:23:04Z,2264,Military Police Complaints Commission of Canada,Commission d'examen des plaintes concernant la police militaire du Canada,Military Police Complaints Commission,Military Police Complaints Commission,Commission d'examen des plaintes concernant la police militaire,Military Police Complaints Commission of Canada,Commission d'examen des plaintes concernant la police militaire du Canada,National Defence,National Defence,Défense nationale,MPCC,CPPM,1.1,a,Commission d'examen des plaintes concernant la police militaire
2025-11-17T22:23:04Z,2263,Military Grievances External Review Committee,Comité externe d'examen des griefs militaires,Military Grievances External Review Committee,Military Grievances External Review Committee,Comité externe d'examen des griefs militaires,Military Grievances External Review Committee,Comité externe d'examen des griefs militaires,National Defence,National Defence,Défense nationale,MGERC,CEEGM,1.1,a,Comité externe d'examen des griefs militaires
2025-11-17T22:23:04Z,2262,Library and Archives Canada,Bibliothèque et Archives Canada,Library and Archives of Canada,Library and Archives of Canada,Bibliothèque et Archives du Canada,Library and Archives Canada,Bibliothèque et Archives Canada,Canadian Heritage,Canadian Heritage,Patrimoine canadien,LAC,BAC,1.1,a,Bibliothèque et Archives du Canada
2025-11-17T22:23:04Z,2261,Immigration and Refugee Board of Canada,Commission de l'immigration et du statut de réfugié du Canada,Immigration and Refugee Board,Immigration and Refugee Board,Commission de l'immigration et du statut de réfugié,Immigration and Refugee Board of Canada,Commission de l'immigration et du statut de réfugié du Canada,"Immigration, Refugees and Citizenship Canada","Immigration, Refugees and Citizenship Canada","Immigration, Réfugiés et Citoyenneté Canada",IRB,CISR,1.1,a,Commission de l'immigration et du statut de réfugié
2025-11-17T22:23:04Z,2260,Financial Transactions and Reports Analysis Centre of Canada,Centre d'analyse des opérations et déclarations financières du Canada,Financial Transactions and Reports Analysis Centre of Canada,Financial Transactions and Reports Analysis Centre of Canada,Centre d'analyse des opérations et déclarations financières du Canada,Financial Transactions and Reports Analysis Centre of Canada,Centre d'analyse des opérations et déclarations financières du Canada,Department of Finance Canada,Department of Finance Canada,Ministère des Finances Canada,FINTRAC,CANAFE,1.1,a,Centre d'analyse des opérations et déclarations financières du Canada
2025-11-17T22:23:04Z,2259,Financial Consumer Agency of Canada,Agence de la consommation en matière financière du Canada,Financial Consumer Agency of Canada,Financial Consumer Agency of Canada,Agence de la consommation en matière financière du Canada,Financial Consumer Agency of Canada,Agence de la consommation en matière financière du Canada,Department of Finance Canada,Department of Finance Canada,Ministère des Finances Canada,FCAC,ACFC,1.1,a,Agence de la consommation en matière financière du Canada
2025-11-17T22:23:04Z,2258,Federal Economic Development Agency for Southern Ontario,Agence fédérale de développement économique pour le Sud de l'Ontario,Federal Economic Development Agency for Southern Ontario,Federal Economic Development Agency for Southern Ontario,Agence fédérale de développement économique pour le Sud de l'Ontario,Federal Economic Development Agency for Southern Ontario,Agence fédérale de développement économique pour le Sud de l'Ontario,Minister of Artificial Intelligence and Digital Innovation and Minister responsible for the Federal Economic Development Agency for Southern Ontario,,Ministre de l'Intelligence artificielle et de l'Innovation numérique et ministre responsable de l'Agence fédérale de développement économique pour le Sud de l'Ontario,FedDev Ontario,FedDev Ontario,1.1,a,Agence fédérale de développement économique pour le Sud de l'Ontario
2025-11-17T22:23:04Z,2257,Canada Economic Development for Quebec Regions,Développement économique Canada pour les régions du Québec,Economic Development Agency of Canada for the Regions of Quebec,Economic Development Agency of Canada for the Regions of Quebec,Agence de développement économique du Canada pour les régions du Québec,Canada Economic Development for Quebec Regions,Développement économique Canada pour les régions du Québec,Minister of Industry and Minister responsible for Canada Economic Development for Quebec Regions,,Ministre de l'Industrie et ministre responsable de Développement économique Canada pour les régions du Québec,CED,DEC,1.1,a,Agence de développement économique du Canada pour les régions du Québec
2025-11-17T22:23:04Z,2255,Correctional Service Canada,Service correctionnel Canada,Correctional Service of Canada,Correctional Service of Canada,Service correctionnel du Canada,Correctional Service Canada,Service correctionnel Canada,Public Safety Canada,Public Safety Canada,Sécurité publique Canada,CSC,SCC,1.1,a,Service correctionnel du Canada
2025-11-17T22:23:04Z,2245,Impact Assessment Agency of Canada,Agence d'évaluation d'impact du Canada,Impact Assessment Agency of Canada,Impact Assessment Agency of Canada,Agence canadienne d'évaluation d'impact,Impact Assessment Agency of Canada,Agence d'évaluation d'impact du Canada,Environment and Climate Change Canada,Environment and Climate Change Canada,Environnement et Changement climatique Canada,IAAC,AEIC,1.1,a,Agence canadienne d'évaluation d'impact
2025-11-17T22:23:04Z,2254,Copyright Board Canada,Commission du droit d'auteur Canada,Copyright Board,Copyright Board,Commission du droit d'auteur,Copyright Board Canada,Commission du droit d'auteur Canada,"Innovation, Science and Economic Development Canada","Innovation, Science and Economic Development Canada","Innovation, Sciences et Développement économique Canada",CB,CDA,1.1,a,Commission du droit d'auteur
2025-11-17T22:23:04Z,2253,Communications Security Establishment Canada,Centre de la sécurité des télécommunications Canada,Communications Security Establishment,Communications Security Establishment,Centre de la sécurité des télécommunications,Communications Security Establishment Canada,Centre de la sécurité des télécommunications Canada,National Defence,National Defence,Défense nationale,CSE,CST,1.1,a,Centre de la sécurité des télécommunications
2025-11-17T22:23:04Z,2252,Canadian Transportation Agency,Office des transports du Canada,Canadian Transportation Agency,Canadian Transportation Agency,Office des transports du Canada,Canadian Transportation Agency,Office des transports du Canada,Transport Canada,Transport Canada,Transports Canada,CTA,OTC,1.1,a,Office des transports du Canada
2025-11-17T22:23:04Z,2251,Canadian Space Agency,Agence spatiale canadienne,Canadian Space Agency,Canadian Space Agency,Agence spatiale canadienne,Canadian Space Agency,Agence spatiale canadienne,"Innovation, Science and Economic Development Canada","Innovation, Science and Economic Development Canada","Innovation, Sciences et Développement économique Canada",CSA,ASC,1.1,a,Agence spatiale canadienne
2025-11-17T22:23:04Z,2250,Canadian Security Intelligence Service,Service canadien du renseignement de sécurité,Canadian Security Intelligence Service,Canadian Security Intelligence Service,Service canadien du renseignement de sécurité,Canadian Security Intelligence Service,Service canadien du renseignement de sécurité,Public Safety Canada,Public Safety Canada,Sécurité publique Canada,CSIS,SCRS,1.1,a,Service canadien du renseignement de sécurité
2025-11-17T22:23:04Z,2249,Canadian Northern Economic Development Agency,Agence canadienne de développement économique du Nord,Canadian Northern Economic Development Agency,Canadian Northern Economic Development Agency,Agence canadienne de développement économique du Nord,Canadian Northern Economic Development Agency,Agence canadienne de développement économique du Nord,Minister of Northern and Arctic Affairs and Minister responsible for the Canadian Northern Economic Development Agency,,Ministre des Affaires du Nord et de l'Arctique et ministre responsable de l'Agence canadienne de développement économique du Nord,CanNor,CanNor,1.1,a,Agence canadienne de développement économique du Nord
2025-11-17T22:23:04Z,2248,Canadian Intergovernmental Conference Secretariat,Secrétariat des conférences intergouvernementales canadiennes,Canadian Intergovernmental Conference Secretariat,Canadian Intergovernmental Conference Secretariat,Secrétariat des conférences intergouvernementales canadiennes,,,Privy Council Office,Privy Council Office,Bureau du Conseil privé,CICS,SCIC,1.1,a,Secrétariat des conférences intergouvernementales canadiennes
2025-11-17T22:23:04Z,2247,Canadian Human Rights Commission,Commission canadienne des droits de la personne,Canadian Human Rights Commission,Canadian Human Rights Commission,Commission canadienne des droits de la personne,,,Department of Justice Canada,Department of Justice Canada,Ministère de la Justice Canada,CHRC,CCDP,1.1,a,Commission canadienne des droits de la personne
2025-11-17T22:23:04Z,2246,Canadian Grain Commission,Commission canadienne des grains,Canadian Grain Commission,Canadian Grain Commission,Commission canadienne des grains,,,Agriculture and Agri-Food Canada,Agriculture and Agri-Food Canada,Agriculture et Agroalimentaire Canada,CGC,CCG,1.1,a,Commission canadienne des grains
2025-11-17T22:23:04Z,2316,Social Sciences and Humanities Research Council of Canada,Conseil de recherches en sciences humaines du Canada,Social Sciences and Humanities Research Council,Social Sciences and Humanities Research Council,Conseil de recherches en sciences humaines,Social Sciences and Humanities Research Council of Canada,Conseil de recherches en sciences humaines du Canada,"Innovation, Science and Economic Development Canada","Innovation, Science and Economic Development Canada","Innovation, Sciences et Développement économique Canada",SSHRC,CRSH,2,a,Conseil de recherches en sciences humaines
2025-11-17T22:23:04Z,﻿gc_orgID,harmonized_name,nom_harmonisé,legal_title,legal_title,appellation_légale,preferred_name,nom_préféré,lead_department,lead_department,ministère_responsable,abbreviation,abreviation,FAA_LGFP,status_statut,French Name
2025-11-17T22:23:04Z,2318,Polar Knowledge Canada,Savoir polaire Canada,Canadian High Arctic Research Station,Canadian High Arctic Research Station,Station canadienne de recherche dans l'Extrême-Arctique,Polar Knowledge Canada,Savoir polaire Canada,Crown-Indigenous Relations and Northern Affairs Canada,Crown-Indigenous Relations and Northern Affairs Canada,Relations Couronne-Autochtones et Affaires du Nord Canada,POLAR,POLAIRE,2,a,Station canadienne de recherche dans l'Extrême-Arctique
2025-11-17T22:23:04Z,3471,Internal Trade Secretariat Corporation,Corporation du Secrétariat du commerce intérieur,Internal Trade Secretariat Corporation,Internal Trade Secretariat Corporation,Corporation du Secrétariat du commerce intérieur,,,,,,,,,a,
2025-11-17T22:23:04Z,3468,Halifax Port Authority,Administration portuaire d'Halifax,Halifax Port Authority,Halifax Port Authority,Administration portuaire d'Halifax,,,,,,,,,a,
2025-11-17T22:23:04Z,3467,Halifax International Airport Authority,Administration de l'aéroport international d'Halifax,Halifax International Airport Authority,Halifax International Airport Authority,Administration de l'aéroport international d'Halifax,,,,,,,,,a,
2025-11-17T22:23:04Z,3466,Greater Toronto Airports Authority,Autorité aéroportuaire du Grand Toronto,Greater Toronto Airports Authority,Greater Toronto Airports Authority,Autorité aéroportuaire du Grand Toronto,,,,,,,,,a,
2025-11-17T22:23:04Z,3465,Greater Moncton International Airport Authority Inc.,Greater Moncton International Airport Authority Inc.,Greater Moncton International Airport Authority Inc.,Greater Moncton International Airport Authority Inc.,Greater Moncton International Airport Authority Inc.,,,,,,,,,a,
2025-11-17T22:23:04Z,3464,Greater London International Airport Authority,Greater London International Airport Authority,Greater London International Airport Authority,Greater London International Airport Authority,Greater London International Airport Authority,,,,,,,,,a,
2025-11-17T22:23:04Z,3463,Gander International Airport Authority Inc.,Gander International Airport Authority Inc.,Gander International Airport Authority Inc.,Gander International Airport Authority Inc.,Gander International Airport Authority Inc.,,,,,,,,,a,
2025-11-17T22:23:04Z,3462,Fredericton International Airport Authority Inc.,Fredericton International Airport Authority Inc.,Fredericton International Airport Authority Inc.,Fredericton International Airport Authority Inc.,Fredericton International Airport Authority Inc.,,,,,,,,,a,
2025-11-17T22:23:04Z,3461,Edmonton Regional Airports Authority,Edmonton Regional Airports Authority,Edmonton Regional Airports Authority,Edmonton Regional Airports Authority,Edmonton Regional Airports Authority,,,,,,,,,a,
2025-11-17T22:23:04Z,3459,Coaching Association of Canada,Association canadienne des entraîneurs,Coaching Association of Canada,Coaching Association of Canada,Association canadienne des entraîneurs,,,,,,,,,a,
2025-11-17T22:23:04Z,3458,Charlottetown Airport Authority Inc.,Charlottetown Airport Authority Inc.,Charlottetown Airport Authority Inc.,Charlottetown Airport Authority Inc.,Charlottetown Airport Authority Inc.,,,,,,,,,a,
2025-11-17T22:23:04Z,3457,Canadian Sport Institute Ontario,Institut canadien du sport Ontario,Canadian Sport Institute Ontario,Canadian Sport Institute Ontario,Institut canadien du sport Ontario,,,,,,,,,a,
2025-11-17T22:23:04Z,3456,Canadian Patient Safety Institute (CPSI),Institut canadien pour la sécurité des patients (ICSP),Canadian Patient Safety Institute (CPSI),Canadian Patient Safety Institute (CPSI),Institut canadien pour la sécurité des patients (ICSP),,,,,,,,,d,
2025-11-17T22:23:04Z,3455,Canadian Partnership Against Cancer Corporation (CPAC),Partenariat canadien contre le cancer (PCC),Canadian Partnership Against Cancer Corporation (CPAC),Canadian Partnership Against Cancer Corporation (CPAC),Partenariat canadien contre le cancer (PCC),,,,,,,,,a,
2025-11-17T22:23:04Z,3454,Canadian Livestock Records Corporation,Société canadienne d'enregistrement des animaux,Canadian Livestock Records Corporation,Canadian Livestock Records Corporation,Société canadienne d'enregistrement des animaux,,,,,,,,,a,
2025-11-17T22:23:04Z,3453,Canadian Institute for Health Information (CIHI),Institut canadien d'information sur la santé (ICIS),Canadian Institute for Health Information (CIHI),Canadian Institute for Health Information (CIHI),Institut canadien d'information sur la santé (ICIS),,,,,,,,,a,
2025-11-17T22:23:04Z,3452,Canadian Energy Research Institute,Canadian Energy Research Institute,Canadian Energy Research Institute,Canadian Energy Research Institute,Canadian Energy Research Institute,,,,,,,,,d,
2025-11-17T22:23:04Z,3451,Canadian Centre on Substance Use and Addictions,Centre canadien sur les dépendances et l'usage de substances,Canadian Centre on Substance Use and Addictions,Canadian Centre on Substance Use and Addictions,Centre canadien sur les dépendances et l'usage de substances,,,,,,,,,a,
2025-11-17T22:23:04Z,3450,Canadian Agency for Drugs and Technologies in Health (CADTH),Agence canadienne des médicaments et des technologies de la santé (ACMTS),Canadian Agency for Drugs and Technologies in Health (CADTH),Canadian Agency for Drugs and Technologies in Health (CADTH),Agence canadienne des médicaments et des technologies de la santé (ACMTS),,,,,,,,,a,
2025-11-17T22:23:04Z,3449,Canada-Nova Scotia Offshore Energy Regulator,Régie Canada-Nouvelle-Écosse de l'énergie extracôtière,Canada-Nova Scotia Offshore Energy Regulator,Canada-Nova Scotia Offshore Energy Regulator,Régie Canada-Nouvelle-Écosse de l'énergie extracôtière,,,,,,,,,a,
2025-11-17T22:23:04Z,3448,Canada-Newfoundland and Labrador Offshore Petroleum Board,Office Canada-Terre-Neuve-et-Labrador des hydrocarbures extracôtiers,Canada-Newfoundland and Labrador Offshore Petroleum Board,Canada-Newfoundland and Labrador Offshore Petroleum Board,Office Canada-Terre-Neuve-et-Labrador des hydrocarbures extracôtiers,,,,,,,,,a,
2025-11-17T22:23:04Z,3447,Canada Media Fund,Fonds des médias du Canada,Canada Media Fund,Canada Media Fund,Fonds des médias du Canada,,,,,,,,,a,
2025-11-17T22:23:04Z,3470,Institut national du sport du Québec,Institut national du sport du Québec,Institut national du sport du Québec,Institut national du sport du Québec,Institut national du sport du Québec,,,,,,,,,a,
2025-11-17T22:23:04Z,3472,International Fisheries Commissions Pension Society,Société de caisse de retraite de la Commission internationale des pêcheries,International Fisheries Commissions Pension Society,International Fisheries Commissions Pension Society,Société de caisse de retraite de la Commission internationale des pêcheries,,,,,,,,,a,
2025-11-17T22:23:04Z,3445,Canada Games Council,Conseil des Jeux du Canada,Canada Games Council,Canada Games Council,Conseil des Jeux du Canada,,,,,,,,,a,
2025-11-17T22:23:04Z,3473,Lake of the Woods Control Board,Commission de contrôle du lac des Bois,Lake of the Woods Control Board,Lake of the Woods Control Board,Commission de contrôle du lac des Bois,,,,,,,,,a,
2025-11-17T22:23:04Z,2319,Accessibility Standards Canada,Normes d'accessibilité Canada,Canadian Accessibility Standards Development Organization,Canadian Accessibility Standards Development Organization,Organisation canadienne d'élaboration de normes d'accessibilité,Accessibility Standards Canada,Normes d'accessibilité Canada,,,,ASC,NAC,2,a,Organisation canadienne d'élaboration de normes d'accessibilité
2025-11-17T22:23:04Z,3494,Saint John Airport Inc.,Saint John Airport Inc.,Saint John Airport Inc.,Saint John Airport Inc.,Saint John Airport Inc.,,,,,,,,,a,
2025-11-17T22:23:04Z,3493,Saguenay Port Authority,Administration portuaire du Saguenay,Saguenay Port Authority,Saguenay Port Authority,Administration portuaire du Saguenay,,,,,,,,,a,
2025-11-17T22:23:04Z,3492,Roosevelt Campobello International Park Commission,Commission du parc international Roosevelt de Campobello,Roosevelt Campobello International Park Commission,Roosevelt Campobello International Park Commission,Commission du parc international Roosevelt de Campobello,,,,,,,,,a,
2025-11-17T22:23:04Z,3491,Regina Airport Authority Inc.,Regina Airport Authority Inc.,Regina Airport Authority Inc.,Regina Airport Authority Inc.,Regina Airport Authority Inc.,,,,,,,,,a,
2025-11-17T22:23:04Z,3490,Québec Port Authority,Administration portuaire de Québec,Québec Port Authority,Québec Port Authority,Administration portuaire de Québec,,,,,,,,,a,
2025-11-17T22:23:04Z,3489,Prince Rupert Port Authority,Administration portuaire de Prince Rupert,Prince Rupert Port Authority,Prince Rupert Port Authority,Administration portuaire de Prince Rupert,,,,,,,,,a,
2025-11-17T22:23:04Z,3488,Prince George Airport Authority Inc.,Prince George Airport Authority Inc.,Prince George Airport Authority Inc.,Prince George Airport Authority Inc.,Prince George Airport Authority Inc.,,,,,,,,,a,
2025-11-17T22:23:04Z,3486,Port Alberni Port Authority,Administration portuaire de Port Alberni,Port Alberni Port Authority,Port Alberni Port Authority,Administration portuaire de Port Alberni,,,,,,,,,a,
2025-11-17T22:23:04Z,3485,Porcupine Caribou Management Board,Porcupine Caribou Management Board,Porcupine Caribou Management Board,Porcupine Caribou Management Board,Porcupine Caribou Management Board,,,,,,,,,a,
2025-11-17T22:23:04Z,3484,"Pierre Elliott Trudeau Foundation, The","Fondation Pierre Elliott Trudeau, La","Pierre Elliott Trudeau Foundation, The","Pierre Elliott Trudeau Foundation, The","Fondation Pierre Elliott Trudeau, La",,,,,,,,,a,
2025-11-17T22:23:04Z,3483,Ouranos Consortium,Consortium Ouranos,Ouranos Consortium,Ouranos Consortium,Consortium Ouranos,,,,,,,,,a,
2025-11-17T22:23:04Z,3482,Ottawa International Airport Authority,Administration de l'aéroport international d'Ottawa,Ottawa International Airport Authority,Ottawa International Airport Authority,Administration de l'aéroport international d'Ottawa,,,,,,,,,a,
2025-11-17T22:23:04Z,3481,Oshawa Port Authority,Administration portuaire d'Oshawa,Oshawa Port Authority,Oshawa Port Authority,Administration portuaire d'Oshawa,,,,,,,,,a,
2025-11-17T22:23:04Z,3480,NAV CANADA,NAV CANADA,NAV CANADA,NAV CANADA,NAV CANADA,,,,,,,,,a,
2025-11-17T22:23:04Z,3479,"Nature Trust of British Columbia, The","Nature Trust of British Columbia, The","Nature Trust of British Columbia, The","Nature Trust of British Columbia, The","Nature Trust of British Columbia, The",,,,,,,,,a,
2025-11-17T22:23:04Z,3478,Nanaimo Port Authority,Administration portuaire de Nanaimo,Nanaimo Port Authority,Nanaimo Port Authority,Administration portuaire de Nanaimo,,,,,,,,,a,
2025-11-17T22:23:04Z,3477,Montréal Port Authority,Administration portuaire de Montréal,Montréal Port Authority,Montréal Port Authority,Administration portuaire de Montréal,,,,,,,,,a,
2025-11-17T22:23:04Z,3476,Milit-Air Inc.,Milit-Air Inc.,Milit-Air Inc.,Milit-Air Inc.,Milit-Air Inc.,,,,,,,,,a,
2025-11-17T22:23:04Z,3475,Mental Health Commission of Canada (MHCC),Commission de la santé mentale du Canada (CSMC),Mental Health Commission of Canada (MHCC),Mental Health Commission of Canada (MHCC),Commission de la santé mentale du Canada (CSMC),,,,,,,,,a,
2025-11-17T22:23:04Z,3474,Maritime Forestry Complex Corporation,Société du complexe forestier des Maritimes,Maritime Forestry Complex Corporation,Maritime Forestry Complex Corporation,Société du complexe forestier des Maritimes,,,,,,,,,a,
2025-11-17T22:23:04Z,3446,Canada Health Infoway Inc.,Inforoute Santé du Canada Inc.,Canada Health Infoway Inc.,Canada Health Infoway Inc.,Inforoute Santé du Canada Inc.,,,,,,,,,a,
2025-11-17T22:23:04Z,3469,Hamilton Port Authority,Administration portuaire de Hamilton,Hamilton Port Authority,Hamilton Port Authority,Administration portuaire de Hamilton,,,,,,,,,a,
2025-11-17T22:23:04Z,3444,Canada Foundation for Sustainable Development Technology,Fondation du Canada pour l'appui technologique au développement durable,Canada Foundation for Sustainable Development Technology,Canada Foundation for Sustainable Development Technology,Fondation du Canada pour l'appui technologique au développement durable,,,,,,,,,a,
2025-11-17T22:23:04Z,3421,Canada Investment and Savings,Placements Épargne Canada,Canada Investment and Savings,Canada Investment and Savings,Placements Épargne Canada,,,,,,,,5,a,Placements Épargne Canada
2025-11-17T22:23:04Z,3419,Prairie Farm Rehabilitation Administration,Administration du rétablissement agricole des Prairies,Prairie Farm Rehabilitation Administration,Prairie Farm Rehabilitation Administration,Administration du rétablissement agricole des Prairies,,,,,,,,4,a,Administration du rétablissement agricole des Prairies
2025-11-17T22:23:04Z,3418,Office of the Superintendent of Bankruptcy,Bureau du surintendant des faillites,Office of the Superintendent of Bankruptcy,Office of the Superintendent of Bankruptcy,Bureau du surintendant des faillites,,,,,,,,4,a,Bureau du surintendant des faillites
2025-11-17T22:23:04Z,3417,Communication Canada,Communication Canada,Communication Canada,Communication Canada,Communication Canada,,,,,,,,4,a,Communication Canada
2025-11-17T22:23:04Z,3416,North Portage Development Corporation (operating as The Forks North Portage Partnership),North Portage Development Corporation (exploitée sous le nom de The Forks North Portage Partnership),North Portage Development Corporation (operating as The Forks North Portage Partnership),North Portage Development Corporation (operating as The Forks North Portage Partnership),North Portage Development Corporation (exploitée sous le nom de The Forks North Portage Partnership),,,,,,,,,a,
2025-11-17T22:23:04Z,3415,Lower Churchill Development Corporation Limited,Lower Churchill Development Corporation Limited,Lower Churchill Development Corporation Limited,Lower Churchill Development Corporation Limited,Lower Churchill Development Corporation Limited,,,,,,,,,a,
2025-11-17T22:23:04Z,3414,Asian Infrastructure Investment Bank,Banque asiatique d'investissement dans les infrastructures,Asian Infrastructure Investment Bank,Asian Infrastructure Investment Bank,Banque asiatique d'investissement dans les infrastructures,,,,,,,,,a,
2025-11-17T22:23:04Z,3413,World Anti-Doping Agency,Agence mondiale antidopage,World Anti-Doping Agency,World Anti-Doping Agency,Agence mondiale antidopage,,,,,,,,,a,
2025-11-17T22:23:04Z,3412,Joint Public Advisory Committee (JPAC) of the Commission for Environmental Cooperation (CEC),Comité consultatif public mixte (CCPM) de la Commission de coopération environnementale (CCE),Joint Public Advisory Committee (JPAC) of the Commission for Environmental Cooperation (CEC),Joint Public Advisory Committee (JPAC) of the Commission for Environmental Cooperation (CEC),Comité consultatif public mixte (CCPM) de la Commission de coopération environnementale (CCE),,,,,,,,,a,
2025-11-17T22:23:04Z,3410,International Monetary Fund,Fonds monétaire international,International Monetary Fund,International Monetary Fund,Fonds monétaire international,,,,,,,,,a,
2025-11-17T22:23:04Z,3409,International Lake of the Woods Control Board,Conseil international de contrôle du lac des Bois,International Lake of the Woods Control Board,International Lake of the Woods Control Board,Conseil international de contrôle du lac des Bois,,,,,,,,,a,
2025-11-17T22:23:04Z,3408,International Lake Memphremagog Levels Board,Commission internationale du lac Memphrémagog,International Lake Memphremagog Levels Board,International Lake Memphremagog Levels Board,Commission internationale du lac Memphrémagog,,,,,,,,,a,
2025-11-17T22:23:04Z,3407,International Joint Commission (Canadian Section),Commission mixte internationale (section canadienne),International Joint Commission (Canadian Section),International Joint Commission (Canadian Section),Commission mixte internationale (section canadienne),,,,,,,,4,a,Commission mixte internationale (section canadienne)
2025-11-17T22:23:04Z,3406,International Finance Corporation,Société financière internationale,International Finance Corporation,International Finance Corporation,Société financière internationale,,,,,,,,,a,
2025-11-17T22:23:04Z,3405,International Development Association,Association internationale de développement,International Development Association,International Development Association,Association internationale de développement,,,,,,,,,a,
2025-11-17T22:23:04Z,3404,International Bank for Reconstruction and Development,Banque internationale pour la reconstruction et le développement,International Bank for Reconstruction and Development,International Bank for Reconstruction and Development,Banque internationale pour la reconstruction et le développement,,,,,,,,,a,
2025-11-17T22:23:04Z,3403,Inter-American Development Bank,Banque interaméricaine de développement,Inter-American Development Bank,Inter-American Development Bank,Banque interaméricaine de développement,,,,,,,,,a,
2025-11-17T22:23:04Z,3402,European Bank for Reconstruction and Development,Banque européenne pour la reconstruction et le développement,European Bank for Reconstruction and Development,European Bank for Reconstruction and Development,Banque européenne pour la reconstruction et le développement,,,,,,,,,a,
2025-11-17T22:23:04Z,3401,Caribbean Development Bank,Banque de développement des Caraïbes,Caribbean Development Bank,Caribbean Development Bank,Banque de développement des Caraïbes,,,,,,,,,a,
2025-11-17T22:23:04Z,3400,Asian Development Bank,Banque asiatique de développement,Asian Development Bank,Asian Development Bank,Banque asiatique de développement,,,,,,,,,a,
2025-11-17T22:23:04Z,3443,Canada Foundation for Innovation,Fondation canadienne pour l'innovation,Canada Foundation for Innovation,Canada Foundation for Innovation,Fondation canadienne pour l'innovation,,,,,,,,,a,
2025-11-17T22:23:04Z,3399,African Development Bank,Banque africaine de développement,African Development Bank,African Development Bank,Banque africaine de développement,,,,,,,,,a,
2025-11-17T22:23:04Z,3420,Commissioner of Canada Election,Commissaire aux élections fédérales,Commissioner of Canada Election,Commissioner of Canada Election,Commissaire aux élections fédérales,,,,,,,,,a,
2025-11-17T22:23:04Z,3411,Multilateral Investment Guarantee Agency,Agence multilatérale de garantie des investissements,Multilateral Investment Guarantee Agency,Multilateral Investment Guarantee Agency,Agence multilatérale de garantie des investissements,,,,,,,,,a,
2025-11-17T22:23:04Z,3422,Director of Soldier Settlement,Directeur de l'établissement de soldats,Director of Soldier Settlement,Director of Soldier Settlement,Directeur de l'établissement de soldats,,,,,,,,4,a,Directeur de l'établissement de soldats
2025-11-17T22:23:04Z,3432,Senate,Sénat,Senate,Senate,Sénat,,,,,,,,,a,
2025-11-17T22:23:04Z,3442,WinSport,WinSport,WinSport,WinSport,WinSport,,,,,,,,,a,
2025-11-17T22:23:04Z,2396,Canadian Radio-television and Telecommunications Commission,Conseil de la radiodiffusion et des télécommunications canadiennes,Canadian Radio-television and Telecommunications Commission,Canadian Radio-television and Telecommunications Commission,Conseil de la radiodiffusion et des télécommunications canadiennes,Canadian Radio-television and Telecommunications Commission,Conseil de la radiodiffusion et des télécommunications canadiennes,Canadian Heritage,Canadian Heritage,Patrimoine canadien,CRTC,CRTC,1.1,a,Conseil de la radiodiffusion et des télécommunications canadiennes
2025-11-17T22:23:04Z,3440,Buffalo and Fort Erie Public Bridge Authority,Buffalo and Fort Erie Public Bridge Authority,Buffalo and Fort Erie Public Bridge Authority,Buffalo and Fort Erie Public Bridge Authority,Buffalo and Fort Erie Public Bridge Authority,,,,,,,,,a,
2025-11-17T22:23:04Z,3439,Belledune Port Authority,Administration portuaire de Belledune,Belledune Port Authority,Belledune Port Authority,Administration portuaire de Belledune,,,,,,,,,a,
2025-11-17T22:23:04Z,3438,Association of Canada Lands Surveyors,Association des Arpenteurs des Terres du Canada,Association of Canada Lands Surveyors,Association of Canada Lands Surveyors,Association des Arpenteurs des Terres du Canada,,,,,,,,,a,
2025-11-17T22:23:04Z,3437,Asia-Pacific Foundation of Canada,Fondation Asie-Pacifique du Canada,Asia-Pacific Foundation of Canada,Asia-Pacific Foundation of Canada,Fondation Asie-Pacifique du Canada,,,,,,,,,a,
2025-11-17T22:23:04Z,3436,Aéroports de Montréal,Aéroports de Montréal,Aéroports de Montréal,Aéroports de Montréal,Aéroports de Montréal,,,,,,,,,a,
2025-11-17T22:23:04Z,3435,Aéroport de Québec Inc.,Aéroport de Québec Inc.,Aéroport de Québec Inc.,Aéroport de Québec Inc.,Aéroport de Québec Inc.,,,,,,,,,a,
2025-11-17T22:23:04Z,3434,Parliamentary Protective Service,Service de protection parlementaire,Parliamentary Protective Service,Parliamentary Protective Service,Service de protection parlementaire,,,,,,,,,a,
2025-11-17T22:23:04Z,3433,Office of the Parliamentary Budget Officer,Bureau du directeur parlementaire du budget,Office of the Parliamentary Budget Officer,Office of the Parliamentary Budget Officer,Bureau du directeur parlementaire du budget,,,,,,,,,a,
2025-11-17T22:23:04Z,3441,Calgary Airport Authority,Administration aéroportuaire de Calgary,Calgary Airport Authority,Calgary Airport Authority,Administration aéroportuaire de Calgary,,,,,,,,,a,
2025-11-17T22:23:04Z,3431,Senate Ethics Officer,Conseiller sénatorial en éthique,Senate Ethics Officer,Senate Ethics Officer,Conseiller sénatorial en éthique,,,,,,,,,a,
2025-11-17T22:23:04Z,3426,Statistics Survey Operations,Opérations des enquêtes statistiques,Statistics Survey Operations,Statistics Survey Operations,Opérations des enquêtes statistiques,,,,,,,,,a,
2025-11-17T22:23:04Z,3430,Office of the Conflict of Interest and Ethics Commissioner,Commissariat aux conflits d'intérêts et à l'éthique,Office of the Conflict of Interest and Ethics Commissioner,Office of the Conflict of Interest and Ethics Commissioner,Commissariat aux conflits d'intérêts et à l'éthique,,,,,,,,,a,
2025-11-17T22:23:04Z,3423,"The Director, The Veterans' Land Act",Directeur des terres destinées aux anciens combattants,"The Director, The Veterans' Land Act","The Director, The Veterans' Land Act",Directeur des terres destinées aux anciens combattants,,,,,,,,4,a,Directeur des terres destinées aux anciens combattants
2025-11-17T22:23:04Z,3425,"Staff of the Non-Public Funds, Canadian Forces","Personnel des fonds non publics, Forces canadiennes","Staff of the Non-Public Funds, Canadian Forces","Staff of the Non-Public Funds, Canadian Forces","Personnel des fonds non publics, Forces canadiennes",,,,,,,,5,a,"Personnel des fonds non publics, Forces canadiennes"
2025-11-17T22:23:04Z,3424,Energy Supplies Allocation Board,Office de répartition des approvisionnements d'énergie,Energy Supplies Allocation Board,Energy Supplies Allocation Board,Office de répartition des approvisionnements d'énergie,,,Natural Resources Canada,Natural Resources Canada,Ressources naturelles Canada,,,4,a,Office de répartition des approvisionnements d'énergie
2025-11-17T22:23:04Z,3427,Federal Judges not part of any department,Juges fédéraux ne faisant pas partie d'un ministère,Federal Judges not part of any department,Federal Judges not part of any department,Juges fédéraux ne faisant pas partie d'un ministère,,,,,,,,,a,
2025-11-17T22:23:04Z,3428,House of Commons,Chambre des communes,House of Commons,House of Commons,Chambre des communes,,,,,,,,,a,
2025-11-17T22:23:04Z,3429,Library of Parliament,Bibliothèque du Parlement,Library of Parliament,Library of Parliament,Bibliothèque du Parlement,,,,,,,,,a,
2025-11-17T22:11:47Z,3572,Historic Sites and Monuments Board of Canada,Commission des lieux et monuments historiques du Canada,Historic Sites and Monuments Board of Canada,Commission des lieux et monuments historiques du Canada,,,,,,,,a,,,
2025-11-17T22:11:47Z,3563,Competition Bureau Canada,Bureau de la concurrence Canada,Competition Bureau Canada,Bureau de la concurrence Canada,,,,,,,,a,,,
2025-11-17T22:11:47Z,3571,Office of the Federal Ombudsperson for Victims Of Crime,Bureau de l'ombudsman fédéral des victimes d'actes criminels,Office of the Federal Ombudsperson for Victims Of Crime,Bureau de l'ombudsman fédéral des victimes d'actes criminels,,,Department of Justice Canada,Ministère de la Justice Canada,,,,a,,,
2025-11-17T22:11:47Z,3570,Federal Court of Canada,Cour fédérale,Federal Court of Canada,Cour fédérale,,,,,,,,a,,,
2025-11-17T22:11:47Z,3569,Federal Court of Appeal,Cour d'appel fédérale,Federal Court of Appeal,Cour d'appel fédérale,,,,,,,,a,,,
2025-11-17T22:11:47Z,3568,Environmental Protection Review Canada,Révision de la protection de l'environnement Canada,Environmental Protection Review Canada,Révision de la protection de l'environnement Canada,,,,,,,,a,,,
2025-11-17T22:11:47Z,3573,Independent Review Panel for Defence Acquisition,Commission indépendante d'examen des acquisitions de la Défense,Independent Review Panel for Defence Acquisition,Commission indépendante d'examen des acquisitions de la Défense,,,,,,,,a,,,
2025-11-17T22:11:47Z,3566,Democratic Institutions,Institutions démocratiques,Democratic Institutions,Institutions démocratiques,,,,,,,,a,,,
2025-11-17T22:11:47Z,3565,Court Martial Appeal Court of Canada,Cour d'appel de la cour martiale du Canada,Court Martial Appeal Court of Canada,Cour d'appel de la cour martiale du Canada,,,,,,,,a,,,
2025-11-17T22:11:47Z,3564,Competition Tribunal,Tribunal de la concurrence,Competition Tribunal,Tribunal de la concurrence,,,"Innovation, Science and Economic Development Canada","Innovation, Sciences et Développement économique Canada",,,,a,,,
2025-11-17T22:11:47Z,3558,Canadian Judicial Council,Conseil canadien de la magistrature,Canadian Judicial Council,Conseil canadien de la magistrature,,,,,,,,a,,,
2025-11-17T22:11:47Z,3562,Communications Research Centre Canada,Centre de recherches sur les communications Canada,Communications Research Centre Canada,Centre de recherches sur les communications Canada,,,,,,,,a,,,
2025-11-17T22:11:47Z,3561,Canadian War Museum,Musée canadien de la guerre,Canadian War Museum,Musée canadien de la guerre,,,,,,,,a,,,
2025-11-17T22:11:47Z,3560,Canadian Trade Commissioner Service,Service des délégués commerciaux du Canada,Canadian Trade Commissioner Service,Service des délégués commerciaux du Canada,,,,,,,,a,,,
2025-11-17T22:11:47Z,3559,Canadian Special Operations Forces Command,Commandement des Forces d'opérations spéciales du Canada,Canadian Special Operations Forces Command,Commandement des Forces d'opérations spéciales du Canada,,,,,,,,a,,,
2025-11-17T22:11:47Z,3557,Canadian Army,Armée canadienne,Canadian Army,Armée canadienne,,,National Defence,Défense nationale,,,,a,,,
2025-11-17T22:11:47Z,3556,Canada Research Chairs,Chaires de recherche du Canada,Canada Research Chairs,Chaires de recherche du Canada,,,,,,,,a,,,
2025-11-17T22:11:47Z,3555,Canada Firearms Centre,Centre des armes à feu Canada,Canada Firearms Centre,Centre des armes à feu Canada,,,,,,,,a,,,
2025-11-17T22:11:47Z,3554,Canada Aviation and Space Museum,Musée de l'aviation et de l'espace du Canada,Canada Aviation and Space Museum,Musée de l'aviation et de l'espace du Canada,,,,,,,,a,,,
2025-11-17T22:11:47Z,3553,Canada Agriculture and Food Museum,Musée de l'agriculture et de l'alimentation du Canada,Canada Agriculture and Food Museum,Musée de l'agriculture et de l'alimentation du Canada,,,,,,,,a,,,
2025-11-17T22:11:47Z,3575,Judicial Compensation and Benefits Commission,Commission d'examen de la rémunération des juges,Judicial Compensation and Benefits Commission,Commission d'examen de la rémunération des juges,,,,,,,,a,,,
2025-11-17T22:11:47Z,3574,Intergovernmental Affairs,Affaires intergouvernementales,Intergovernmental Affairs,Affaires intergouvernementales,,,,,,,,a,,,
2025-11-17T22:11:47Z,3601,Canada Centre for Inland Waters,Centre canadien des eaux intérieures,Canada Centre for Inland Waters,Centre canadien des eaux intérieures,,,,,,,,a,,,
2025-11-17T22:11:47Z,3577,Leader of the Government in the House of Commons,Leader du gouvernement à la Chambre des communes,Leader of the Government in the House of Commons,Leader du gouvernement à la Chambre des communes,,,,,,,,a,,,
2025-11-17T22:11:47Z,3578,Management Advisory Board for the RCMP,Conseil consultatif de gestion pour la GRC,Management Advisory Board for the RCMP,Conseil consultatif de gestion pour la GRC,,,,,,,,a,,,
2025-11-17T22:11:47Z,3549,Public Service Superannuation,Pension de retraite de la fonction publique,Public Service Superannuation,Pension de retraite de la fonction publique,,,,,,,,a,,,
2025-11-17T22:11:47Z,3602,Canadian Museum of Contemporary Photography,Musée canadien de la photographie contemporaine,Canadian Museum of Contemporary Photography,Musée canadien de la photographie contemporaine,,,,,,,,a,,,
2025-11-17T22:11:47Z,3600,"Appeal Board, Hazardous Materials Information Review Act","Commission d'appel, Loi sur le contrôle des renseignements relatifs aux matières dangereuses","Appeal Board, Hazardous Materials Information Review Act","Commission d'appel, Loi sur le contrôle des renseignements relatifs aux matières dangereuses",,,,,,,,a,,,
2025-11-17T22:11:47Z,3599,Aboriginal Business Canada,Entreprise autochtone Canada,Aboriginal Business Canada,Entreprise autochtone Canada,,,,,,,,a,,,
2025-11-17T22:11:47Z,3596,Virtual Museum of Canada,Musée virtuel du Canada,Virtual Museum of Canada,Musée virtuel du Canada,,,,,,,,a,,,
2025-11-17T22:11:47Z,3595,Office of the Veterans' Ombudsman,Bureau de l'ombud des vétérans,Office of the Veterans' Ombudsman,Bureau de l'ombud des vétérans,,,Veterans Affairs Canada,Anciens Combattants Canada,,,,a,,,
2025-11-17T22:11:47Z,3594,Office of the Taxpayers' Ombudsperson,Bureau de l'ombudsman des contribuables,Office of the Taxpayers' Ombudsperson,Bureau de l'ombudsman des contribuables,,,Canada Revenue Agency,Agence du revenu du Canada,,,,a,,,
2025-11-17T22:11:47Z,3593,Tax Court of Canada,Cour canadienne de l'impôt,Tax Court of Canada,Cour canadienne de l'impôt,,,,,,,,a,,,
2025-11-17T22:11:47Z,3591,Service Canada,Service Canada,Service Canada,Service Canada,,,,,,,,a,,,
2025-11-17T22:11:47Z,3590,Royal Military College of Canada,Collège militaire royal du Canada,Royal Military College of Canada,Collège militaire royal du Canada,,,,,,,,a,,,
2025-11-17T22:11:47Z,3589,Royal Canadian Navy,Marine royale canadienne,Royal Canadian Navy,Marine royale canadienne,,,,,,,,a,,,
2025-11-17T22:11:47Z,3588,Royal Canadian Air Force,Aviation royale canadienne,Royal Canadian Air Force,Aviation royale canadienne,,,,,,,,a,,,
2025-11-17T22:11:47Z,3587,Public Servants Disclosure Protection Tribunal Canada,Tribunal de la protection des fonctionnaires divulgateurs Canada,Public Servants Disclosure Protection Tribunal Canada,Tribunal de la protection des fonctionnaires divulgateurs Canada,,,Privy Council Office,Bureau du Conseil privé,,,,a,,,
2025-11-17T22:11:47Z,3586,Prime Minister of Canada,Premier ministre du Canada,Prime Minister of Canada,Premier ministre du Canada,,,Privy Council Office,Bureau du Conseil privé,,,,a,,,
2025-11-17T22:11:47Z,3585,Office of the Procurement Ombudsman,Bureau de l'ombudsman de l'approvisionnement,Office of the Procurement Ombudsman,Bureau de l'ombudsman de l'approvisionnement,,,Public Services and Procurement Canada,Services publics et Approvisionnement Canada,,,,a,,,
2025-11-17T22:11:47Z,3584,Parliament of Canada,Parlement du Canada,Parliament of Canada,Parlement du Canada,,,,,,,,a,,,
2025-11-17T22:11:47Z,3583,Office of the Ombudsman for the Department of National Defence and the Canadian Armed Forces,Bureau de l'ombudsman de la Défense nationale et des Forces armées canadiennes,Office of the Ombudsman for the Department of National Defence and the Canadian Armed Forces,Bureau de l'ombudsman de la Défense nationale et des Forces armées canadiennes,,,,,,,,a,,,
2025-11-17T22:11:47Z,3582,Office of the Chief Military Judge,Le cabinet du juge militaire en chef,Office of the Chief Military Judge,Le cabinet du juge militaire en chef,,,,,,,,a,,,
2025-11-17T22:11:47Z,3581,Occupational Health and Safety Tribunal Canada,Tribunal de santé et sécurité au travail Canada,Occupational Health and Safety Tribunal Canada,Tribunal de santé et sécurité au travail Canada,,,,,,,,a,,,
2025-11-17T22:11:47Z,3580,National Seniors Council,Conseil national des aînés,National Seniors Council,Conseil national des aînés,,,,,,,,a,,,
2025-11-17T22:11:47Z,3579,National Security and Intelligence Review Agency,Office de surveillance des activités en matière de sécurité nationale et de renseignement,National Security and Intelligence Review Agency,Office de surveillance des activités en matière de sécurité nationale et de renseignement,,,,,,,,a,,,
2025-11-17T22:11:47Z,3552,Bank of Canada Museum,Musée de la Banque du Canada,Bank of Canada Museum,Musée de la Banque du Canada,,,,,,,,a,,,
2025-11-17T22:11:47Z,3499,St. John's International Airport Authority,St. John's International Airport Authority,St. John's International Airport Authority,St. John's International Airport Authority,,,,,,,,a,,,
2025-11-17T22:11:47Z,3548,Payroll System General Ledger,Grand livre général du système de la paye,Payroll System General Ledger,Grand livre général du système de la paye,,,,,,,,a,,,
2025-11-17T22:11:47Z,3547,Passport Canada,Passeport Canada,Passport Canada,Passeport Canada,,,,,,,,t,2013,,
2025-11-17T22:11:47Z,3520,Canadian Foundation for Climate and Atmospheric Sciences,Fondation canadienne pour les sciences du climat et de l'atmosphère,Canadian Foundation for Climate and Atmospheric Sciences,Fondation canadienne pour les sciences du climat et de l'atmosphère,,,,,,,,d,2013,,
2025-11-17T22:11:47Z,3519,Canada Commonwealth Legacy Fund,Fonds du legs des Jeux du Commonwealth,Canada Commonwealth Legacy Fund,Fonds du legs des Jeux du Commonwealth,,,,,,,,d,2014,,
2025-11-17T22:11:47Z,3518,Aboriginal Healing Foundation,Fondation autochtone de guérison,Aboriginal Healing Foundation,Fondation autochtone de guérison,,,,,,,,d,2013,,
2025-11-17T22:11:47Z,3517,Healthcare Excellence Canada (HEC),Excellence en santé Canada (ESC),Healthcare Excellence Canada (HEC),Excellence en santé Canada (ESC),,,,,,,,a,,,
2025-11-17T22:11:47Z,3516,Canadian Foundation for Healthcare Improvement (CFHI),Fondation canadienne pour l'amélioration des services de santé (FCASS),Canadian Foundation for Healthcare Improvement (CFHI),Fondation canadienne pour l'amélioration des services de santé (FCASS),,,,,,,,d,2020,,
2025-11-17T22:11:47Z,3515,Winnipeg Airports Authority Inc.,Winnipeg Airports Authority Inc.,Winnipeg Airports Authority Inc.,Winnipeg Airports Authority Inc.,,,,,,,,a,,,
2025-11-17T22:11:47Z,3514,Windsor Port Authority,Administration portuaire de Windsor,Windsor Port Authority,Administration portuaire de Windsor,,,,,,,,a,,,
2025-11-17T22:11:47Z,3513,Wildlife Habitat Canada,Habitat faunique Canada,Wildlife Habitat Canada,Habitat faunique Canada,,,,,,,,a,,,
2025-11-17T22:11:47Z,3512,Waterfront Toronto,Waterfront Toronto,Waterfront Toronto,Waterfront Toronto,,,,,,,,a,,,
2025-11-17T22:11:47Z,3511,Victoria Airport Authority,Autorité aéroportuaire de Victoria,Victoria Airport Authority,Autorité aéroportuaire de Victoria,,,,,,,,a,,,
2025-11-17T22:11:47Z,3510,Vancouver International Airport Authority,Administration de l'Aéroport de Vancouver,Vancouver International Airport Authority,Administration de l'Aéroport de Vancouver,,,,,,,,a,,,
2025-11-17T22:11:47Z,3509,Vancouver Fraser Port Authority,Administration portuaire de Vancouver Fraser,Vancouver Fraser Port Authority,Administration portuaire de Vancouver Fraser,,,,,,,,a,,,
2025-11-17T22:11:47Z,3508,TV5 Québec Canada,TV5 Québec Canada,TV5 Québec Canada,TV5 Québec Canada,,,,,,,,a,,,
2025-11-17T22:11:47Z,3507,Trois-Rivières Port Authority,Administration portuaire de Trois-Rivières,Trois-Rivières Port Authority,Administration portuaire de Trois-Rivières,,,,,,,,a,,,
2025-11-17T22:11:47Z,3506,Toronto Port Authority,Administration portuaire de Toronto,Toronto Port Authority,Administration portuaire de Toronto,,,,,,,,a,,,
2025-11-17T22:11:47Z,3504,Thunder Bay Port Authority,Administration portuaire de Thunder Bay,Thunder Bay Port Authority,Administration portuaire de Thunder Bay,,,,,,,,a,,,
2025-11-17T22:11:47Z,3503,Thunder Bay International Airports Authority Inc.,Thunder Bay International Airports Authority Inc.,Thunder Bay International Airports Authority Inc.,Thunder Bay International Airports Authority Inc.,,,,,,,,a,,,
2025-11-17T22:11:47Z,3502,Terry Fox Humanitarian Award Inc.,Prix humanitaire Terry Fox inc.,Terry Fox Humanitarian Award Inc.,Prix humanitaire Terry Fox inc.,,,,,,,,a,,,
2025-11-17T22:11:47Z,3501,St. Lawrence Seaway Management Corporation,Corporation de gestion de la Voie maritime du Saint-Laurent,St. Lawrence Seaway Management Corporation,Corporation de gestion de la Voie maritime du Saint-Laurent,,,,,,,,a,,,
2025-11-17T22:11:47Z,3500,St. John's Port Authority,Administration portuaire de St. John's,St. John's Port Authority,Administration portuaire de St. John's,,,,,,,,a,,,
2025-11-17T22:11:47Z,3604,Geographical Names Board of Canada,La Commission de toponymie du Canada,Geographical Names Board of Canada,La Commission de toponymie du Canada,,,,,,,,a,,,
2025-11-17T22:11:47Z,3521,Canadian International Grains Institute,Institut international du Canada pour le grain,Canadian International Grains Institute,Institut international du Canada pour le grain,,,,,,,,d,2013,,
2025-11-17T22:11:47Z,3522,"Canadian Wheat Board, The","Commission canadienne du blé, La","Canadian Wheat Board, The","Commission canadienne du blé, La",,,,,,,,d,2014,,
2025-11-17T22:11:47Z,3523,Centre national multisport-Montréal,Centre national multisport – Montréal,Centre national multisport-Montréal,Centre national multisport – Montréal,,,,,,,,d,2012,,
2025-11-17T22:11:47Z,3537,Canadian Intellectual Property Office,Office de la propriété intellectuelle du Canada,Canadian Intellectual Property Office,Office de la propriété intellectuelle du Canada,,,"Innovation, Science and Economic Development Canada","Innovation, Sciences et Développement économique Canada",,,,a,,,
2025-11-17T22:11:47Z,3546,Industrial Technologies Office,Office des technologies industrielles,Industrial Technologies Office,Office des technologies industrielles,,,"Innovation, Science and Economic Development Canada","Innovation, Sciences et Développement économique Canada",,,,t,2017,,
2025-11-17T22:11:47Z,3545,Consulting and Audit Canada Revolving Fund,Fonds renouvelable de Conseils et Vérification Canada,Consulting and Audit Canada Revolving Fund,Fonds renouvelable de Conseils et Vérification Canada,,,,,,,,d,2013,,
2025-11-17T22:11:47Z,3544,Translation Bureau,Bureau de la traduction,Translation Bureau,Bureau de la traduction,,,Public Services and Procurement Canada,Services publics et Approvisionnement Canada,,,,a,,,
2025-11-17T22:11:47Z,3543,Physical Resources Bureau,Direction générale des biens,Physical Resources Bureau,Direction générale des biens,,,,,,,,a,,,
2025-11-17T22:11:47Z,3542,Measurement Canada,Mesures Canada,Measurement Canada,Mesures Canada,,,"Innovation, Science and Economic Development Canada","Innovation, Sciences et Développement économique Canada",,,,a,,,
2025-11-17T22:11:47Z,3541,Indian Oil and Gas Canada,Pétrole et gaz des Indiens du Canada,Indian Oil and Gas Canada,Pétrole et gaz des Indiens du Canada,,,Crown-Indigenous Relations and Northern Affairs Canada,Relations Couronne-Autochtones et Affaires du Nord Canada,,,5.0,a,,,
2025-11-17T22:11:47Z,3540,Defence Research and Development Canada,Recherche et développement pour la défense Canada,Defence Research and Development Canada,Recherche et développement pour la défense Canada,,,National Defence,Défense nationale,,,,a,,,
2025-11-17T22:11:47Z,3539,CORCAN,CORCAN,CORCAN,CORCAN,,,Public Safety Canada,Sécurité publique Canada,,,,a,,,
2025-11-17T22:11:47Z,3538,Canadian Pari-Mutuel Agency,Agence canadienne du pari mutuel,Canadian Pari-Mutuel Agency,Agence canadienne du pari mutuel,,,Agriculture and Agri-Food Canada,Agriculture et Agroalimentaire Canada,,,,a,,,
2025-11-17T22:11:47Z,3536,Canadian Heritage Information Network,Réseau canadien d'information sur le patrimoine,Canadian Heritage Information Network,Réseau canadien d'information sur le patrimoine,,,Canadian Heritage,Patrimoine canadien,,,,a,,,
2025-11-17T22:11:47Z,3524,First Nations Financial Management Board,Conseil de gestion financière des premières nations,First Nations Financial Management Board,Conseil de gestion financière des premières nations,,,,,,,,d,2013,,
2025-11-17T22:11:47Z,3535,Canadian Forces Housing Agency,Agence de logement des Forces canadiennes,Canadian Forces Housing Agency,Agence de logement des Forces canadiennes,,,National Defence,Défense nationale,,,,a,,,
2025-11-17T22:11:47Z,3534,Canadian Conservation Institute,Institut canadien de conservation,Canadian Conservation Institute,Institut canadien de conservation,,,Canadian Heritage,Patrimoine canadien,,,,a,,,
2025-11-17T22:11:47Z,3533,Canadian Coast Guard,Garde côtière canadienne,Canadian Coast Guard,Garde côtière canadienne,,,Fisheries and Oceans Canada,Pêches et Océans Canada,,,,a,,,
2025-11-17T22:11:47Z,3532,"Vanier Institute of the Family, The",L'Institut Vanier de la famille,"Vanier Institute of the Family, The",L'Institut Vanier de la famille,,,,,,,,t,2012,,
2025-11-17T22:11:47Z,3531,Last Post Fund,Fonds du Souvenir,Last Post Fund,Fonds du Souvenir,,,,,,,,t,2018,,
2025-11-17T22:11:47Z,3528,PrioNet Canada,PrioNet Canada,PrioNet Canada,PrioNet Canada,,,,,,,,d,2013,,
2025-11-17T22:11:47Z,3527,International Centre for Human Rights and Democratic Development,Centre international des droits de la personne et du développement démocratique,International Centre for Human Rights and Democratic Development,Centre international des droits de la personne et du développement démocratique,,,,,,,,d,2012,,
2025-11-17T22:11:47Z,3526,Health Council of Canada,Conseil canadien de la santé,Health Council of Canada,Conseil canadien de la santé,,,,,,,,d,2013,,
2025-11-17T22:11:47Z,3525,First Nations Tax Commission,Commission de la fiscalité des premières nations,First Nations Tax Commission,Commission de la fiscalité des premières nations,,,,,,,,d,2013,,
2025-11-17T22:11:47Z,3603,Environmental Protection Tribunal of Canada,Tribunal de la protection de I'environnement du Canada,Environmental Protection Tribunal of Canada,Tribunal de la protection de I'environnement du Canada,,,,,,,,a,,,
2025-11-17T22:11:47Z,3655,Canadian Air Transport Security Authority,Administration canadienne de la sûreté du transport aérien,Canadian Air Transport Security Authority,Administration canadienne de la sûreté du transport aérien,,,Transport Canada,Transports Canada,,,3.0,a,,,
2025-11-17T22:11:47Z,3605,Geological Survey of Canada,Commission géologique du Canada,Geological Survey of Canada,Commission géologique du Canada,,,,,,,,a,,,
2025-11-17T22:11:47Z,3684,Canadian International Development Agency,Agence canadienne de développement international,Canadian International Development Agency,Agence canadienne de développement international,,,,,,,,t,2013,,
2025-11-17T22:11:47Z,3682,Canadian Cultural Property Export Review Board,Commission canadienne d'examen des exportations de biens culturels,Canadian Cultural Property Export Review Board,Commission canadienne d'examen des exportations de biens culturels,,,Canadian Heritage,Patrimoine canadien,,,,t,2013,,
2025-11-17T22:11:47Z,3681,Canadian Artists and Producers Professional Relations Tribunal,Tribunal canadien des relations professionnelles artistes-producteurs,Canadian Artists and Producers Professional Relations Tribunal,Tribunal canadien des relations professionnelles artistes-producteurs,,,,,,,,t,2012,,
2025-11-17T22:11:47Z,3680,Canada Industrial Relations Board,Conseil canadien des relations industrielles,Canada Industrial Relations Board,Conseil canadien des relations industrielles,,,Employment and Social Development Canada,Emploi et Développement social Canada,,,,t,2014,,
2025-11-17T22:11:47Z,3679,Canada Agricultural Review Tribunal,Commission de révision agricole du Canada,Canada Agricultural Review Tribunal,Commission de révision agricole du Canada,,,Agriculture and Agri-Food Canada,Agriculture et Agroalimentaire Canada,,,,t,2013,,
2025-11-17T22:11:47Z,3676,Public Appointments Commission Secretariat,Secrétariat de la Commission des nominations publiques,Public Appointments Commission Secretariat,Secrétariat de la Commission des nominations publiques,,,,,,,,d,2012,,
2025-11-17T22:11:47Z,3675,National Round Table on the Environment and the Economy,Table ronde nationale sur l'environnement et l'économie,National Round Table on the Environment and the Economy,Table ronde nationale sur l'environnement et l'économie,,,,,,,,d,2012,,
2025-11-17T22:11:47Z,3674,Merchant Seamen Compensation Board,Commission d'indemnisation des marins marchands,Merchant Seamen Compensation Board,Commission d'indemnisation des marins marchands,,,,,,,,d,2013,,
2025-11-17T22:11:47Z,3673,Inuvialuit Arbitration Board,Commission d'arbitrage des Inuvialuit,Inuvialuit Arbitration Board,Commission d'arbitrage des Inuvialuit,,,,,,,,d,2013,,
2025-11-17T22:11:47Z,3672,Indian Residential Schools Truth and Reconciliation Commission,Commission de vérité et de réconciliation relative aux pensionnats indiens,Indian Residential Schools Truth and Reconciliation Commission,Commission de vérité et de réconciliation relative aux pensionnats indiens,,,,,,,,d,2015,,
2025-11-17T22:11:47Z,3671,Hazardous Materials Information Review Commission,Conseil de contrôle des renseignements relatifs aux matières dangereuses,Hazardous Materials Information Review Commission,Conseil de contrôle des renseignements relatifs aux matières dangereuses,,,,,,,,d,2012,,
2025-11-17T22:11:47Z,3670,Grain Appeal Tribunal,Tribunal d'appel pour les grains,Grain Appeal Tribunal,Tribunal d'appel pour les grains,,,,,,,,d,2013,,
2025-11-17T22:11:47Z,3669,First Nations Statistical Institute,Institut de la statistique des Premières nations,First Nations Statistical Institute,Institut de la statistique des Premières nations,,,,,,,,d,2013,,
2025-11-17T22:11:47Z,3668,Enterprise Cape Breton Corporation,Société d'expansion du Cap Breton,Enterprise Cape Breton Corporation,Société d'expansion du Cap Breton,,,,,,,,d,2014,,
2025-11-17T22:11:47Z,3667,Corporation for the Mitigation of Mackenzie Gas Project Impacts,Société d'atténuation des répercussions du projet gazier Mackenzie,Corporation for the Mitigation of Mackenzie Gas Project Impacts,Société d'atténuation des répercussions du projet gazier Mackenzie,,,,,,,,d,2014,,
2025-11-17T22:11:47Z,3666,Canada Employment Insurance Financing Board,Office de financement de l'assurance-emploi du Canada,Canada Employment Insurance Financing Board,Office de financement de l'assurance-emploi du Canada,,,,,,,,d,2013,,
2025-11-17T22:11:47Z,3665,Blue Water Bridge Authority,Administration du pont Blue Water,Blue Water Bridge Authority,Administration du pont Blue Water,,,,,,,,d,2015,,
2025-11-17T22:11:47Z,3664,Assisted Human Reproduction Agency of Canada,Agence canadienne de contrôle de la procréation assistée,Assisted Human Reproduction Agency of Canada,Agence canadienne de contrôle de la procréation assistée,,,,,,,,d,2012,,
2025-11-17T22:11:47Z,3663,Public Sector Pension Investment Board,Office d'investissement des régimes de pensions du secteur public,Public Sector Pension Investment Board,Office d'investissement des régimes de pensions du secteur public,,,Treasury Board of Canada Secretariat,Secrétariat du Conseil du Trésor du Canada,,,,a,,,
2025-11-17T22:11:47Z,3662,VIA Rail Canada Inc.,VIA Rail Canada inc.,VIA Rail Canada Inc.,VIA Rail Canada inc.,,,Transport Canada,Transports Canada,,,3.0,a,,,
2025-11-17T22:11:47Z,3661,The Federal Bridge Corporation Limited,La Société des ponts fédéraux Limitée,The Federal Bridge Corporation Limited,La Société des ponts fédéraux Limitée,,,Transport Canada,Transports Canada,,,3.0,a,,,
2025-11-17T22:11:47Z,3660,Ridley Terminals Inc.,Ridley Terminals Inc.,Ridley Terminals Inc.,Ridley Terminals Inc.,,,Transport Canada,Transports Canada,,,,t,2019,,
2025-11-17T22:11:47Z,3683,Canadian Human Rights Tribunal,Tribunal canadien des droits de la personne,Canadian Human Rights Tribunal,Tribunal canadien des droits de la personne,,,Department of Justice Canada,Ministère de la Justice Canada,,,,t,2014,,
2025-11-17T22:11:47Z,3685,Canadian International Trade Tribunal,Tribunal canadien du commerce extérieur,Canadian International Trade Tribunal,Tribunal canadien du commerce extérieur,,,,,,,,t,2014,,
2025-11-17T22:11:47Z,3606,Geomatics Canada,Géomatique Canada,Geomatics Canada,Géomatique Canada,,,,,,,,a,,,
2025-11-17T22:11:47Z,3686,Employment Insurance Boards of Referees,Conseils arbitraux de l'assurance-emploi,Employment Insurance Boards of Referees,Conseils arbitraux de l'assurance-emploi,,,,,,,,t,2013,,
2025-11-17T22:11:47Z,3497,Sept-Îles Port Authority,Administration portuaire de Sept-Îles,Sept-Îles Port Authority,Administration portuaire de Sept-Îles,,,,,,,,a,,,
2025-11-17T22:11:47Z,3707,VIA HFR - VIA TGF Inc.,VIA HFR - VIA TGF Inc.,VIA HFR - VIA TGF Inc.,VIA HFR - VIA TGF Inc.,,,,,,,,a,,,
2025-11-17T22:11:47Z,3706,Miscarriage of Justice Review Commission,Commission d'examen des erreurs du système judiciaire,Miscarriage of Justice Review Commission,Commission d'examen des erreurs du système judiciaire,,,,,,,1.1,a,,,
2025-11-17T22:11:47Z,3705,Federal Public Sector Labour Relations and Employment Board,Commission des relations de travail et de l'emploi dans le secteur public fédéral,Federal Public Sector Labour Relations and Employment Board,Commission des relations de travail et de l'emploi dans le secteur public fédéral,,,,,,,,a,,,
2025-11-17T22:11:47Z,3704,Treasury Board,Conseil du Trésor,Treasury Board,Conseil du Trésor,,,,,TB,CT,1.0,a,,,
2025-11-17T22:11:47Z,3703,Canada Water Agency,Agence de l'eau du Canada,Canada Water Agency,Agence canadienne de l'eau,Canada Water Agency,Agence de l'eau du Canada,,,CWA,AEC,1.1,a,,,
2025-11-17T22:11:47Z,3702,2010 Games Operating Trust Society,Société du legs des Jeux de 2010,2010 Games Operating Trust Society,Société du legs des Jeux de 2010,,,,,,,,a,,,
2025-11-17T22:11:47Z,3701,Prince George 2015 Canada Winter Games Host Society,Société hôtesse des Jeux d'hiver du Canada Prince George 2015,Prince George 2015 Canada Winter Games Host Society,Société hôtesse des Jeux d'hiver du Canada Prince George 2015,,,,,,,,a,,,
2025-11-17T22:11:47Z,3700,The Halifax 2011 Canada Games Host Society,Société d'accueil des Jeux de 2011 de Halifax,The Halifax 2011 Canada Games Host Society,Société d'accueil des Jeux de 2011 de Halifax,,,,,,,,d,2012,,
2025-11-17T22:11:47Z,3698,Vancouver Organizing Committee for the 2010 Olympic and Paralympic Winter Games,Comité d'organisation des Jeux olympiques et paralympiques d'hiver de 2010 à Vancouver,Vancouver Organizing Committee for the 2010 Olympic and Paralympic Winter Games,Comité d'organisation des Jeux olympiques et paralympiques d'hiver de 2010 à Vancouver,,,,,,,,d,2012,,
2025-11-17T22:11:47Z,3697,Transportation Appeal Tribunal of Canada,Tribunal d'appel des transports du Canada,Transportation Appeal Tribunal of Canada,Tribunal d'appel des transports du Canada,,,Transport Canada,Transports Canada,,,,t,2014,,
2025-11-17T22:11:47Z,3696,Registry of the Specific Claims Tribunal,Greffe du Tribunal des revendications particulières,Registry of the Specific Claims Tribunal,Greffe du Tribunal des revendications particulières,,,,,,,,t,2014,,
2025-11-17T22:11:47Z,3695,Registry of the Public Servants Disclosure Protection Tribunal,Greffe du Tribunal de la protection des fonctionnaires divulgateurs d'actes répréhensibles,Registry of the Public Servants Disclosure Protection Tribunal,Greffe du Tribunal de la protection des fonctionnaires divulgateurs d'actes répréhensibles,,,,,,,,t,2014,,
2025-11-17T22:11:47Z,3694,Registry of the Competition Tribunal,Greffe du Tribunal de la concurrence,Registry of the Competition Tribunal,Greffe du Tribunal de la concurrence,,,,,,,,t,2014,,
2025-11-17T22:11:47Z,3693,Public Service Staffing Tribunal,Tribunal de la dotation de la fonction publique,Public Service Staffing Tribunal,Tribunal de la dotation de la fonction publique,,,,,,,,t,2014,,
2025-11-17T22:11:47Z,3692,Public Service Labour Relations Board,Commission des relations de travail dans la fonction publique,Public Service Labour Relations Board,Commission des relations de travail dans la fonction publique,,,,,,,,t,2014,,
2025-11-17T22:11:47Z,3691,Pension Appeals Board,Commission d'appel des pensions,Pension Appeals Board,Commission d'appel des pensions,,,,,,,,t,2013,,
2025-11-17T22:11:47Z,3690,Parc Downsview Park Inc.,Parc Downsview Park Inc,Parc Downsview Park Inc.,Parc Downsview Park Inc,,,,,,,,a,,,
2025-11-17T22:11:47Z,3689,Old Port of Montreal Corporation Inc.,Société du Vieux-Port de Montréal Inc.,Old Port of Montreal Corporation Inc.,Société du Vieux-Port de Montréal Inc.,,,,,,,,t,2012,,
2025-11-17T22:11:47Z,3688,Office of the Umpire,Bureau du juge-arbitre,Office of the Umpire,Bureau du juge-arbitre,,,,,,,,t,2013,,
2025-11-17T22:11:47Z,3687,Office of the Commissioner of Review Tribunals,Bureau du Commissaire des tribunaux de révision,Office of the Commissioner of Review Tribunals,Bureau du Commissaire des tribunaux de révision,,,,,,,,t,2013,,
2025-11-17T22:11:47Z,3659,Pacific Pilotage Authority,Administration de pilotage du Pacifique,Pacific Pilotage Authority,Administration de pilotage du Pacifique,,,Transport Canada,Transports Canada,,,3.0,a,,,
2025-11-17T22:11:47Z,3658,Marine Atlantic Inc.,Marine Atlantique S.C.C.,Marine Atlantic Inc.,Marine Atlantique S.C.C.,,,Transport Canada,Transports Canada,,,3.0,a,,,
2025-11-17T22:11:47Z,3657,Laurentian Pilotage Authority,Administration de pilotage des Laurentides,Laurentian Pilotage Authority,Administration de pilotage des Laurentides,,,Transport Canada,Transports Canada,,,3.0,a,,,
2025-11-17T22:11:47Z,3656,Great Lakes Pilotage Authority,Administration de pilotage des Grands Lacs,Great Lakes Pilotage Authority,Administration de pilotage des Grands Lacs,,,Transport Canada,Transports Canada,,,3.0,a,,,
2025-11-17T22:11:47Z,3630,Toronto Organizing Committee for the 2015 Pan American and Parapan American Games,Comité d'organisation des Jeux panaméricains et parapanaméricains de Toronto 2015,Toronto Organizing Committee for the 2015 Pan American and Parapan American Games,Comité d'organisation des Jeux panaméricains et parapanaméricains de Toronto 2015,,,,,,,,a,,,
2025-11-17T22:11:47Z,3629,Telefilm Canada,Téléfilm Canada,Telefilm Canada,Téléfilm Canada,,,Canadian Heritage,Patrimoine canadien,,,,a,,,
2025-11-17T22:11:47Z,3627,National Museum of Science and Technology,Musée national des sciences et de la technologie,National Museum of Science and Technology,Musée national des sciences et de la technologie,,,Canadian Heritage,Patrimoine canadien,,,3.0,a,,,
2025-11-17T22:11:47Z,3626,National Gallery of Canada,Musée des beaux-arts du Canada,National Gallery of Canada,Musée des beaux-arts du Canada,,,Canadian Heritage,Patrimoine canadien,,,3.0,a,,,
2025-11-17T22:11:47Z,3625,National Arts Centre Corporation,Société du Centre national des Arts,National Arts Centre Corporation,Société du Centre national des Arts,,,Canadian Heritage,Patrimoine canadien,,,,a,,,
2025-11-17T22:11:47Z,3624,Canadian Race Relations Foundation,Fondation canadienne des relations raciales,Canadian Race Relations Foundation,Fondation canadienne des relations raciales,,,Canadian Heritage,Patrimoine canadien,,,,a,,,
2025-11-17T22:11:47Z,3623,Canadian Museum of Nature,Musée canadien de la nature,Canadian Museum of Nature,Musée canadien de la nature,,,Canadian Heritage,Patrimoine canadien,,,3.0,a,,,
2025-11-17T22:11:47Z,3622,Canadian Museum of Immigration at Pier 21,Musée canadien de l'immigration du Quai 21,Canadian Museum of Immigration at Pier 21,Musée canadien de l'immigration du Quai 21,,,Canadian Heritage,Patrimoine canadien,,,3.0,a,,,
2025-11-17T22:11:47Z,3621,Canadian Museum of History,Musée canadien de l'histoire,Canadian Museum of History,Musée canadien de l'histoire,,,Canadian Heritage,Patrimoine canadien,,,3.0,a,,,
2025-11-17T22:11:47Z,3620,Canadian Museum for Human Rights,Musée canadien des droits de la personne,Canadian Museum for Human Rights,Musée canadien des droits de la personne,,,Canadian Heritage,Patrimoine canadien,,,3.0,a,,,
2025-11-17T22:11:47Z,3619,Canadian Broadcasting Corporation,Société Radio-Canada,Canadian Broadcasting Corporation,Société Radio-Canada,,,Canadian Heritage,Patrimoine canadien,,,,a,,,
2025-11-17T22:11:47Z,3618,Canada Council for the Arts,Conseil des Arts du Canada,Canada Council for the Arts,Conseil des Arts du Canada,,,Canadian Heritage,Patrimoine canadien,,,,a,,,
2025-11-17T22:11:47Z,3616,Farm Credit Canada,Financement agricole Canada,Farm Credit Canada,Financement agricole Canada,,,Agriculture and Agri-Food Canada,Agriculture et Agroalimentaire Canada,,,3.0,a,,,
2025-11-17T22:11:47Z,3615,Canadian Dairy Commission,Commission canadienne du lait,Canadian Dairy Commission,Commission canadienne du lait,,,Agriculture and Agri-Food Canada,Agriculture et Agroalimentaire Canada,,,4.0,a,,,
2025-11-17T22:11:47Z,3614,Statute Revision Commission Canada,Commission de révision des lois Canada,Statute Revision Commission Canada,Commission de révision des lois Canada,,,,,,,,a,,,
2025-11-17T22:11:47Z,3613,Ship-source Oil Pollution Fund,Caisse d'indemnisation des dommages dus à la pollution par les hydrocarbures causée par les navires,Ship-source Oil Pollution Fund,Caisse d'indemnisation des dommages dus à la pollution par les hydrocarbures causée par les navires,,,,,,,,a,,,
2025-11-17T22:11:47Z,3612,Policy Horizons Canada,Horizons de politiques Canada,Policy Horizons Canada,Horizons de politiques Canada,,,,,,,,a,,,
2025-11-17T22:11:47Z,3611,Office of the Chief Science Advisor of Canada,Bureau du conseiller scientifique en chef du Canada,Office of the Chief Science Advisor of Canada,Bureau du conseiller scientifique en chef du Canada,,,,,,,,a,,,
2025-11-17T22:11:47Z,3609,National Advisory Council on Poverty,Conseil national du Bien-être,National Advisory Council on Poverty,Conseil national du Bien-être,,,,,,,,a,,,
2025-11-17T22:11:47Z,3608,National Advisory Council on Aging,Conseil consultatif national sur le troisième âge,National Advisory Council on Aging,Conseil consultatif national sur le troisième âge,,,,,,,,a,,,
2025-11-17T22:11:47Z,3607,Indian Residential Schools Resolution Canada,Résolution des questions des pensionnats indiens Canada,Indian Residential Schools Resolution Canada,Résolution des questions des pensionnats indiens Canada,,,,,,,,a,,,
2025-11-17T22:11:47Z,3631,Canada Mortgage and Housing Corporation,Société canadienne d'hypothèques et de logement,Canada Mortgage and Housing Corporation,Société canadienne d'hypothèques et de logement,,,"Housing, Infrastructure and Communities Canada","Logement, Infrastructures et Collectivités Canada",,,3.0,a,,,
2025-11-17T22:11:47Z,3632,Social Security Tribunal,Tribunal de la sécurité sociale,Social Security Tribunal,Tribunal de la sécurité sociale,,,Employment and Social Development Canada,Emploi et Développement social Canada,,,,t,2013,,
2025-11-17T22:11:47Z,3633,Bank of Canada,Banque du Canada,Bank of Canada,Banque du Canada,,,Department of Finance Canada,Ministère des Finances Canada,,,,a,,,
2025-11-17T22:11:47Z,3645,PPP Canada Inc.,PPP Canada Inc.,PPP Canada Inc.,PPP Canada Inc.,,,,,,,,d,2017,,
2025-11-17T22:11:47Z,3654,Atlantic Pilotage Authority,Administration de pilotage de l'Atlantique,Atlantic Pilotage Authority,Administration de pilotage de l'Atlantique,,,Transport Canada,Transports Canada,,,3.0,a,,,
2025-11-17T22:11:47Z,3653,National Capital Commission,Commission de la capitale nationale,National Capital Commission,Commission de la capitale nationale,,,Public Services and Procurement Canada,Services publics et Approvisionnement Canada,,,3.0,a,,,
2025-11-17T22:11:47Z,3652,Defence Construction (1951) Limited,Construction de Défense (1951) Limitée,Defence Construction (1951) Limited,Construction de Défense (1951) Limitée,,,Public Services and Procurement Canada,Services publics et Approvisionnement Canada,,,3.0,a,,,
2025-11-17T22:11:47Z,3651,Canada Post Corporation,Société canadienne des postes,Canada Post Corporation,Société canadienne des postes,,,Public Services and Procurement Canada,Services publics et Approvisionnement Canada,,,3.0,a,,,
2025-11-17T22:11:47Z,3650,Canada Lands Company Limited,Société immobilière du Canada limitée,Canada Lands Company Limited,Société immobilière du Canada limitée,,,Public Services and Procurement Canada,Services publics et Approvisionnement Canada,,,3.0,a,,,
2025-11-17T22:11:47Z,3649,Atomic Energy of Canada Limited,Énergie atomique du Canada limitée,Atomic Energy of Canada Limited,Énergie atomique du Canada limitée,,,Natural Resources Canada,Ressources naturelles Canada,,,3.0,a,,,
2025-11-17T22:11:47Z,3648,Standards Council of Canada,Conseil canadien des normes,Standards Council of Canada,Conseil canadien des normes,,,"Innovation, Science and Economic Development Canada","Innovation, Sciences et Développement économique Canada",,,3.0,a,,,
2025-11-17T22:11:47Z,3647,Canadian Tourism Commission,Commission canadienne du tourisme,Canadian Tourism Commission,Commission canadienne du tourisme,,,"Innovation, Science and Economic Development Canada","Innovation, Sciences et Développement économique Canada",,,3.0,a,,,
2025-11-17T22:11:47Z,3646,Business Development Bank of Canada,Banque de développement du Canada,Business Development Bank of Canada,Banque de développement du Canada,,,"Innovation, Science and Economic Development Canada","Innovation, Sciences et Développement économique Canada",,,3.0,a,,,
2025-11-17T22:11:47Z,3644,Windsor-Detroit Bridge Authority,Autorité du pont Windsor-Détroit,Windsor-Detroit Bridge Authority,Autorité du pont Windsor-Détroit,,,"Housing, Infrastructure and Communities Canada","Logement, Infrastructures et Collectivités Canada",,,3.0,a,,,
2025-11-17T22:11:47Z,3634,Canada Deposit Insurance Corporation,Société d'assurance-dépôts du Canada,Canada Deposit Insurance Corporation,Société d'assurance-dépôts du Canada,,,Department of Finance Canada,Ministère des Finances Canada,,,3.0,a,,,
2025-11-17T22:11:47Z,3643,The Jacques-Cartier and Champlain Bridges Inc.,Les Ponts Jacques-Cartier et Champlain Inc.,The Jacques-Cartier and Champlain Bridges Inc.,Les Ponts Jacques-Cartier et Champlain Inc.,,,"Housing, Infrastructure and Communities Canada","Logement, Infrastructures et Collectivités Canada",,,3.0,a,,,
2025-11-17T22:11:47Z,3642,Canada Infrastructure Bank,Banque de l'infrastructure du Canada,Canada Infrastructure Bank,Banque de l'infrastructure du Canada,,,"Housing, Infrastructure and Communities Canada","Logement, Infrastructures et Collectivités Canada",,,3.0,a,,,
2025-11-17T22:11:47Z,3641,International Development Research Centre,Centre de recherches pour le développement international,International Development Research Centre,Centre de recherches pour le développement international,,,Global Affairs Canada,Affaires mondiales Canada,,,,a,,,
2025-11-17T22:11:47Z,3640,Export Development Canada,Exportation et développement Canada,Export Development Canada,Exportation et développement Canada,,,Global Affairs Canada,Affaires mondiales Canada,,,3.0,a,,,
2025-11-17T22:11:47Z,3639,Canadian Commercial Corporation,Corporation commerciale canadienne,Canadian Commercial Corporation,Corporation commerciale canadienne,,,Global Affairs Canada,Affaires mondiales Canada,,,3.0,a,,,
2025-11-17T22:11:47Z,3638,Freshwater Fish Marketing Corporation,Office de commercialisation du poisson d'eau douce,Freshwater Fish Marketing Corporation,Office de commercialisation du poisson d'eau douce,,,Fisheries and Oceans Canada,Pêches et Océans Canada,,,3.0,a,,,
2025-11-17T22:11:47Z,3637,Royal Canadian Mint,Monnaie royale canadienne,Royal Canadian Mint,Monnaie royale canadienne,,,Department of Finance Canada,Ministère des Finances Canada,,,3.0,a,,,
2025-11-17T22:11:47Z,3636,Canada Pension Plan Investment Board,Office d'investissement du régime de pensions du Canada,Canada Pension Plan Investment Board,Office d'investissement du régime de pensions du Canada,,,Department of Finance Canada,Ministère des Finances Canada,,,,a,,,
2025-11-17T22:11:47Z,3635,Canada Development Investment Corporation,La Corporation de développement des investissements du Canada,Canada Development Investment Corporation,La Corporation de développement des investissements du Canada,,,Department of Finance Canada,Ministère des Finances Canada,,,3.0,a,,,
2025-11-17T22:11:47Z,3498,Sport Dispute Resolution Centre of Canada,Centre de règlement des différends sportifs du Canada,Sport Dispute Resolution Centre of Canada,Centre de règlement des différends sportifs du Canada,,,,,,,,a,,,
2025-11-17T22:11:47Z,3489,Prince Rupert Port Authority,Administration portuaire de Prince Rupert,Prince Rupert Port Authority,Administration portuaire de Prince Rupert,,,,,,,,a,,,
2025-11-17T22:11:47Z,3496,Saskatoon Airport Authority,Saskatoon Airport Authority,Saskatoon Airport Authority,Saskatoon Airport Authority,,,,,,,,a,,,
2025-11-17T22:11:47Z,2292,Shared Services Canada,Services partagés Canada,Shared Services Canada,Services partagés Canada,Shared Services Canada,Services partagés Canada,Public Services and Procurement Canada,Services publics et Approvisionnement Canada,SSC,SPC,1.1,a,,,
2025-11-17T22:11:47Z,2290,Civilian Review and Complaints Commission for the RCMP,Commission civile d'examen et de traitement des plaintes relatives à la GRC,Civilian Review and Complaints Commission for the Royal Canadian Mounted Police,Commission civile d'examen et de traitement des plaintes relatives à la Gendarmerie royale du Canada,Civilian Review and Complaints Commission for the RCMP,Commission civile d'examen et de traitement des plaintes relatives à la GRC,Public Safety Canada,Sécurité publique Canada,CRCC,CCETP,1.1,a,,,
2025-11-17T22:11:47Z,2289,RCMP External Review Committee,Comité externe d'examen de la GRC,Royal Canadian Mounted Police External Review Committee,Comité externe d'examen de la Gendarmerie royale du Canada,RCMP External Review Committee,Comité externe d'examen de la GRC,Public Safety Canada,Sécurité publique Canada,ERC,CEE,1.1,a,,,
2025-11-17T22:11:47Z,2288,Royal Canadian Mounted Police,Gendarmerie royale du Canada,Royal Canadian Mounted Police,Gendarmerie royale du Canada,,,Public Safety Canada,Sécurité publique Canada,RCMP,GRC,1.1,a,,,
2025-11-17T22:11:47Z,2287,Registrar of the Supreme Court of Canada,Registraire de la Cour suprême du Canada,Registrar of the Supreme Court of Canada,Registraire de la Cour suprême du Canada,,,Department of Justice Canada,Ministère de la Justice Canada,SCC,CSC,1.1,a,,,
2025-11-17T22:11:47Z,2286,Public Service Commission of Canada,Commission de la fonction publique du Canada,Public Service Commission,Commission de la fonction publique,Public Service Commission of Canada,Commission de la fonction publique du Canada,Privy Council Office,Bureau du Conseil privé,PSC,CFP,1.1,a,,,
2025-11-17T22:11:47Z,2285,Public Health Agency of Canada,Agence de la santé publique du Canada,Public Health Agency of Canada,Agence de la santé publique du Canada,Public Health Agency of Canada,Agence de la santé publique du Canada,Health Canada,Santé Canada,PHAC,ASPC,1.1,a,,,
2025-11-17T22:11:47Z,2284,Privy Council Office,Bureau du Conseil privé,Privy Council Office,Bureau du Conseil privé,Privy Council Office,Bureau du Conseil privé,Privy Council Office,Bureau du Conseil privé,PCO,BCP,1.1,a,,,
2025-11-17T22:11:47Z,2283,Patented Medicine Prices Review Board Canada,Conseil d'examen du prix des médicaments brevetés Canada,Patented Medicine Prices Review Board,Conseil d'examen du prix des médicaments brevetés,Patented Medicine Prices Review Board Canada,Conseil d'examen du prix des médicaments brevetés Canada,Health Canada,Santé Canada,PMPRB,CEPMB,1.1,a,,,
2025-11-17T22:11:47Z,2282,Office of the Privacy Commissioner of Canada,Commissariat à la protection de la vie privée du Canada,Office of the Privacy Commissioner of Canada,Commissariat à la protection de la vie privée du Canada,,,Department of Justice Canada,Ministère de la Justice Canada,,,4.0,a,,,
2025-11-17T22:11:47Z,2281,Office of the Information Commissioner,Commissariat à l'information au Canada,Office of the Information Commissioner,Commissariat à l'information au Canada,,,Department of Justice Canada,Ministère de la Justice Canada,,,4.0,a,,,
2025-11-17T22:11:47Z,2280,Office of the Superintendent of Financial Institutions Canada,Bureau du surintendant des institutions financières Canada,Office of the Superintendent of Financial Institutions,Bureau du surintendant des institutions financières,Office of the Superintendent of Financial Institutions Canada,Bureau du surintendant des institutions financières Canada,Department of Finance Canada,Ministère des Finances Canada,OSFI,BSIF,1.1,a,,,
2025-11-17T22:11:47Z,2279,Office of the Public Sector Integrity Commissioner of Canada,Commissariat à l'intégrité du secteur public du Canada,Office of the Public Sector Integrity Commissioner,Commissariat à l'intégrité du secteur public,Office of the Public Sector Integrity Commissioner of Canada,Commissariat à l'intégrité du secteur public du Canada,Treasury Board of Canada Secretariat,Secrétariat du Conseil du Trésor du Canada,PSIC,ISPC,1.1,a,,,
2025-11-17T22:11:47Z,2278,Office of the Secretary to the Governor General,Bureau du secrétaire du gouverneur général,Office of the Governor General's Secretary,Bureau du secrétaire du gouverneur général,Office of the Secretary to the Governor General,Bureau du secrétaire du gouverneur général,Privy Council Office,Bureau du Conseil privé,OSGG,BSGG,1.1,a,,,
2025-11-17T22:11:47Z,2277,Public Prosecution Service of Canada,Service des poursuites pénales du Canada,Office of the Director of Public Prosecutions,Bureau du directeur des poursuites pénales,Public Prosecution Service of Canada,Service des poursuites pénales du Canada,Department of Justice Canada,Ministère de la Justice Canada,PPSC,SPPC,1.1,a,,,
2025-11-17T22:11:47Z,2276,The Correctional Investigator Canada,L'Enquêteur correctionnel Canada,Office of the Correctional Investigator of Canada,Bureau de l'enquêteur correctionnel du Canada,The Correctional Investigator Canada,L'Enquêteur correctionnel Canada,Public Safety Canada,Sécurité publique Canada,OCI,BEC,1.1,a,,,
2025-11-17T22:11:47Z,2275,Office of the Intelligence Commissioner,Bureau du commissaire au renseignement,Office of the Intelligence Commissioner,Bureau du commissaire au renseignement,,,Privy Council Office,Bureau du Conseil privé,,,1.1,a,,,
2025-11-17T22:11:47Z,2274,Office of the Commissioner of Official Languages,Commissariat aux langues officielles,Office of the Commissioner of Official Languages,Commissariat aux langues officielles,,,Privy Council Office,Bureau du Conseil privé,OCOL,CLO,1.1,a,,,
2025-11-17T22:11:47Z,2273,Office of the Commissioner of Lobbying of Canada,Commissariat au lobbying du Canada,Office of the Commissioner of Lobbying,Commissariat au lobbying,Office of the Commissioner of Lobbying of Canada,Commissariat au lobbying du Canada,Treasury Board of Canada Secretariat,Secrétariat du Conseil du Trésor du Canada,OCL,CAL,1.1,a,,,
2025-11-17T22:11:47Z,2272,Office of the Commissioner for Federal Judicial Affairs Canada,Commissariat à la magistrature fédérale Canada,Office of the Commissioner for Federal Judicial Affairs,Commissariat à la magistrature fédérale,Office of the Commissioner for Federal Judicial Affairs Canada,Commissariat à la magistrature fédérale Canada,Department of Justice Canada,Ministère de la Justice Canada,FJA,CMF,1.1,a,,,
2025-11-17T22:11:47Z,2271,Elections Canada,Élections Canada,Office of the Chief Electoral Officer,Bureau du directeur général des élections,,,,,elections,elections,1.1,a,,,
2025-11-17T22:11:47Z,2270,Office of the Auditor General of Canada,Bureau du vérificateur général du Canada,Office of the Auditor General,Bureau du vérificateur général,Office of the Auditor General of Canada,Bureau du vérificateur général du Canada,Department of Finance Canada,Ministère des Finances Canada,OAG,BVG,1.1,a,,,
2025-11-17T22:11:47Z,2291,National Security and Intelligence Review Agency Secretariat,Secrétariat de l'Office de surveillance des activités en matière de sécurité nationale et de renseignement,National Security and Intelligence Review Agency Secretariat,Secrétariat de l'Office de surveillance des activités en matière de sécurité nationale et de renseignement,,,Privy Council Office,Bureau du Conseil privé,,,1.1,a,,,
2025-11-17T22:11:47Z,2293,Statistics Canada,Statistique Canada,Statistics Canada,Statistique Canada,Statistics Canada,Statistique Canada,"Innovation, Science and Economic Development Canada","Innovation, Sciences et Développement économique Canada",StatCan,StatCan,1.1,a,,,
2025-11-17T22:11:47Z,2317,Invest in Canada Hub,Investir au Canada,Invest in Canada Hub,Investir au Canada,,,Global Affairs Canada,Affaires mondiales Canada,,,2.0,a,,,
2025-11-17T22:11:47Z,2294,Veterans Review and Appeal Board,Tribunal des anciens combattants (révision et appel),Veterans Review and Appeal Board,Tribunal des anciens combattants (révision et appel),,,Veterans Affairs Canada,Anciens Combattants Canada,VRAB,TACRA,1.1,a,,,
2025-11-17T22:11:47Z,2315,Parks Canada,Parcs Canada,Parks Canada Agency,Agence Parcs Canada,Parks Canada,Parcs Canada,Environment and Climate Change Canada,Environnement et Changement climatique Canada,PC,PC,2.0,a,,,
2025-11-17T22:11:47Z,2314,Natural Sciences and Engineering Research Council of Canada,Conseil de recherches en sciences naturelles et en génie du Canada,Natural Sciences and Engineering Research Council,Conseil de recherches en sciences naturelles et en génie,Natural Sciences and Engineering Research Council of Canada,Conseil de recherches en sciences naturelles et en génie du Canada,"Innovation, Science and Economic Development Canada","Innovation, Sciences et Développement économique Canada",NSERC,CRSNG,2.0,a,,,
2025-11-17T22:11:47Z,2313,National Research Council Canada,Conseil national de recherches Canada,National Research Council of Canada,Conseil national de recherches du Canada,National Research Council Canada,Conseil national de recherches Canada,"Innovation, Science and Economic Development Canada","Innovation, Sciences et Développement économique Canada",NRC,CNRC,2.0,a,,,
2025-11-17T22:11:47Z,2312,Canada Energy Regulator,Régie de l'énergie du Canada,Canadian Energy Regulator,Régie canadienne de l'énergie,Canada Energy Regulator,Régie de l'énergie du Canada,Natural Resources Canada,Ressources naturelles Canada,CER,REC,2.0,a,,,
2025-11-17T22:11:47Z,2311,The National Battlefields Commission,Commission des champs de bataille nationaux,The National Battlefields Commission,Commission des champs de bataille nationaux,The National Battlefields Commission,Commission des champs de bataille nationaux,Canadian Heritage,Patrimoine canadien,NBC,CCBN,2.0,a,,,
2025-11-17T22:11:47Z,2310,Law Commission of Canada,Commission du droit du Canada,Law Commission of Canada,Commission du droit du Canada,Law Commission of Canada,Commission du droit du Canada,Department of Justice Canada,Ministère de la Justice Canada,,,2.0,a,,,
2025-11-17T22:11:47Z,2309,Transportation Safety Board of Canada,Bureau de la sécurité des transports du Canada,Canadian Transportation Accident Investigation and Safety Board,Bureau canadien d'enquête sur les accidents de transport et de la sécurité des transports,Transportation Safety Board of Canada,Bureau de la sécurité des transports du Canada,Privy Council Office,Bureau du Conseil privé,TSB,BST,2.0,a,,,
2025-11-17T22:11:47Z,2308,Canadian Nuclear Safety Commission,Commission canadienne de sûreté nucléaire,Canadian Nuclear Safety Commission,Commission canadienne de sûreté nucléaire,Canadian Nuclear Safety Commission,Commission canadienne de sûreté nucléaire,Natural Resources Canada,Ressources naturelles Canada,CNSC,CCSN,2.0,a,,,
2025-11-17T22:11:47Z,2307,Canadian Institutes of Health Research,Instituts de recherche en santé du Canada,Canadian Institutes of Health Research,Instituts de recherche en santé du Canada,,,Health Canada,Santé Canada,CIHR,IRSC,2.0,a,,,
2025-11-17T22:11:47Z,2306,Canadian Food Inspection Agency,Agence canadienne d'inspection des aliments,Canadian Food Inspection Agency,Agence canadienne d'inspection des aliments,Canadian Food Inspection Agency,Agence canadienne d'inspection des aliments,Health Canada,Santé Canada,CFIA,ACIA,2.0,a,,,
2025-11-17T22:11:47Z,2305,Canadian Centre for Occupational Health and Safety,Centre canadien d'hygiène et de sécurité au travail,Canadian Centre for Occupational Health and Safety,Centre canadien d'hygiène et de sécurité au travail,,,Employment and Social Development Canada,Emploi et Développement social Canada,CCOHS,CCHST,2.0,a,,,
2025-11-17T22:11:47Z,2304,Canada School of Public Service,École de la fonction publique du Canada,Canada School of Public Service,École de la fonction publique du Canada,Canada School of Public Service,École de la fonction publique du Canada,Treasury Board of Canada Secretariat,Secrétariat du Conseil du Trésor du Canada,CSPS,EFPC,2.0,a,,,
2025-11-17T22:11:47Z,2303,Canada Revenue Agency,Agence du revenu du Canada,Canada Revenue Agency,Agence du revenu du Canada,,,Canada Revenue Agency,Agence du revenu du Canada,CRA,ARC,2.0,a,,,
2025-11-17T22:11:47Z,2302,Canada Employment Insurance Commission,Commission de l'assurance-emploi du Canada,Canada Employment Insurance Commission,Commission de l'assurance-emploi du Canada,Canada Employment Insurance Commission,Commission de l'assurance-emploi du Canada,Employment and Social Development Canada,Emploi et Développement social Canada,CEIC,CAEC,2.0,a,,,
2025-11-17T22:11:47Z,2301,Canada Emission Reduction Incentives Agency,Agence canadienne pour l'incitation à la réduction des émissions,Canada Emission Reduction Incentives Agency,Agence canadienne pour l'incitation à la réduction des émissions,,,Environment and Climate Change Canada,Environnement et Changement climatique Canada,,,2.0,a,,,
2025-11-17T22:11:47Z,2300,Canada Border Services Agency,Agence des services frontaliers du Canada,Canada Border Services Agency,Agence des services frontaliers du Canada,Canada Border Services Agency,Agence des services frontaliers du Canada,Public Safety Canada,Sécurité publique Canada,CBSA,ASFC,2.0,a,,,
2025-11-17T22:11:47Z,2299,Federal Economic Development Agency for Northern Ontario,Agence fédérale de développement économique pour le Nord de l'Ontario,Federal Economic Development Agency for Northern Ontario,Agence fédérale de développement économique pour le Nord de l'Ontario,Federal Economic Development Agency for Northern Ontario,Agence fédérale de développement économique pour le Nord de l'Ontario,Minister of Jobs and Families and Minister responsible for the Federal Economic Development Agency for Northern Ontario,Ministre de l'Emploi et des Familles et ministre responsable de l'Agence fédérale de développement économique pour le Nord de l'Ontario,FedNor,FedNor,1.1,a,,,
2025-11-17T22:11:47Z,2298,Pacific Economic Development Canada,Développement économique Canada pour le Pacifique,Pacific Economic Development Agency of Canada,Agence de développement économique du Pacifique Canada,Pacific Economic Development Canada,Développement économique Canada pour le Pacifique,Minister of Housing and Infrastructure and Minister responsible for Pacific Economic Development Canada,Ministre du Logement et de l'Infrastructure et ministre responsable de Développement économique Canada pour le Pacifique,PacifiCan,PacifiCan,1.1,a,,,
2025-11-17T22:11:47Z,2297,Administrative Tribunals Support Service of Canada,Service canadien d'appui aux tribunaux administratifs,Administrative Tribunals Support Service of Canada,Service canadien d'appui aux tribunaux administratifs,Administrative Tribunals Support Service of Canada,Service canadien d'appui aux tribunaux administratifs,Department of Justice Canada,Ministère de la Justice Canada,ATSSC,SCDATA,1.1,a,,,
2025-11-17T22:11:47Z,2296,Leaders' Debates Commission,Commission des débats des chefs,Leaders' Debates Commission,Commission des débats des chefs,,,Privy Council Office,Bureau du Conseil privé,,,1.1,a,,,
2025-11-17T22:11:47Z,2295,Secretariat of the National Security and Intelligence Committee of Parliamentarians,Secrétariat du Comité des parlementaires sur la sécurité nationale et le renseignement,Secretariat of the National Security and Intelligence Committee of Parliamentarians,Secrétariat du Comité des parlementaires sur la sécurité nationale et le renseignement,Secretariat of the National Security and Intelligence Committee of Parliamentarians,Secrétariat du Comité des parlementaires sur la sécurité nationale et le renseignement,Privy Council Office,Bureau du Conseil privé,SNSICP,SCPSNR,1.1,a,,,
2025-11-17T22:11:47Z,2269,"Housing, Infrastructure and Communities Canada","Logement, Infrastructures et Collectivités Canada","Department of Housing, Infrastructure and Communities","Ministère du Logement, de l'Infrastructure et des Collectivités","Housing, Infrastructure and Communities Canada","Logement, Infrastructures et Collectivités Canada","Housing, Infrastructure and Communities Canada","Logement, Infrastructures et Collectivités Canada",HICC,LICC,1.0,a,,,
2025-11-17T22:11:47Z,2268,Northern Pipeline Agency Canada,Administration du pipe-line du Nord Canada,Northern Pipeline Agency,Administration du pipe-line du Nord,Northern Pipeline Agency Canada,Administration du pipe-line du Nord Canada,Natural Resources Canada,Ressources naturelles Canada,NPA,APN,1.1,a,,,
2025-11-17T22:11:47Z,2267,Parole Board of Canada,Commission des libérations conditionnelles du Canada,Parole Board of Canada,Commission des libérations conditionnelles du Canada,Parole Board of Canada,Commission des libérations conditionnelles du Canada,Public Safety Canada,Sécurité publique Canada,PBC,CLCC,1.1,a,,,
2025-11-17T22:11:47Z,2266,National Film Board,Office national du film,National Film Board,Office national du film,,,Canadian Heritage,Patrimoine canadien,NFB,ONF,1.1,a,,,
2025-11-17T22:11:47Z,2241,Women and Gender Equality Canada,Femmes et Égalité des genres Canada,Department for Women and Gender Equality,Ministère des Femmes et de l'Égalité des genres,Women and Gender Equality Canada,Femmes et Égalité des genres Canada,Women and Gender Equality Canada,Femmes et Égalité des genres Canada,WAGE,FEGC,1.0,a,,,
2025-11-17T22:11:47Z,2240,Prairies Economic Development Canada,Développement économique Canada pour les Prairies,Department of Western Economic Diversification,Ministère de la Diversification de l'économie de l'Ouest canadien,Prairies Economic Development Canada,Développement économique Canada pour les Prairies,Minister of Emergency Management and Community Resilience and Minister responsible for Prairies Economic Development Canada,Ministre de la Gestion des urgences et de la Résilience des communautés et ministre responsable de Développement économique Canada pour les Prairies,PrairiesCan,PrairiesCan,1.0,a,,,
2025-11-17T22:11:47Z,2239,Veterans Affairs Canada,Anciens Combattants Canada,Department of Veterans Affairs,Ministère des Anciens Combattants,Veterans Affairs Canada,Anciens Combattants Canada,Veterans Affairs Canada,Anciens Combattants Canada,VAC,ACC,1.0,a,,,
2025-11-17T22:11:47Z,2238,Transport Canada,Transports Canada,Department of Transport,Ministère des Transports,Transport Canada,Transports Canada,Transport Canada,Transports Canada,TC,TC,1.0,a,,,
2025-11-17T22:11:47Z,2237,Environment and Climate Change Canada,Environnement et Changement climatique Canada,Department of the Environment,Ministère de l'Environnement,Environment and Climate Change Canada,Environnement et Changement climatique Canada,Environment and Climate Change Canada,Environnement et Changement climatique Canada,ECCC,ECCC,1.0,a,,,
2025-11-17T22:11:47Z,2236,Public Services and Procurement Canada,Services publics et Approvisionnement Canada,Department of Public Works and Government Services,Ministère des Travaux publics et des Services gouvernementaux,Public Services and Procurement Canada,Services publics et Approvisionnement Canada,Public Services and Procurement Canada,Services publics et Approvisionnement Canada,PSPC,SPAC,1.0,a,,,
2025-11-17T22:11:47Z,2235,Public Safety Canada,Sécurité publique Canada,Department of Public Safety and Emergency Preparedness,Ministère de la Sécurité publique et de la Protection civile,Public Safety Canada,Sécurité publique Canada,Public Safety Canada,Sécurité publique Canada,PS,SP,1.0,a,,,
2025-11-17T22:11:47Z,2234,Natural Resources Canada,Ressources naturelles Canada,Department of Natural Resources,Ministère des Ressources naturelles,Natural Resources Canada,Ressources naturelles Canada,Natural Resources Canada,Ressources naturelles Canada,NRCan,RNCan,1.0,a,,,
2025-11-17T22:11:47Z,2233,National Defence,Défense nationale,Department of National Defence,Ministère de la Défense nationale,National Defence,Défense nationale,National Defence,Défense nationale,DND,MDN,1.0,a,,,
2025-11-17T22:11:47Z,2232,Department of Justice Canada,Ministère de la Justice Canada,Department of Justice,Ministère de la Justice,Department of Justice Canada,Ministère de la Justice Canada,Department of Justice Canada,Ministère de la Justice Canada,JUS,JUS,1.0,a,,,
2025-11-17T22:11:47Z,2231,"Innovation, Science and Economic Development Canada","Innovation, Sciences et Développement économique Canada",Department of Industry,Ministère de l'Industrie,"Innovation, Science and Economic Development Canada","Innovation, Sciences et Développement économique Canada","Innovation, Science and Economic Development Canada","Innovation, Sciences et Développement économique Canada",ISED,ISDE,1.0,a,,,
2025-11-17T22:11:47Z,2230,Crown-Indigenous Relations and Northern Affairs Canada,Relations Couronne-Autochtones et Affaires du Nord Canada,Department of Crown-Indigenous Relations and Northern Affairs,Ministère des Relations Couronne-Autochtones et des Affaires du Nord,Crown-Indigenous Relations and Northern Affairs Canada,Relations Couronne-Autochtones et Affaires du Nord Canada,Crown-Indigenous Relations and Northern Affairs Canada,Relations Couronne-Autochtones et Affaires du Nord Canada,CIRNAC,RCAANC,1.0,a,,,
2025-11-17T22:11:47Z,2229,Employment and Social Development Canada,Emploi et Développement social Canada,Department of Employment and Social Development,Ministère de l'Emploi et du Développement social,Employment and Social Development Canada,Emploi et Développement social Canada,Employment and Social Development Canada,Emploi et Développement social Canada,ESDC,EDSC,1.0,a,,,
2025-11-17T22:11:47Z,2228,Health Canada,Santé Canada,Department of Health,Ministère de la Santé,Health Canada,Santé Canada,Health Canada,Santé Canada,HC,SC,1.0,a,,,
2025-11-17T22:11:47Z,3495,Saint John Port Authority,Administration portuaire de Saint John,Saint John Port Authority,Administration portuaire de Saint John,,,,,,,,a,,,
2025-11-17T22:11:47Z,2226,Fisheries and Oceans Canada,Pêches et Océans Canada,Department of Fisheries and Oceans,Ministère des Pêches et des Océans,Fisheries and Oceans Canada,Pêches et Océans Canada,Fisheries and Oceans Canada,Pêches et Océans Canada,DFO,MPO,1.0,a,,,
2025-11-17T22:11:47Z,2225,Department of Finance Canada,Ministère des Finances Canada,Department of Finance,Ministère des Finances,Department of Finance Canada,Ministère des Finances Canada,Department of Finance Canada,Ministère des Finances Canada,FIN,FIN,1.0,a,,,
2025-11-17T22:11:47Z,2224,"Immigration, Refugees and Citizenship Canada","Immigration, Réfugiés et Citoyenneté Canada",Department of Citizenship and Immigration,Ministère de la Citoyenneté et de l'Immigration,"Immigration, Refugees and Citizenship Canada","Immigration, Réfugiés et Citoyenneté Canada","Immigration, Refugees and Citizenship Canada","Immigration, Réfugiés et Citoyenneté Canada",IRCC,IRCC,1.0,a,,,
2025-11-17T22:11:47Z,2223,Canadian Heritage,Patrimoine canadien,Department of Canadian Heritage,Ministère du Patrimoine canadien,Canadian Heritage,Patrimoine canadien,Canadian Heritage,Patrimoine canadien,PCH,PCH,1.0,a,,,
2025-11-17T22:11:47Z,2222,Agriculture and Agri-Food Canada,Agriculture et Agroalimentaire Canada,Department of Agriculture and Agri-Food,Ministère de l'Agriculture et de l'Agroalimentaire,Agriculture and Agri-Food Canada,Agriculture et Agroalimentaire Canada,Agriculture and Agri-Food Canada,Agriculture et Agroalimentaire Canada,AAFC,AAC,1.0,a,,,
2025-11-17T22:11:47Z,﻿gc_orgID,harmonized_name,nom_harmonisé,legal_title,appellation_légale,preferred_name,nom_préféré,lead_department,ministère_responsable,abbreviation,abreviation,FAA_LGFP,status_statut,end_date_fin,,
2025-11-17T22:11:47Z,2242,Treasury Board of Canada Secretariat,Secrétariat du Conseil du Trésor du Canada,Treasury Board Secretariat,Secrétariat du Conseil du Trésor,Treasury Board of Canada Secretariat,Secrétariat du Conseil du Trésor du Canada,Treasury Board of Canada Secretariat,Secrétariat du Conseil du Trésor du Canada,TBS,SCT,,a,,,
2025-11-17T22:11:47Z,2243,Indigenous Services Canada,Services aux Autochtones Canada,Department of Indigenous Services,Ministère des Services aux Autochtones,Indigenous Services Canada,Services aux Autochtones Canada,Indigenous Services Canada,Services aux Autochtones Canada,ISC,SAC,1.0,a,,,
2025-11-17T22:11:47Z,2244,Atlantic Canada Opportunities Agency,Agence de promotion économique du Canada atlantique,Atlantic Canada Opportunities Agency,Agence de promotion économique du Canada atlantique,,,Minister of Justice and Attorney General of Canada and Minister responsible for the Atlantic Canada Opportunities Agency,Ministre de la Justice et procureur général du Canada et ministre responsable de l'Agence de promotion économique du Canada atlantique,ACOA,APECA,1.1,a,,,
2025-11-17T22:11:47Z,2256,Courts Administration Service,Service administratif des tribunaux judiciaires,Courts Administration Service,Service administratif des tribunaux judiciaires,Courts Administration Service,Service administratif des tribunaux judiciaires,Department of Justice Canada,Ministère de la Justice Canada,CAS,SATJ,1.1,a,,,
2025-11-17T22:11:47Z,2265,Farm Products Council of Canada,Conseil des produits agricoles du Canada,National Farm Products Council,Conseil national des produits agricoles,Farm Products Council of Canada,Conseil des produits agricoles du Canada,Agriculture and Agri-Food Canada,Agriculture et Agroalimentaire Canada,FPCC,CPAC,1.1,a,,,
2025-11-17T22:11:47Z,2264,Military Police Complaints Commission of Canada,Commission d'examen des plaintes concernant la police militaire du Canada,Military Police Complaints Commission,Commission d'examen des plaintes concernant la police militaire,Military Police Complaints Commission of Canada,Commission d'examen des plaintes concernant la police militaire du Canada,National Defence,Défense nationale,MPCC,CPPM,1.1,a,,,
2025-11-17T22:11:47Z,2263,Military Grievances External Review Committee,Comité externe d'examen des griefs militaires,Military Grievances External Review Committee,Comité externe d'examen des griefs militaires,Military Grievances External Review Committee,Comité externe d'examen des griefs militaires,National Defence,Défense nationale,MGERC,CEEGM,1.1,a,,,
2025-11-17T22:11:47Z,2262,Library and Archives Canada,Bibliothèque et Archives Canada,Library and Archives of Canada,Bibliothèque et Archives du Canada,Library and Archives Canada,Bibliothèque et Archives Canada,Canadian Heritage,Patrimoine canadien,LAC,BAC,1.1,a,,,
2025-11-17T22:11:47Z,2261,Immigration and Refugee Board of Canada,Commission de l'immigration et du statut de réfugié du Canada,Immigration and Refugee Board,Commission de l'immigration et du statut de réfugié,Immigration and Refugee Board of Canada,Commission de l'immigration et du statut de réfugié du Canada,"Immigration, Refugees and Citizenship Canada","Immigration, Réfugiés et Citoyenneté Canada",IRB,CISR,1.1,a,,,
2025-11-17T22:11:47Z,2260,Financial Transactions and Reports Analysis Centre of Canada,Centre d'analyse des opérations et déclarations financières du Canada,Financial Transactions and Reports Analysis Centre of Canada,Centre d'analyse des opérations et déclarations financières du Canada,Financial Transactions and Reports Analysis Centre of Canada,Centre d'analyse des opérations et déclarations financières du Canada,Department of Finance Canada,Ministère des Finances Canada,FINTRAC,CANAFE,1.1,a,,,
2025-11-17T22:11:47Z,2259,Financial Consumer Agency of Canada,Agence de la consommation en matière financière du Canada,Financial Consumer Agency of Canada,Agence de la consommation en matière financière du Canada,Financial Consumer Agency of Canada,Agence de la consommation en matière financière du Canada,Department of Finance Canada,Ministère des Finances Canada,FCAC,ACFC,1.1,a,,,
2025-11-17T22:11:47Z,2258,Federal Economic Development Agency for Southern Ontario,Agence fédérale de développement économique pour le Sud de l'Ontario,Federal Economic Development Agency for Southern Ontario,Agence fédérale de développement économique pour le Sud de l'Ontario,Federal Economic Development Agency for Southern Ontario,Agence fédérale de développement économique pour le Sud de l'Ontario,Minister of Artificial Intelligence and Digital Innovation and Minister responsible for the Federal Economic Development Agency for Southern Ontario,Ministre de l'Intelligence artificielle et de l'Innovation numérique et ministre responsable de l'Agence fédérale de développement économique pour le Sud de l'Ontario,FedDev Ontario,FedDev Ontario,1.1,a,,,
2025-11-17T22:11:47Z,2257,Canada Economic Development for Quebec Regions,Développement économique Canada pour les régions du Québec,Economic Development Agency of Canada for the Regions of Quebec,Agence de développement économique du Canada pour les régions du Québec,Canada Economic Development for Quebec Regions,Développement économique Canada pour les régions du Québec,Minister of Industry and Minister responsible for Canada Economic Development for Quebec Regions,Ministre de l'Industrie et ministre responsable de Développement économique Canada pour les régions du Québec,CED,DEC,1.1,a,,,
2025-11-17T22:11:47Z,2255,Correctional Service Canada,Service correctionnel Canada,Correctional Service of Canada,Service correctionnel du Canada,Correctional Service Canada,Service correctionnel Canada,Public Safety Canada,Sécurité publique Canada,CSC,SCC,1.1,a,,,
2025-11-17T22:11:47Z,2245,Impact Assessment Agency of Canada,Agence d'évaluation d'impact du Canada,Impact Assessment Agency of Canada,Agence canadienne d'évaluation d'impact,Impact Assessment Agency of Canada,Agence d'évaluation d'impact du Canada,Environment and Climate Change Canada,Environnement et Changement climatique Canada,IAAC,AEIC,1.1,a,,,
2025-11-17T22:11:47Z,2254,Copyright Board Canada,Commission du droit d'auteur Canada,Copyright Board,Commission du droit d'auteur,Copyright Board Canada,Commission du droit d'auteur Canada,"Innovation, Science and Economic Development Canada","Innovation, Sciences et Développement économique Canada",CB,CDA,1.1,a,,,
2025-11-17T22:11:47Z,2253,Communications Security Establishment Canada,Centre de la sécurité des télécommunications Canada,Communications Security Establishment,Centre de la sécurité des télécommunications,Communications Security Establishment Canada,Centre de la sécurité des télécommunications Canada,National Defence,Défense nationale,CSE,CST,1.1,a,,,
2025-11-17T22:11:47Z,2252,Canadian Transportation Agency,Office des transports du Canada,Canadian Transportation Agency,Office des transports du Canada,Canadian Transportation Agency,Office des transports du Canada,Transport Canada,Transports Canada,CTA,OTC,1.1,a,,,
2025-11-17T22:11:47Z,2251,Canadian Space Agency,Agence spatiale canadienne,Canadian Space Agency,Agence spatiale canadienne,Canadian Space Agency,Agence spatiale canadienne,"Innovation, Science and Economic Development Canada","Innovation, Sciences et Développement économique Canada",CSA,ASC,1.1,a,,,
2025-11-17T22:11:47Z,2250,Canadian Security Intelligence Service,Service canadien du renseignement de sécurité,Canadian Security Intelligence Service,Service canadien du renseignement de sécurité,Canadian Security Intelligence Service,Service canadien du renseignement de sécurité,Public Safety Canada,Sécurité publique Canada,CSIS,SCRS,1.1,a,,,
2025-11-17T22:11:47Z,2249,Canadian Northern Economic Development Agency,Agence canadienne de développement économique du Nord,Canadian Northern Economic Development Agency,Agence canadienne de développement économique du Nord,Canadian Northern Economic Development Agency,Agence canadienne de développement économique du Nord,Minister of Northern and Arctic Affairs and Minister responsible for the Canadian Northern Economic Development Agency,Ministre des Affaires du Nord et de l'Arctique et ministre responsable de l'Agence canadienne de développement économique du Nord,CanNor,CanNor,1.1,a,,,
2025-11-17T22:11:47Z,2248,Canadian Intergovernmental Conference Secretariat,Secrétariat des conférences intergouvernementales canadiennes,Canadian Intergovernmental Conference Secretariat,Secrétariat des conférences intergouvernementales canadiennes,,,Privy Council Office,Bureau du Conseil privé,CICS,SCIC,1.1,a,,,
2025-11-17T22:11:47Z,2247,Canadian Human Rights Commission,Commission canadienne des droits de la personne,Canadian Human Rights Commission,Commission canadienne des droits de la personne,,,Department of Justice Canada,Ministère de la Justice Canada,CHRC,CCDP,1.1,a,,,
2025-11-17T22:11:47Z,2246,Canadian Grain Commission,Commission canadienne des grains,Canadian Grain Commission,Commission canadienne des grains,,,Agriculture and Agri-Food Canada,Agriculture et Agroalimentaire Canada,CGC,CCG,1.1,a,,,
2025-11-17T22:11:47Z,2316,Social Sciences and Humanities Research Council of Canada,Conseil de recherches en sciences humaines du Canada,Social Sciences and Humanities Research Council,Conseil de recherches en sciences humaines,Social Sciences and Humanities Research Council of Canada,Conseil de recherches en sciences humaines du Canada,"Innovation, Science and Economic Development Canada","Innovation, Sciences et Développement économique Canada",SSHRC,CRSH,2.0,a,,,
2025-11-17T22:11:47Z,2227,Global Affairs Canada,Affaires mondiales Canada,"Department of Foreign Affairs, Trade and Development","Ministère des Affaires étrangères, du Commerce et du Développement",Global Affairs Canada,Affaires mondiales Canada,Global Affairs Canada,Affaires mondiales Canada,GAC,AMC,1.0,a,,,
2025-11-17T22:11:47Z,2318,Polar Knowledge Canada,Savoir polaire Canada,Canadian High Arctic Research Station,Station canadienne de recherche dans l'Extrême-Arctique,Polar Knowledge Canada,Savoir polaire Canada,Crown-Indigenous Relations and Northern Affairs Canada,Relations Couronne-Autochtones et Affaires du Nord Canada,POLAR,POLAIRE,2.0,a,,,
2025-11-17T22:11:47Z,2319,Accessibility Standards Canada,Normes d'accessibilité Canada,Canadian Accessibility Standards Development Organization,Organisation canadienne d'élaboration de normes d'accessibilité,Accessibility Standards Canada,Normes d'accessibilité Canada,,,ASC,NAC,2.0,a,,,
2025-11-17T22:11:47Z,3467,Halifax International Airport Authority,Administration de l'aéroport international d'Halifax,Halifax International Airport Authority,Administration de l'aéroport international d'Halifax,,,,,,,,a,,,
2025-11-17T22:11:47Z,3466,Greater Toronto Airports Authority,Autorité aéroportuaire du Grand Toronto,Greater Toronto Airports Authority,Autorité aéroportuaire du Grand Toronto,,,,,,,,a,,,
2025-11-17T22:11:47Z,3465,Greater Moncton International Airport Authority Inc.,Greater Moncton International Airport Authority Inc.,Greater Moncton International Airport Authority Inc.,Greater Moncton International Airport Authority Inc.,,,,,,,,a,,,
2025-11-17T22:11:47Z,3464,Greater London International Airport Authority,Greater London International Airport Authority,Greater London International Airport Authority,Greater London International Airport Authority,,,,,,,,a,,,
2025-11-17T22:11:47Z,3463,Gander International Airport Authority Inc.,Gander International Airport Authority Inc.,Gander International Airport Authority Inc.,Gander International Airport Authority Inc.,,,,,,,,a,,,
2025-11-17T22:11:47Z,3462,Fredericton International Airport Authority Inc.,Fredericton International Airport Authority Inc.,Fredericton International Airport Authority Inc.,Fredericton International Airport Authority Inc.,,,,,,,,a,,,
2025-11-17T22:11:47Z,3461,Edmonton Regional Airports Authority,Edmonton Regional Airports Authority,Edmonton Regional Airports Authority,Edmonton Regional Airports Authority,,,,,,,,a,,,
2025-11-17T22:11:47Z,3459,Coaching Association of Canada,Association canadienne des entraîneurs,Coaching Association of Canada,Association canadienne des entraîneurs,,,,,,,,a,,,
2025-11-17T22:11:47Z,3458,Charlottetown Airport Authority Inc.,Charlottetown Airport Authority Inc.,Charlottetown Airport Authority Inc.,Charlottetown Airport Authority Inc.,,,,,,,,a,,,
2025-11-17T22:11:47Z,3457,Canadian Sport Institute Ontario,Institut canadien du sport Ontario,Canadian Sport Institute Ontario,Institut canadien du sport Ontario,,,,,,,,a,,,
2025-11-17T22:11:47Z,3456,Canadian Patient Safety Institute (CPSI),Institut canadien pour la sécurité des patients (ICSP),Canadian Patient Safety Institute (CPSI),Institut canadien pour la sécurité des patients (ICSP),,,,,,,,d,2020,,
2025-11-17T22:11:47Z,3455,Canadian Partnership Against Cancer Corporation (CPAC),Partenariat canadien contre le cancer (PCC),Canadian Partnership Against Cancer Corporation (CPAC),Partenariat canadien contre le cancer (PCC),,,,,,,,a,,,
2025-11-17T22:11:47Z,3454,Canadian Livestock Records Corporation,Société canadienne d'enregistrement des animaux,Canadian Livestock Records Corporation,Société canadienne d'enregistrement des animaux,,,,,,,,a,,,
2025-11-17T22:11:47Z,3453,Canadian Institute for Health Information (CIHI),Institut canadien d'information sur la santé (ICIS),Canadian Institute for Health Information (CIHI),Institut canadien d'information sur la santé (ICIS),,,,,,,,a,,,
2025-11-17T22:11:47Z,3452,Canadian Energy Research Institute,Canadian Energy Research Institute,Canadian Energy Research Institute,Canadian Energy Research Institute,,,,,,,,d,2020,,
2025-11-17T22:11:47Z,3451,Canadian Centre on Substance Use and Addictions,Centre canadien sur les dépendances et l'usage de substances,Canadian Centre on Substance Use and Addictions,Centre canadien sur les dépendances et l'usage de substances,,,,,,,,a,,,
2025-11-17T22:11:47Z,3450,Canadian Agency for Drugs and Technologies in Health (CADTH),Agence canadienne des médicaments et des technologies de la santé (ACMTS),Canadian Agency for Drugs and Technologies in Health (CADTH),Agence canadienne des médicaments et des technologies de la santé (ACMTS),,,,,,,,a,,,
2025-11-17T22:11:47Z,3449,Canada-Nova Scotia Offshore Energy Regulator,Régie Canada-Nouvelle-Écosse de l'énergie extracôtière,Canada-Nova Scotia Offshore Energy Regulator,Régie Canada-Nouvelle-Écosse de l'énergie extracôtière,,,,,,,,a,,,
2025-11-17T22:11:47Z,3448,Canada-Newfoundland and Labrador Offshore Petroleum Board,Office Canada-Terre-Neuve-et-Labrador des hydrocarbures extracôtiers,Canada-Newfoundland and Labrador Offshore Petroleum Board,Office Canada-Terre-Neuve-et-Labrador des hydrocarbures extracôtiers,,,,,,,,a,,,
2025-11-17T22:11:47Z,3447,Canada Media Fund,Fonds des médias du Canada,Canada Media Fund,Fonds des médias du Canada,,,,,,,,a,,,
2025-11-17T22:11:47Z,3446,Canada Health Infoway Inc.,Inforoute Santé du Canada Inc.,Canada Health Infoway Inc.,Inforoute Santé du Canada Inc.,,,,,,,,a,,,
2025-11-17T22:11:47Z,3468,Halifax Port Authority,Administration portuaire d'Halifax,Halifax Port Authority,Administration portuaire d'Halifax,,,,,,,,a,,,
2025-11-17T22:11:47Z,3469,Hamilton Port Authority,Administration portuaire de Hamilton,Hamilton Port Authority,Administration portuaire de Hamilton,,,,,,,,a,,,
2025-11-17T22:11:47Z,3470,Institut national du sport du Québec,Institut national du sport du Québec,Institut national du sport du Québec,Institut national du sport du Québec,,,,,,,,a,,,
2025-11-17T22:11:47Z,3482,Ottawa International Airport Authority,Administration de l'aéroport international d'Ottawa,Ottawa International Airport Authority,Administration de l'aéroport international d'Ottawa,,,,,,,,a,,,
2025-11-17T22:11:47Z,3493,Saguenay Port Authority,Administration portuaire du Saguenay,Saguenay Port Authority,Administration portuaire du Saguenay,,,,,,,,a,,,
2025-11-17T22:11:47Z,3492,Roosevelt Campobello International Park Commission,Commission du parc international Roosevelt de Campobello,Roosevelt Campobello International Park Commission,Commission du parc international Roosevelt de Campobello,,,,,,,,a,,,
2025-11-17T22:11:47Z,3491,Regina Airport Authority Inc.,Regina Airport Authority Inc.,Regina Airport Authority Inc.,Regina Airport Authority Inc.,,,,,,,,a,,,
2025-11-17T22:11:47Z,3490,Québec Port Authority,Administration portuaire de Québec,Québec Port Authority,Administration portuaire de Québec,,,,,,,,a,,,
2025-11-17T22:11:47Z,3488,Prince George Airport Authority Inc.,Prince George Airport Authority Inc.,Prince George Airport Authority Inc.,Prince George Airport Authority Inc.,,,,,,,,a,,,
2025-11-17T22:11:47Z,3486,Port Alberni Port Authority,Administration portuaire de Port Alberni,Port Alberni Port Authority,Administration portuaire de Port Alberni,,,,,,,,a,,,
2025-11-17T22:11:47Z,3485,Porcupine Caribou Management Board,Porcupine Caribou Management Board,Porcupine Caribou Management Board,Porcupine Caribou Management Board,,,,,,,,a,,,
2025-11-17T22:11:47Z,3484,"Pierre Elliott Trudeau Foundation, The","Fondation Pierre Elliott Trudeau, La","Pierre Elliott Trudeau Foundation, The","Fondation Pierre Elliott Trudeau, La",,,,,,,,a,,,
2025-11-17T22:11:47Z,3483,Ouranos Consortium,Consortium Ouranos,Ouranos Consortium,Consortium Ouranos,,,,,,,,a,,,
2025-11-17T22:11:47Z,3481,Oshawa Port Authority,Administration portuaire d'Oshawa,Oshawa Port Authority,Administration portuaire d'Oshawa,,,,,,,,a,,,
2025-11-17T22:11:47Z,3471,Internal Trade Secretariat Corporation,Corporation du Secrétariat du commerce intérieur,Internal Trade Secretariat Corporation,Corporation du Secrétariat du commerce intérieur,,,,,,,,a,,,
2025-11-17T22:11:47Z,3480,NAV CANADA,NAV CANADA,NAV CANADA,NAV CANADA,,,,,,,,a,,,
2025-11-17T22:11:47Z,3479,"Nature Trust of British Columbia, The","Nature Trust of British Columbia, The","Nature Trust of British Columbia, The","Nature Trust of British Columbia, The",,,,,,,,a,,,
2025-11-17T22:11:47Z,3478,Nanaimo Port Authority,Administration portuaire de Nanaimo,Nanaimo Port Authority,Administration portuaire de Nanaimo,,,,,,,,a,,,
2025-11-17T22:11:47Z,3477,Montréal Port Authority,Administration portuaire de Montréal,Montréal Port Authority,Administration portuaire de Montréal,,,,,,,,a,,,
2025-11-17T22:11:47Z,3476,Milit-Air Inc.,Milit-Air Inc.,Milit-Air Inc.,Milit-Air Inc.,,,,,,,,a,,,
2025-11-17T22:11:47Z,3475,Mental Health Commission of Canada (MHCC),Commission de la santé mentale du Canada (CSMC),Mental Health Commission of Canada (MHCC),Commission de la santé mentale du Canada (CSMC),,,,,,,,a,,,
2025-11-17T22:11:47Z,3474,Maritime Forestry Complex Corporation,Société du complexe forestier des Maritimes,Maritime Forestry Complex Corporation,Société du complexe forestier des Maritimes,,,,,,,,a,,,
2025-11-17T22:11:47Z,3473,Lake of the Woods Control Board,Commission de contrôle du lac des Bois,Lake of the Woods Control Board,Commission de contrôle du lac des Bois,,,,,,,,a,,,
2025-11-17T22:11:47Z,3472,International Fisheries Commissions Pension Society,Société de caisse de retraite de la Commission internationale des pêcheries,International Fisheries Commissions Pension Society,Société de caisse de retraite de la Commission internationale des pêcheries,,,,,,,,a,,,
2025-11-17T22:11:47Z,3445,Canada Games Council,Conseil des Jeux du Canada,Canada Games Council,Conseil des Jeux du Canada,,,,,,,,a,,,
2025-11-17T22:11:47Z,3444,Canada Foundation for Sustainable Development Technology,Fondation du Canada pour l'appui technologique au développement durable,Canada Foundation for Sustainable Development Technology,Fondation du Canada pour l'appui technologique au développement durable,,,,,,,,a,,,
2025-11-17T22:11:47Z,3443,Canada Foundation for Innovation,Fondation canadienne pour l'innovation,Canada Foundation for Innovation,Fondation canadienne pour l'innovation,,,,,,,,a,,,
2025-11-17T22:11:47Z,3408,International Lake Memphremagog Levels Board,Commission internationale du lac Memphrémagog,International Lake Memphremagog Levels Board,Commission internationale du lac Memphrémagog,,,,,,,,a,,,
2025-11-17T22:11:47Z,3417,Communication Canada,Communication Canada,Communication Canada,Communication Canada,,,,,,,4.0,a,,,
2025-11-17T22:11:47Z,3416,North Portage Development Corporation (operating as The Forks North Portage Partnership),North Portage Development Corporation (exploitée sous le nom de The Forks North Portage Partnership),North Portage Development Corporation (operating as The Forks North Portage Partnership),North Portage Development Corporation (exploitée sous le nom de The Forks North Portage Partnership),,,,,,,,a,,,
2025-11-17T22:11:47Z,3415,Lower Churchill Development Corporation Limited,Lower Churchill Development Corporation Limited,Lower Churchill Development Corporation Limited,Lower Churchill Development Corporation Limited,,,,,,,,a,,,
2025-11-17T22:11:47Z,3414,Asian Infrastructure Investment Bank,Banque asiatique d'investissement dans les infrastructures,Asian Infrastructure Investment Bank,Banque asiatique d'investissement dans les infrastructures,,,,,,,,a,,,
2025-11-17T22:11:47Z,3413,World Anti-Doping Agency,Agence mondiale antidopage,World Anti-Doping Agency,Agence mondiale antidopage,,,,,,,,a,,,
2025-11-17T22:11:47Z,3412,Joint Public Advisory Committee (JPAC) of the Commission for Environmental Cooperation (CEC),Comité consultatif public mixte (CCPM) de la Commission de coopération environnementale (CCE),Joint Public Advisory Committee (JPAC) of the Commission for Environmental Cooperation (CEC),Comité consultatif public mixte (CCPM) de la Commission de coopération environnementale (CCE),,,,,,,,a,,,
2025-11-17T22:11:47Z,3411,Multilateral Investment Guarantee Agency,Agence multilatérale de garantie des investissements,Multilateral Investment Guarantee Agency,Agence multilatérale de garantie des investissements,,,,,,,,a,,,
2025-11-17T22:11:47Z,3410,International Monetary Fund,Fonds monétaire international,International Monetary Fund,Fonds monétaire international,,,,,,,,a,,,
2025-11-17T22:11:47Z,3409,International Lake of the Woods Control Board,Conseil international de contrôle du lac des Bois,International Lake of the Woods Control Board,Conseil international de contrôle du lac des Bois,,,,,,,,a,,,
2025-11-17T22:11:47Z,3407,International Joint Commission (Canadian Section),Commission mixte internationale (section canadienne),International Joint Commission (Canadian Section),Commission mixte internationale (section canadienne),,,,,,,4.0,a,,,
2025-11-17T22:11:47Z,3419,Prairie Farm Rehabilitation Administration,Administration du rétablissement agricole des Prairies,Prairie Farm Rehabilitation Administration,Administration du rétablissement agricole des Prairies,,,,,,,4.0,a,,,
2025-11-17T22:11:47Z,3406,International Finance Corporation,Société financière internationale,International Finance Corporation,Société financière internationale,,,,,,,,a,,,
2025-11-17T22:11:47Z,3405,International Development Association,Association internationale de développement,International Development Association,Association internationale de développement,,,,,,,,a,,,
2025-11-17T22:11:47Z,3404,International Bank for Reconstruction and Development,Banque internationale pour la reconstruction et le développement,International Bank for Reconstruction and Development,Banque internationale pour la reconstruction et le développement,,,,,,,,a,,,
2025-11-17T22:11:47Z,3403,Inter-American Development Bank,Banque interaméricaine de développement,Inter-American Development Bank,Banque interaméricaine de développement,,,,,,,,a,,,
2025-11-17T22:11:47Z,3402,European Bank for Reconstruction and Development,Banque européenne pour la reconstruction et le développement,European Bank for Reconstruction and Development,Banque européenne pour la reconstruction et le développement,,,,,,,,a,,,
2025-11-17T22:11:47Z,3401,Caribbean Development Bank,Banque de développement des Caraïbes,Caribbean Development Bank,Banque de développement des Caraïbes,,,,,,,,a,,,
2025-11-17T22:11:47Z,3400,Asian Development Bank,Banque asiatique de développement,Asian Development Bank,Banque asiatique de développement,,,,,,,,a,,,
2025-11-17T22:11:47Z,3399,African Development Bank,Banque africaine de développement,African Development Bank,Banque africaine de développement,,,,,,,,a,,,
2025-11-17T22:11:47Z,2396,Canadian Radio-television and Telecommunications Commission,Conseil de la radiodiffusion et des télécommunications canadiennes,Canadian Radio-television and Telecommunications Commission,Conseil de la radiodiffusion et des télécommunications canadiennes,Canadian Radio-television and Telecommunications Commission,Conseil de la radiodiffusion et des télécommunications canadiennes,Canadian Heritage,Patrimoine canadien,CRTC,CRTC,1.1,a,,,
2025-11-17T22:11:47Z,3418,Office of the Superintendent of Bankruptcy,Bureau du surintendant des faillites,Office of the Superintendent of Bankruptcy,Bureau du surintendant des faillites,,,,,,,4.0,a,,,
2025-11-17T22:11:47Z,3420,Commissioner of Canada Election,Commissaire aux élections fédérales,Commissioner of Canada Election,Commissaire aux élections fédérales,,,,,,,,a,,,
2025-11-17T22:11:47Z,3442,WinSport,WinSport,WinSport,WinSport,,,,,,,,a,,,
2025-11-17T22:11:47Z,3432,Senate,Sénat,Senate,Sénat,,,,,,,,a,,,
2025-11-17T22:11:47Z,3441,Calgary Airport Authority,Administration aéroportuaire de Calgary,Calgary Airport Authority,Administration aéroportuaire de Calgary,,,,,,,,a,,,
2025-11-17T22:11:47Z,3440,Buffalo and Fort Erie Public Bridge Authority,Buffalo and Fort Erie Public Bridge Authority,Buffalo and Fort Erie Public Bridge Authority,Buffalo and Fort Erie Public Bridge Authority,,,,,,,,a,,,
2025-11-17T22:11:47Z,3439,Belledune Port Authority,Administration portuaire de Belledune,Belledune Port Authority,Administration portuaire de Belledune,,,,,,,,a,,,
2025-11-17T22:11:47Z,3438,Association of Canada Lands Surveyors,Association des Arpenteurs des Terres du Canada,Association of Canada Lands Surveyors,Association des Arpenteurs des Terres du Canada,,,,,,,,a,,,
2025-11-17T22:11:47Z,3437,Asia-Pacific Foundation of Canada,Fondation Asie-Pacifique du Canada,Asia-Pacific Foundation of Canada,Fondation Asie-Pacifique du Canada,,,,,,,,a,,,
2025-11-17T22:11:47Z,3436,Aéroports de Montréal,Aéroports de Montréal,Aéroports de Montréal,Aéroports de Montréal,,,,,,,,a,,,
2025-11-17T22:11:47Z,3435,Aéroport de Québec Inc.,Aéroport de Québec Inc.,Aéroport de Québec Inc.,Aéroport de Québec Inc.,,,,,,,,a,,,
2025-11-17T22:11:47Z,3434,Parliamentary Protective Service,Service de protection parlementaire,Parliamentary Protective Service,Service de protection parlementaire,,,,,,,,a,,,
2025-11-17T22:11:47Z,3433,Office of the Parliamentary Budget Officer,Bureau du directeur parlementaire du budget,Office of the Parliamentary Budget Officer,Bureau du directeur parlementaire du budget,,,,,,,,a,,,
2025-11-17T22:11:47Z,3431,Senate Ethics Officer,Conseiller sénatorial en éthique,Senate Ethics Officer,Conseiller sénatorial en éthique,,,,,,,,a,,,
2025-11-17T22:11:47Z,3421,Canada Investment and Savings,Placements Épargne Canada,Canada Investment and Savings,Placements Épargne Canada,,,,,,,5.0,a,,,
2025-11-17T22:11:47Z,3430,Office of the Conflict of Interest and Ethics Commissioner,Commissariat aux conflits d'intérêts et à l'éthique,Office of the Conflict of Interest and Ethics Commissioner,Commissariat aux conflits d'intérêts et à l'éthique,,,,,,,,a,,,
2025-11-17T22:11:47Z,3429,Library of Parliament,Bibliothèque du Parlement,Library of Parliament,Bibliothèque du Parlement,,,,,,,,a,,,
2025-11-17T22:11:47Z,3428,House of Commons,Chambre des communes,House of Commons,Chambre des communes,,,,,,,,a,,,
2025-11-17T22:11:47Z,3427,Federal Judges not part of any department,Juges fédéraux ne faisant pas partie d'un ministère,Federal Judges not part of any department,Juges fédéraux ne faisant pas partie d'un ministère,,,,,,,,a,,,
2025-11-17T22:11:47Z,3426,Statistics Survey Operations,Opérations des enquêtes statistiques,Statistics Survey Operations,Opérations des enquêtes statistiques,,,,,,,,a,,,
2025-11-17T22:11:47Z,3425,"Staff of the Non-Public Funds, Canadian Forces","Personnel des fonds non publics, Forces canadiennes","Staff of the Non-Public Funds, Canadian Forces","Personnel des fonds non publics, Forces canadiennes",,,,,,,5.0,a,,,
2025-11-17T22:11:47Z,3424,Energy Supplies Allocation Board,Office de répartition des approvisionnements d'énergie,Energy Supplies Allocation Board,Office de répartition des approvisionnements d'énergie,,,Natural Resources Canada,Ressources naturelles Canada,,,4.0,a,,,
2025-11-17T22:11:47Z,3423,"The Director, The Veterans' Land Act",Directeur des terres destinées aux anciens combattants,"The Director, The Veterans' Land Act",Directeur des terres destinées aux anciens combattants,,,,,,,4.0,a,,,
2025-11-17T22:11:47Z,3422,Director of Soldier Settlement,Directeur de l'établissement de soldats,Director of Soldier Settlement,Directeur de l'établissement de soldats,,,,,,,4.0,a,,,
2025-11-17T22:11:47Z,3494,Saint John Airport Inc.,Saint John Airport Inc.,Saint John Airport Inc.,Saint John Airport Inc.,,,,,,,,a,,,
2025-07-25T14:49:54Z,2287,Registrar of the Supreme Court of Canada,Registraire de la Cour suprême du Canada,Registrar of the Supreme Court of Canada,Registraire de la Cour suprême du Canada,,,Department of Justice Canada,Ministère de la Justice Canada,,,1.1,a,,,
2025-07-23T15:29:44Z,3449,Canada-Nova Scotia Offshore Petroleum Board,Office Canada-Nouvelle-Écosse de l'énergie extracôtière,Canada-Nova Scotia Offshore Petroleum Board,Office Canada-Nouvelle-Écosse de l'énergie extracôtière,,,,,,,,a,,,
2025-07-23T15:29:44Z,3708,Canada-Nova Scotia Offshore Energy Regulator,Régie Canada-Nouvelle-Écosse de l'énergie extracôtière,Canada-Nova Scotia Offshore Energy Regulator,Régie Canada-Nouvelle-Écosse de l'énergie extracôtière,,,,,,,,a,,,
2025-07-23T15:23:19Z,3449,Canada-Nova Scotia Offshore Petroleum Board,Régie Canada-Nouvelle-Écosse de l'énergie extracôtière,Canada-Nova Scotia Offshore Petroleum Board,Régie Canada-Nouvelle-Écosse de l'énergie extracôtière,,,,,,,,a,,,
2025-07-23T15:14:38Z,3449,Canada-Nova Scotia Offshore Energy Regulator,Régie Canada-Nouvelle-Écosse de l'énergie extracôtière,Canada-Nova Scotia Offshore Energy Regulator,Régie Canada-Nouvelle-Écosse de l'énergie extracôtière,,,,,,,,a,,,
2025-07-23T14:58:15Z,3449,Canada-Nova Scotia Offshore Petroleum Board,Office Canada-Nouvelle-Écosse des hydrocarbures extracôtiers,Canada-Nova Scotia Offshore Petroleum Board,Office Canada-Nouvelle-Écosse des hydrocarbures extracôtiers,,,,,,,,a,,,
2025-07-23T14:44:15Z,3592,Registrar of the Supreme Court of Canada,Registraire de la Cour suprême du Canada,Registrar of the Supreme Court of Canada,Registraire de la Cour suprême du Canada,,,,,SCC,CSC,1.1,a,,,
2025-07-09T19:18:50Z,,,,Miscarriage of Justice Review Commission,,,,,,,,1.1,a,,,
2025-07-09T16:18:06Z,2258,Federal Economic Development Agency for Southern Ontario,Agence fédérale de développement économique pour le Sud de l'Ontario,Federal Economic Development Agency for Southern Ontario,Agence fédérale de développement économique pour le Sud de l'Ontario,Federal Economic Development Agency for Southern Ontario,Agence fédérale de développement économique pour le Sud de l'Ontario,Minister of Industry and Minister responsible for Canada Economic Development for Quebec Regions,"Ministre de l'Innovation, des Sciences et de l'Industrie",FedDev Ontario,FedDev Ontario,1.1,a,,,
2025-07-09T16:18:06Z,2299,Federal Economic Development Agency for Northern Ontario,Agence fédérale de développement économique pour le Nord de l'Ontario,Federal Economic Development Agency for Northern Ontario,Agence fédérale de développement économique pour le Nord de l'Ontario,Federal Economic Development Agency for Northern Ontario,Agence fédérale de développement économique pour le Nord de l'Ontario,Minister of Industry and Minister responsible for Canada Economic Development for Quebec Regions,"Ministre de l'Innovation, des Sciences et de l'Industrie",FedNor,FedNor,1.1,a,,,
2025-07-09T16:18:06Z,2298,Pacific Economic Development Canada,Développement économique Canada pour le Pacifique,Pacific Economic Development Agency of Canada,Agence de développement économique du Pacifique Canada,Pacific Economic Development Canada,Développement économique Canada pour le Pacifique,Minister of Industry and Minister responsible for Canada Economic Development for Quebec Regions,"Ministre de l'Innovation, des Sciences et de l'Industrie",PacifiCan,PacifiCan,1.1,a,,,
2025-07-09T16:18:06Z,2249,Canadian Northern Economic Development Agency,Agence canadienne de développement économique du Nord,Canadian Northern Economic Development Agency,Agence canadienne de développement économique du Nord,Canadian Northern Economic Development Agency,Agence canadienne de développement économique du Nord,Minister of Industry and Minister responsible for Canada Economic Development for Quebec Regions,"Ministre de l'Innovation, des Sciences et de l'Industrie",CanNor,CanNor,1.1,a,,,
2025-07-09T16:18:06Z,2257,Canada Economic Development for Quebec Regions,Développement économique Canada pour les régions du Québec,Economic Development Agency of Canada for the Regions of Quebec,Agence de développement économique du Canada pour les régions du Québec,Canada Economic Development for Quebec Regions,Développement économique Canada pour les régions du Québec,Minister of Industry and Minister responsible for Canada Economic Development for Quebec Regions,"Ministre de l'Innovation, des Sciences et de l'Industrie",CED,DEC,1.1,a,,,
2025-07-09T16:18:06Z,2244,Atlantic Canada Opportunities Agency,Agence de promotion économique du Canada atlantique,Atlantic Canada Opportunities Agency,Agence de promotion économique du Canada atlantique,,,Minister of Industry and Minister responsible for Canada Economic Development for Quebec Regions,"Ministre de l'Innovation, des Sciences et de l'Industrie",ACOA,APECA,1.1,a,,,
2025-07-09T16:18:06Z,2240,Prairies Economic Development Canada,Développement économique Canada pour les Prairies,Department of Western Economic Diversification,Ministère de la Diversification de l'économie de l'Ouest canadien,Prairies Economic Development Canada,Développement économique Canada pour les Prairies,Minister of Industry and Minister responsible for Canada Economic Development for Quebec Regions,"Ministre de l'Innovation, des Sciences et de l'Industrie",PrairiesCan,PrairiesCan,1.0,a,,,
2025-06-24T16:27:00Z,3690,Parc Downsview Park Inc.,Parc Downsview Park Inc,Parc Downsview Park Inc.,Parc Downsview Park Inc,,,,,,,,t,2012,,
2025-06-17T19:31:33Z,2257,Canada Economic Development for Quebec Regions,Développement économique Canada pour les régions du Québec,Economic Development Agency of Canada for the Regions of Quebec,Agence de développement économique du Canada pour les régions du Québec,Canada Economic Development for Quebec Regions,Développement économique Canada pour les régions du Québec,"Minister of Innovation, Science and Industry","Ministre de l'Innovation, des Sciences et de l'Industrie",CED,DEC,1.1,a,,,
2025-06-17T19:31:33Z,2299,Federal Economic Development Agency for Northern Ontario,Agence fédérale de développement économique pour le Nord de l'Ontario,Federal Economic Development Agency for Northern Ontario,Agence fédérale de développement économique pour le Nord de l'Ontario,Federal Economic Development Agency for Northern Ontario,Agence fédérale de développement économique pour le Nord de l'Ontario,"Minister of Innovation, Science and Industry","Ministre de l'Innovation, des Sciences et de l'Industrie",FedNor,FedNor,1.1,a,,,
2025-06-17T19:31:33Z,2258,Federal Economic Development Agency for Southern Ontario,Agence fédérale de développement économique pour le Sud de l'Ontario,Federal Economic Development Agency for Southern Ontario,Agence fédérale de développement économique pour le Sud de l'Ontario,Federal Economic Development Agency for Southern Ontario,Agence fédérale de développement économique pour le Sud de l'Ontario,"Minister of Innovation, Science and Industry","Ministre de l'Innovation, des Sciences et de l'Industrie",FedDev Ontario,FedDev Ontario,1.1,a,,,
2025-06-17T19:31:33Z,2298,Pacific Economic Development Canada,Développement économique Canada pour le Pacifique,Pacific Economic Development Agency of Canada,Agence de développement économique du Pacifique Canada,Pacific Economic Development Canada,Développement économique Canada pour le Pacifique,"Minister of Innovation, Science and Industry","Ministre de l'Innovation, des Sciences et de l'Industrie",PacifiCan,PacifiCan,1.1,a,,,
2025-06-17T19:31:33Z,2249,Canadian Northern Economic Development Agency,Agence canadienne de développement économique du Nord,Canadian Northern Economic Development Agency,Agence canadienne de développement économique du Nord,Canadian Northern Economic Development Agency,Agence canadienne de développement économique du Nord,"Minister of Innovation, Science and Industry","Ministre de l'Innovation, des Sciences et de l'Industrie",CanNor,CanNor,1.1,a,,,
2025-06-17T19:31:33Z,2244,Atlantic Canada Opportunities Agency,Agence de promotion économique du Canada atlantique,Atlantic Canada Opportunities Agency,Agence de promotion économique du Canada atlantique,,,"Minister of Innovation, Science and Industry","Ministre de l'Innovation, des Sciences et de l'Industrie",ACOA,APECA,1.1,a,,,
2025-06-17T19:31:33Z,2240,Prairies Economic Development Canada,Développement économique Canada pour les Prairies,Department of Western Economic Diversification,Ministère de la Diversification de l'économie de l'Ouest canadien,Prairies Economic Development Canada,Développement économique Canada pour les Prairies,"Minister of Innovation, Science and Industry","Ministre de l'Innovation, des Sciences et de l'Industrie",PrairiesCan,PrairiesCan,1.0,a,,,
2025-06-17T16:27:31Z,2304,Canada School of Public Service,École de la fonction publique du Canada,Canada School of Public Service,École de la fonction publique du Canada,,,Treasury Board of Canada Secretariat,Secrétariat du Conseil du Trésor du Canada,CSPS,EFPC,2.0,a,,,
2025-05-09T14:02:42Z,3418,Office of the Superintendent of Bankruptcy,Bureau du surintendant des faillites,Office of the Superintendent of Bankruptcy,Bureau du surintendant des faillites,,,,,,,4,a,,,
2025-05-09T14:02:42Z,2317,Invest in Canada Hub,Investir au Canada,Invest in Canada Hub,Investir au Canada,,,Global Affairs Canada,Affaires mondiales Canada,,,2,a,,,
2025-05-09T14:02:42Z,2318,Polar Knowledge Canada,Savoir polaire Canada,Canadian High Arctic Research Station,Station canadienne de recherche dans l'Extrême-Arctique,Polar Knowledge Canada,Savoir polaire Canada,Crown-Indigenous Relations and Northern Affairs Canada,Relations Couronne-Autochtones et Affaires du Nord Canada,POLAR,POLAIRE,2,a,,,
2025-05-09T14:02:42Z,2319,Accessibility Standards Canada,Normes d'accessibilité Canada,Canadian Accessibility Standards Development Organization,Organisation canadienne d'élaboration de normes d'accessibilité,Accessibility Standards Canada,Normes d'accessibilité Canada,,,ASC,NAC,2,a,,,
2025-05-09T14:02:42Z,2396,Canadian Radio-television and Telecommunications Commission,Conseil de la radiodiffusion et des télécommunications canadiennes,Canadian Radio-television and Telecommunications Commission,Conseil de la radiodiffusion et des télécommunications canadiennes,Canadian Radio-television and Telecommunications Commission,Conseil de la radiodiffusion et des télécommunications canadiennes,Canadian Heritage,Patrimoine canadien,CRTC,CRTC,i1,a,,,
2025-05-09T14:02:42Z,3407,International Joint Commission (Canadian Section),Commission mixte internationale (section canadienne),International Joint Commission (Canadian Section),Commission mixte internationale (section canadienne),,,,,,,4,a,,,
2025-05-09T14:02:42Z,3417,Communication Canada,Communication Canada,Communication Canada,Communication Canada,,,,,,,4,a,,,
2025-05-09T14:02:42Z,3421,Canada Investment and Savings,Placements Épargne Canada,Canada Investment and Savings,Placements Épargne Canada,,,,,,,5,a,,,
2025-05-09T14:02:42Z,3419,Prairie Farm Rehabilitation Administration,Administration du rétablissement agricole des Prairies,Prairie Farm Rehabilitation Administration,Administration du rétablissement agricole des Prairies,,,,,,,4,a,,,
2025-05-09T14:02:42Z,2315,Parks Canada,Parcs Canada,Parks Canada Agency,Agence Parcs Canada,Parks Canada,Parcs Canada,Environment and Climate Change Canada,Environnement et Changement climatique Canada,PC,PC,2,a,,,
2025-05-09T14:02:42Z,3422,Director of Soldier Settlement,Directeur de l'établissement de soldats,Director of Soldier Settlement,Directeur de l'établissement de soldats,,,,,,,4,a,,,
2025-05-09T14:02:42Z,3423,"The Director, The Veterans' Land Act",Directeur des terres destinées aux anciens combattants,"The Director, The Veterans' Land Act",Directeur des terres destinées aux anciens combattants,,,,,,,4,a,,,
2025-05-09T14:02:42Z,3424,Energy Supplies Allocation Board,Office de répartition des approvisionnements d'énergie,Energy Supplies Allocation Board,Office de répartition des approvisionnements d'énergie,,,Natural Resources Canada,Ressources naturelles Canada,,,4,a,,,
2025-05-09T14:02:42Z,3425,"Staff of the Non-Public Funds, Canadian Forces","Personnel des fonds non publics, Forces canadiennes","Staff of the Non-Public Funds, Canadian Forces","Personnel des fonds non publics, Forces canadiennes",,,,,,,5,a,,,
2025-05-09T14:02:42Z,3541,Indian Oil and Gas Canada,Pétrole et gaz des Indiens du Canada,Indian Oil and Gas Canada,Pétrole et gaz des Indiens du Canada,,,Crown-Indigenous Relations and Northern Affairs Canada,Relations Couronne-Autochtones et Affaires du Nord Canada,,,5,a,,,
2025-05-09T14:02:42Z,3592,Registrar of the Supreme Court of Canada,Registraire de la Cour suprême du Canada,Registrar of the Supreme Court of Canada,Registraire de la Cour suprême du Canada,,,,,SCC,CSC,i1,a,,,
2025-05-09T14:02:42Z,2316,Social Sciences and Humanities Research Council of Canada,Conseil de recherches en sciences humaines du Canada,Social Sciences and Humanities Research Council,Conseil de recherches en sciences humaines,Social Sciences and Humanities Research Council of Canada,Conseil de recherches en sciences humaines du Canada,"Innovation, Science and Economic Development Canada","Innovation, Sciences et Développement économique Canada",SSHRC,CRSH,2,a,,,
2025-05-09T14:02:42Z,2304,Canada School of Public Service,École de la fonction publique du Canada,Canada School of Public Service,École de la fonction publique du Canada,,,Treasury Board of Canada Secretariat,Secrétariat du Conseil du Trésor du Canada,CSPS,EFPC,2,a,,,
2025-05-09T14:02:42Z,2314,Natural Sciences and Engineering Research Council of Canada,Conseil de recherches en sciences naturelles et en génie du Canada,Natural Sciences and Engineering Research Council,Conseil de recherches en sciences naturelles et en génie,Natural Sciences and Engineering Research Council of Canada,Conseil de recherches en sciences naturelles et en génie du Canada,"Innovation, Science and Economic Development Canada","Innovation, Sciences et Développement économique Canada",NSERC,CRSNG,2,a,,,
2025-05-09T14:02:42Z,2313,National Research Council Canada,Conseil national de recherches Canada,National Research Council of Canada,Conseil national de recherches du Canada,National Research Council Canada,Conseil national de recherches Canada,"Innovation, Science and Economic Development Canada","Innovation, Sciences et Développement économique Canada",NRC,CNRC,2,a,,,
2025-05-09T14:02:42Z,2298,Pacific Economic Development Canada,Développement économique Canada pour le Pacifique,Pacific Economic Development Agency of Canada,Agence de développement économique du Pacifique Canada,Pacific Economic Development Canada,Développement économique Canada pour le Pacifique,"Minister of Innovation, Science and Industry","Ministre de l'Innovation, des Sciences et de l'Industrie",PacifiCan,PacifiCan,i1,a,,,
2025-05-09T14:02:42Z,2299,Federal Economic Development Agency for Northern Ontario,Agence fédérale de développement économique pour le Nord de l'Ontario,Federal Economic Development Agency for Northern Ontario,Agence fédérale de développement économique pour le Nord de l'Ontario,Federal Economic Development Agency for Northern Ontario,Agence fédérale de développement économique pour le Nord de l'Ontario,"Minister of Innovation, Science and Industry","Ministre de l'Innovation, des Sciences et de l'Industrie",FedNor,FedNor,i1,a,,,
2025-05-09T14:02:42Z,2300,Canada Border Services Agency,Agence des services frontaliers du Canada,Canada Border Services Agency,Agence des services frontaliers du Canada,Canada Border Services Agency,Agence des services frontaliers du Canada,Public Safety Canada,Sécurité publique Canada,CBSA,ASFC,2,a,,,
2025-05-09T14:02:42Z,2301,Canada Emission Reduction Incentives Agency,Agence canadienne pour l'incitation à la réduction des émissions,Canada Emission Reduction Incentives Agency,Agence canadienne pour l'incitation à la réduction des émissions,,,Environment and Climate Change Canada,Environnement et Changement climatique Canada,,,2,a,,,
2025-05-09T14:02:42Z,2302,Canada Employment Insurance Commission,Commission de l'assurance-emploi du Canada,Canada Employment Insurance Commission,Commission de l'assurance-emploi du Canada,Canada Employment Insurance Commission,Commission de l'assurance-emploi du Canada,Employment and Social Development Canada,Emploi et Développement social Canada,CEIC,CAEC,2,a,,,
2025-05-09T14:02:42Z,2303,Canada Revenue Agency,Agence du revenu du Canada,Canada Revenue Agency,Agence du revenu du Canada,,,Canada Revenue Agency,Agence du revenu du Canada,CRA,ARC,2,a,,,
2025-05-09T14:02:42Z,3616,Farm Credit Canada,Financement agricole Canada,Farm Credit Canada,Financement agricole Canada,,,Agriculture and Agri-Food Canada,Agriculture et Agroalimentaire Canada,,,3,a,,,
2025-05-09T14:02:42Z,2305,Canadian Centre for Occupational Health and Safety,Centre canadien d'hygiène et de sécurité au travail,Canadian Centre for Occupational Health and Safety,Centre canadien d'hygiène et de sécurité au travail,,,Employment and Social Development Canada,Emploi et Développement social Canada,CCOHS,CCHST,2,a,,,
2025-05-09T14:02:42Z,2306,Canadian Food Inspection Agency,Agence canadienne d'inspection des aliments,Canadian Food Inspection Agency,Agence canadienne d'inspection des aliments,Canadian Food Inspection Agency,Agence canadienne d'inspection des aliments,Health Canada,Santé Canada,CFIA,ACIA,2,a,,,
2025-05-09T14:02:42Z,2307,Canadian Institutes of Health Research,Instituts de recherche en santé du Canada,Canadian Institutes of Health Research,Instituts de recherche en santé du Canada,,,Health Canada,Santé Canada,CIHR,IRSC,2,a,,,
2025-05-09T14:02:42Z,2308,Canadian Nuclear Safety Commission,Commission canadienne de sûreté nucléaire,Canadian Nuclear Safety Commission,Commission canadienne de sûreté nucléaire,Canadian Nuclear Safety Commission,Commission canadienne de sûreté nucléaire,Natural Resources Canada,Ressources naturelles Canada,CNSC,CCSN,2,a,,,
2025-05-09T14:02:42Z,2309,Transportation Safety Board of Canada,Bureau de la sécurité des transports du Canada,Canadian Transportation Accident Investigation and Safety Board,Bureau canadien d'enquête sur les accidents de transport et de la sécurité des transports,Transportation Safety Board of Canada,Bureau de la sécurité des transports du Canada,Privy Council Office,Bureau du Conseil privé,TSB,BST,2,a,,,
2025-05-09T14:02:42Z,2310,Law Commission of Canada,Commission du droit du Canada,Law Commission of Canada,Commission du droit du Canada,Law Commission of Canada,Commission du droit du Canada,Department of Justice Canada,Ministère de la Justice Canada,,,2,a,,,
2025-05-09T14:02:42Z,2311,The National Battlefields Commission,Commission des champs de bataille nationaux,The National Battlefields Commission,Commission des champs de bataille nationaux,The National Battlefields Commission,Commission des champs de bataille nationaux,Canadian Heritage,Patrimoine canadien,NBC,CCBN,2,a,,,
2025-05-09T14:02:42Z,2312,Canada Energy Regulator,Régie de l'énergie du Canada,Canadian Energy Regulator,Régie canadienne de l'énergie,Canada Energy Regulator,Régie de l'énergie du Canada,Natural Resources Canada,Ressources naturelles Canada,CER,REC,2,a,,,
2025-05-09T14:02:42Z,3615,Canadian Dairy Commission,Commission canadienne du lait,Canadian Dairy Commission,Commission canadienne du lait,,,Agriculture and Agri-Food Canada,Agriculture et Agroalimentaire Canada,,,4,a,,,
2025-05-09T14:02:42Z,3638,Freshwater Fish Marketing Corporation,Office de commercialisation du poisson d'eau douce,Freshwater Fish Marketing Corporation,Office de commercialisation du poisson d'eau douce,,,Fisheries and Oceans Canada,Pêches et Océans Canada,,,3,a,,,
2025-05-09T14:02:42Z,3620,Canadian Museum for Human Rights,Musée canadien des droits de la personne,Canadian Museum for Human Rights,Musée canadien des droits de la personne,,,Canadian Heritage,Patrimoine canadien,,,3,a,,,
2025-05-09T14:02:42Z,3621,Canadian Museum of History,Musée canadien de l'histoire,Canadian Museum of History,Musée canadien de l'histoire,,,Canadian Heritage,Patrimoine canadien,,,3,a,,,
2025-05-09T14:02:42Z,3650,Canada Lands Company Limited,Société immobilière du Canada limitée,Canada Lands Company Limited,Société immobilière du Canada limitée,,,Public Services and Procurement Canada,Services publics et Approvisionnement Canada,,,3,a,,,
2025-05-09T14:02:42Z,3651,Canada Post Corporation,Société canadienne des postes,Canada Post Corporation,Société canadienne des postes,,,Public Services and Procurement Canada,Services publics et Approvisionnement Canada,,,3,a,,,
2025-05-09T14:02:42Z,3652,Defence Construction (1951) Limited,Construction de Défense (1951) Limitée,Defence Construction (1951) Limited,Construction de Défense (1951) Limitée,,,Public Services and Procurement Canada,Services publics et Approvisionnement Canada,,,3,a,,,
2025-05-09T14:02:42Z,3653,National Capital Commission,Commission de la capitale nationale,National Capital Commission,Commission de la capitale nationale,,,Public Services and Procurement Canada,Services publics et Approvisionnement Canada,,,3,a,,,
2025-05-09T14:02:42Z,3654,Atlantic Pilotage Authority,Administration de pilotage de l'Atlantique,Atlantic Pilotage Authority,Administration de pilotage de l'Atlantique,,,Transport Canada,Transports Canada,,,3,a,,,
2025-05-09T14:02:42Z,3655,Canadian Air Transport Security Authority,Administration canadienne de la sûreté du transport aérien,Canadian Air Transport Security Authority,Administration canadienne de la sûreté du transport aérien,,,Transport Canada,Transports Canada,,,3,a,,,
2025-05-09T14:02:42Z,3656,Great Lakes Pilotage Authority,Administration de pilotage des Grands Lacs,Great Lakes Pilotage Authority,Administration de pilotage des Grands Lacs,,,Transport Canada,Transports Canada,,,3,a,,,
2025-05-09T14:02:42Z,3657,Laurentian Pilotage Authority,Administration de pilotage des Laurentides,Laurentian Pilotage Authority,Administration de pilotage des Laurentides,,,Transport Canada,Transports Canada,,,3,a,,,
2025-05-09T14:02:42Z,3658,Marine Atlantic Inc.,Marine Atlantique S.C.C.,Marine Atlantic Inc.,Marine Atlantique S.C.C.,,,Transport Canada,Transports Canada,,,3,a,,,
2025-05-09T14:02:42Z,3659,Pacific Pilotage Authority,Administration de pilotage du Pacifique,Pacific Pilotage Authority,Administration de pilotage du Pacifique,,,Transport Canada,Transports Canada,,,3,a,,,
2025-05-09T14:02:42Z,3661,The Federal Bridge Corporation Limited,La Société des ponts fédéraux Limitée,The Federal Bridge Corporation Limited,La Société des ponts fédéraux Limitée,,,Transport Canada,Transports Canada,,,3,a,,,
2025-05-09T14:02:42Z,3662,VIA Rail Canada Inc.,VIA Rail Canada inc.,VIA Rail Canada Inc.,VIA Rail Canada inc.,,,Transport Canada,Transports Canada,,,3,a,,,
2025-05-09T14:02:42Z,3703,Canada Water Agency,Agence de l'eau du Canada,Canada Water Agency,Agence canadienne de l'eau,Canada Water Agency,Agence de l'eau du Canada,,,CWA,AEC,i1,a,,,
2025-05-09T14:02:42Z,3704,Treasury Board,Conseil du Trésor,Treasury Board,Conseil du Trésor,,,,,TB,CT,1,a,,,
2025-05-09T14:02:42Z,,,,Miscarriage of Justice Review Commission,,,,,,,,i1,a,,,
2025-05-09T14:02:42Z,3649,Atomic Energy of Canada Limited,Énergie atomique du Canada limitée,Atomic Energy of Canada Limited,Énergie atomique du Canada limitée,,,Natural Resources Canada,Ressources naturelles Canada,,,3,a,,,
2025-05-09T14:02:42Z,3648,Standards Council of Canada,Conseil canadien des normes,Standards Council of Canada,Conseil canadien des normes,,,"Innovation, Science and Economic Development Canada","Innovation, Sciences et Développement économique Canada",,,3,a,,,
2025-05-09T14:02:42Z,3647,Canadian Tourism Commission,Commission canadienne du tourisme,Canadian Tourism Commission,Commission canadienne du tourisme,,,"Innovation, Science and Economic Development Canada","Innovation, Sciences et Développement économique Canada",,,3,a,,,
2025-05-09T14:02:42Z,3635,Canada Development Investment Corporation,La Corporation de développement des investissements du Canada,Canada Development Investment Corporation,La Corporation de développement des investissements du Canada,,,Department of Finance Canada,Ministère des Finances Canada,,,3,a,,,
2025-05-09T14:02:42Z,3622,Canadian Museum of Immigration at Pier 21,Musée canadien de l'immigration du Quai 21,Canadian Museum of Immigration at Pier 21,Musée canadien de l'immigration du Quai 21,,,Canadian Heritage,Patrimoine canadien,,,3,a,,,
2025-05-09T14:02:42Z,3623,Canadian Museum of Nature,Musée canadien de la nature,Canadian Museum of Nature,Musée canadien de la nature,,,Canadian Heritage,Patrimoine canadien,,,3,a,,,
2025-05-09T14:02:42Z,3626,National Gallery of Canada,Musée des beaux-arts du Canada,National Gallery of Canada,Musée des beaux-arts du Canada,,,Canadian Heritage,Patrimoine canadien,,,3,a,,,
2025-05-09T14:02:42Z,3627,National Museum of Science and Technology,Musée national des sciences et de la technologie,National Museum of Science and Technology,Musée national des sciences et de la technologie,,,Canadian Heritage,Patrimoine canadien,,,3,a,,,
2025-05-09T14:02:42Z,3631,Canada Mortgage and Housing Corporation,Société canadienne d'hypothèques et de logement,Canada Mortgage and Housing Corporation,Société canadienne d'hypothèques et de logement,,,"Housing, Infrastructure and Communities Canada","Logement, Infrastructures et Collectivités Canada",,,3,a,,,
2025-05-09T14:02:42Z,3634,Canada Deposit Insurance Corporation,Société d'assurance-dépôts du Canada,Canada Deposit Insurance Corporation,Société d'assurance-dépôts du Canada,,,Department of Finance Canada,Ministère des Finances Canada,,,3,a,,,
2025-05-09T14:02:42Z,3637,Royal Canadian Mint,Monnaie royale canadienne,Royal Canadian Mint,Monnaie royale canadienne,,,Department of Finance Canada,Ministère des Finances Canada,,,3,a,,,
2025-05-09T14:02:42Z,3646,Business Development Bank of Canada,Banque de développement du Canada,Business Development Bank of Canada,Banque de développement du Canada,,,"Innovation, Science and Economic Development Canada","Innovation, Sciences et Développement économique Canada",,,3,a,,,
2025-05-09T14:02:42Z,3639,Canadian Commercial Corporation,Corporation commerciale canadienne,Canadian Commercial Corporation,Corporation commerciale canadienne,,,Global Affairs Canada,Affaires mondiales Canada,,,3,a,,,
2025-05-09T14:02:42Z,3640,Export Development Canada,Exportation et développement Canada,Export Development Canada,Exportation et développement Canada,,,Global Affairs Canada,Affaires mondiales Canada,,,3,a,,,
2025-05-09T14:02:42Z,3642,Canada Infrastructure Bank,Banque de l'infrastructure du Canada,Canada Infrastructure Bank,Banque de l'infrastructure du Canada,,,"Housing, Infrastructure and Communities Canada","Logement, Infrastructures et Collectivités Canada",,,3,a,,,
2025-05-09T14:02:42Z,3643,The Jacques-Cartier and Champlain Bridges Inc.,Les Ponts Jacques-Cartier et Champlain Inc.,The Jacques-Cartier and Champlain Bridges Inc.,Les Ponts Jacques-Cartier et Champlain Inc.,,,"Housing, Infrastructure and Communities Canada","Logement, Infrastructures et Collectivités Canada",,,3,a,,,
2025-05-09T14:02:42Z,3644,Windsor-Detroit Bridge Authority,Autorité du pont Windsor-Détroit,Windsor-Detroit Bridge Authority,Autorité du pont Windsor-Détroit,,,"Housing, Infrastructure and Communities Canada","Logement, Infrastructures et Collectivités Canada",,,3,a,,,
2025-05-09T14:02:42Z,2296,Leaders' Debates Commission,Commission des débats des chefs,Leaders' Debates Commission,Commission des débats des chefs,,,Privy Council Office,Bureau du Conseil privé,,,i1,a,,,
2025-05-09T14:02:42Z,2297,Administrative Tribunals Support Service of Canada,Service canadien d'appui aux tribunaux administratifs,Administrative Tribunals Support Service of Canada,Service canadien d'appui aux tribunaux administratifs,Administrative Tribunals Support Service of Canada,Service canadien d'appui aux tribunaux administratifs,Department of Justice Canada,Ministère de la Justice Canada,ATSSC,SCDATA,i1,a,,,
2025-05-09T14:02:42Z,2241,Women and Gender Equality Canada,Femmes et Égalité des genres Canada,Department for Women and Gender Equality,Ministère des Femmes et de l'Égalité des genres,Women and Gender Equality Canada,Femmes et Égalité des genres Canada,Women and Gender Equality Canada,Femmes et Égalité des genres Canada,WAGE,FEGC,1,a,,,
2025-05-09T14:02:42Z,2295,Secretariat of the National Security and Intelligence Committee of Parliamentarians,Secrétariat du Comité des parlementaires sur la sécurité nationale et le renseignement,Secretariat of the National Security and Intelligence Committee of Parliamentarians,Secrétariat du Comité des parlementaires sur la sécurité nationale et le renseignement,Secretariat of the National Security and Intelligence Committee of Parliamentarians,Secrétariat du Comité des parlementaires sur la sécurité nationale et le renseignement,Privy Council Office,Bureau du Conseil privé,SNSICP,SCPSNR,i1,a,,,
2025-05-09T14:02:42Z,2258,Federal Economic Development Agency for Southern Ontario,Agence fédérale de développement économique pour le Sud de l'Ontario,Federal Economic Development Agency for Southern Ontario,Agence fédérale de développement économique pour le Sud de l'Ontario,Federal Economic Development Agency for Southern Ontario,Agence fédérale de développement économique pour le Sud de l'Ontario,"Minister of Innovation, Science and Industry","Ministre de l'Innovation, des Sciences et de l'Industrie",FedDev Ontario,FedDev Ontario,i1,a,,,
2025-05-09T14:02:42Z,2240,Prairies Economic Development Canada,Développement économique Canada pour les Prairies,Department of Western Economic Diversification,Ministère de la Diversification de l'économie de l'Ouest canadien,Prairies Economic Development Canada,Développement économique Canada pour les Prairies,"Minister of Innovation, Science and Industry","Ministre de l'Innovation, des Sciences et de l'Industrie",PrairiesCan,PrairiesCan,1,a,,,
2025-05-09T14:02:42Z,2243,Indigenous Services Canada,Services aux Autochtones Canada,Department of Indigenous Services,Ministère des Services aux Autochtones,Indigenous Services Canada,Services aux Autochtones Canada,Indigenous Services Canada,Services aux Autochtones Canada,ISC,SAC,1,a,,,
2025-05-09T14:02:42Z,2244,Atlantic Canada Opportunities Agency,Agence de promotion économique du Canada atlantique,Atlantic Canada Opportunities Agency,Agence de promotion économique du Canada atlantique,,,"Minister of Innovation, Science and Industry","Ministre de l'Innovation, des Sciences et de l'Industrie",ACOA,APECA,i1,a,,,
2025-05-09T14:02:42Z,2245,Impact Assessment Agency of Canada,Agence d'évaluation d'impact du Canada,Impact Assessment Agency of Canada,Agence canadienne d'évaluation d'impact,Impact Assessment Agency of Canada,Agence d'évaluation d'impact du Canada,Environment and Climate Change Canada,Environnement et Changement climatique Canada,IAAC,AEIC,i1,a,,,
2025-05-09T14:02:42Z,2246,Canadian Grain Commission,Commission canadienne des grains,Canadian Grain Commission,Commission canadienne des grains,,,Agriculture and Agri-Food Canada,Agriculture et Agroalimentaire Canada,CGC,CCG,i1,a,,,
2025-05-09T14:02:42Z,2247,Canadian Human Rights Commission,Commission canadienne des droits de la personne,Canadian Human Rights Commission,Commission canadienne des droits de la personne,,,Department of Justice Canada,Ministère de la Justice Canada,CHRC,CCDP,i1,a,,,
2025-05-09T14:02:42Z,2248,Canadian Intergovernmental Conference Secretariat,Secrétariat des conférences intergouvernementales canadiennes,Canadian Intergovernmental Conference Secretariat,Secrétariat des conférences intergouvernementales canadiennes,,,Privy Council Office,Bureau du Conseil privé,CICS,SCIC,i1,a,,,
2025-05-09T14:02:42Z,2249,Canadian Northern Economic Development Agency,Agence canadienne de développement économique du Nord,Canadian Northern Economic Development Agency,Agence canadienne de développement économique du Nord,Canadian Northern Economic Development Agency,Agence canadienne de développement économique du Nord,"Minister of Innovation, Science and Industry","Ministre de l'Innovation, des Sciences et de l'Industrie",CanNor,CanNor,i1,a,,,
2025-05-09T14:02:42Z,2250,Canadian Security Intelligence Service,Service canadien du renseignement de sécurité,Canadian Security Intelligence Service,Service canadien du renseignement de sécurité,Canadian Security Intelligence Service,Service canadien du renseignement de sécurité,Public Safety Canada,Sécurité publique Canada,CSIS,SCRS,i1,a,,,
2025-05-09T14:02:42Z,2251,Canadian Space Agency,Agence spatiale canadienne,Canadian Space Agency,Agence spatiale canadienne,Canadian Space Agency,Agence spatiale canadienne,"Innovation, Science and Economic Development Canada","Innovation, Sciences et Développement économique Canada",CSA,ASC,i1,a,,,
2025-05-09T14:02:42Z,2252,Canadian Transportation Agency,Office des transports du Canada,Canadian Transportation Agency,Office des transports du Canada,Canadian Transportation Agency,Office des transports du Canada,Transport Canada,Transports Canada,CTA,OTC,i1,a,,,
2025-05-09T14:02:42Z,2294,Veterans Review and Appeal Board,Tribunal des anciens combattants (révision et appel),Veterans Review and Appeal Board,Tribunal des anciens combattants (révision et appel),,,Veterans Affairs Canada,Anciens Combattants Canada,VRAB,TACRA,i1,a,,,
2025-05-09T14:02:42Z,2254,Copyright Board Canada,Commission du droit d'auteur Canada,Copyright Board,Commission du droit d'auteur,Copyright Board Canada,Commission du droit d'auteur Canada,"Innovation, Science and Economic Development Canada","Innovation, Sciences et Développement économique Canada",CB,CDA,i1,a,,,
2025-05-09T14:02:42Z,2255,Correctional Service Canada,Service correctionnel Canada,Correctional Service of Canada,Service correctionnel du Canada,Correctional Service Canada,Service correctionnel Canada,Public Safety Canada,Sécurité publique Canada,CSC,SCC,i1,a,,,
2025-05-09T14:02:42Z,2256,Courts Administration Service,Service administratif des tribunaux judiciaires,Courts Administration Service,Service administratif des tribunaux judiciaires,Courts Administration Service,Service administratif des tribunaux judiciaires,Department of Justice Canada,Ministère de la Justice Canada,CAS,SATJ,i1,a,,,
2025-05-09T14:02:42Z,2239,Veterans Affairs Canada,Anciens Combattants Canada,Department of Veterans Affairs,Ministère des Anciens Combattants,Veterans Affairs Canada,Anciens Combattants Canada,Veterans Affairs Canada,Anciens Combattants Canada,VAC,ACC,1,a,,,
2025-05-09T14:02:42Z,2238,Transport Canada,Transports Canada,Department of Transport,Ministère des Transports,Transport Canada,Transports Canada,Transport Canada,Transports Canada,TC,TC,1,a,,,
2025-05-09T14:02:42Z,2237,Environment and Climate Change Canada,Environnement et Changement climatique Canada,Department of the Environment,Ministère de l'Environnement,Environment and Climate Change Canada,Environnement et Changement climatique Canada,Environment and Climate Change Canada,Environnement et Changement climatique Canada,ECCC,ECCC,1,a,,,
2025-05-09T14:02:42Z,2228,Health Canada,Santé Canada,Department of Health,Ministère de la Santé,Health Canada,Santé Canada,Health Canada,Santé Canada,HC,SC,1,a,,,
2025-05-09T14:02:42Z,2222,Agriculture and Agri-Food Canada,Agriculture et Agroalimentaire Canada,Department of Agriculture and Agri-Food,Ministère de l'Agriculture et de l'Agroalimentaire,Agriculture and Agri-Food Canada,Agriculture et Agroalimentaire Canada,Agriculture and Agri-Food Canada,Agriculture et Agroalimentaire Canada,AAFC,AAC,1,a,,,
2025-05-09T14:02:42Z,2223,Canadian Heritage,Patrimoine canadien,Department of Canadian Heritage,Ministère du Patrimoine canadien,Canadian Heritage,Patrimoine canadien,Canadian Heritage,Patrimoine canadien,PCH,PCH,1,a,,,
2025-05-09T14:02:42Z,2224,"Immigration, Refugees and Citizenship Canada","Immigration, Réfugiés et Citoyenneté Canada",Department of Citizenship and Immigration,Ministère de la Citoyenneté et de l'Immigration,"Immigration, Refugees and Citizenship Canada","Immigration, Réfugiés et Citoyenneté Canada","Immigration, Refugees and Citizenship Canada","Immigration, Réfugiés et Citoyenneté Canada",IRCC,IRCC,1,a,,,
2025-05-09T14:02:42Z,2225,Department of Finance Canada,Ministère des Finances Canada,Department of Finance,Ministère des Finances,Department of Finance Canada,Ministère des Finances Canada,Department of Finance Canada,Ministère des Finances Canada,FIN,FIN,1,a,,,
2025-05-09T14:02:42Z,2226,Fisheries and Oceans Canada,Pêches et Océans Canada,Department of Fisheries and Oceans,Ministère des Pêches et des Océans,Fisheries and Oceans Canada,Pêches et Océans Canada,Fisheries and Oceans Canada,Pêches et Océans Canada,DFO,MPO,1,a,,,
2025-05-09T14:02:42Z,2227,Global Affairs Canada,Affaires mondiales Canada,"Department of Foreign Affairs, Trade and Development","Ministère des Affaires étrangères, du Commerce et du Développement",Global Affairs Canada,Affaires mondiales Canada,Global Affairs Canada,Affaires mondiales Canada,GAC,AMC,1,a,,,
2025-05-09T14:02:42Z,2229,Employment and Social Development Canada,Emploi et Développement social Canada,Department of Employment and Social Development,Ministère de l'Emploi et du Développement social,Employment and Social Development Canada,Emploi et Développement social Canada,Employment and Social Development Canada,Emploi et Développement social Canada,ESDC,EDSC,1,a,,,
2025-05-09T14:02:42Z,2236,Public Services and Procurement Canada,Services publics et Approvisionnement Canada,Department of Public Works and Government Services,Ministère des Travaux publics et des Services gouvernementaux,Public Services and Procurement Canada,Services publics et Approvisionnement Canada,Public Services and Procurement Canada,Services publics et Approvisionnement Canada,PSPC,SPAC,1,a,,,
2025-05-09T14:02:42Z,2230,Crown-Indigenous Relations and Northern Affairs Canada,Relations Couronne-Autochtones et Affaires du Nord Canada,Department of Crown-Indigenous Relations and Northern Affairs,Ministère des Relations Couronne-Autochtones et des Affaires du Nord,Crown-Indigenous Relations and Northern Affairs Canada,Relations Couronne-Autochtones et Affaires du Nord Canada,Crown-Indigenous Relations and Northern Affairs Canada,Relations Couronne-Autochtones et Affaires du Nord Canada,CIRNAC,RCAANC,1,a,,,
2025-05-09T14:02:42Z,2231,"Innovation, Science and Economic Development Canada","Innovation, Sciences et Développement économique Canada",Department of Industry,Ministère de l'Industrie,"Innovation, Science and Economic Development Canada","Innovation, Sciences et Développement économique Canada","Innovation, Science and Economic Development Canada","Innovation, Sciences et Développement économique Canada",ISED,ISDE,1,a,,,
2025-05-09T14:02:42Z,2232,Department of Justice Canada,Ministère de la Justice Canada,Department of Justice,Ministère de la Justice,Department of Justice Canada,Ministère de la Justice Canada,Department of Justice Canada,Ministère de la Justice Canada,JUS,JUS,1,a,,,
2025-05-09T14:02:42Z,2233,National Defence,Défense nationale,Department of National Defence,Ministère de la Défense nationale,National Defence,Défense nationale,National Defence,Défense nationale,DND,MDN,1,a,,,
2025-05-09T14:02:42Z,2234,Natural Resources Canada,Ressources naturelles Canada,Department of Natural Resources,Ministère des Ressources naturelles,Natural Resources Canada,Ressources naturelles Canada,Natural Resources Canada,Ressources naturelles Canada,NRCan,RNCan,1,a,,,
2025-05-09T14:02:42Z,2235,Public Safety Canada,Sécurité publique Canada,Department of Public Safety and Emergency Preparedness,Ministère de la Sécurité publique et de la Protection civile,Public Safety Canada,Sécurité publique Canada,Public Safety Canada,Sécurité publique Canada,PS,SP,1,a,,,
2025-05-09T14:02:42Z,2257,Canada Economic Development for Quebec Regions,Développement économique Canada pour les régions du Québec,Economic Development Agency of Canada for the Regions of Quebec,Agence de développement économique du Canada pour les régions du Québec,Canada Economic Development for Quebec Regions,Développement économique Canada pour les régions du Québec,"Minister of Innovation, Science and Industry","Ministre de l'Innovation, des Sciences et de l'Industrie",CED,DEC,i1,a,,,
2025-05-09T14:02:42Z,2253,Communications Security Establishment Canada,Centre de la sécurité des télécommunications Canada,Communications Security Establishment,Centre de la sécurité des télécommunications,Communications Security Establishment Canada,Centre de la sécurité des télécommunications Canada,National Defence,Défense nationale,CSE,CST,i1,a,,,
2025-05-09T14:02:42Z,2259,Financial Consumer Agency of Canada,Agence de la consommation en matière financière du Canada,Financial Consumer Agency of Canada,Agence de la consommation en matière financière du Canada,Financial Consumer Agency of Canada,Agence de la consommation en matière financière du Canada,Department of Finance Canada,Ministère des Finances Canada,FCAC,ACFC,i1,a,,,
2025-05-09T14:02:42Z,2277,Public Prosecution Service of Canada,Service des poursuites pénales du Canada,Office of the Director of Public Prosecutions,Bureau du directeur des poursuites pénales,Public Prosecution Service of Canada,Service des poursuites pénales du Canada,Department of Justice Canada,Ministère de la Justice Canada,PPSC,SPPC,i1,a,,,
2025-05-09T14:02:42Z,2279,Office of the Public Sector Integrity Commissioner of Canada,Commissariat à l'intégrité du secteur public du Canada,Office of the Public Sector Integrity Commissioner,Commissariat à l'intégrité du secteur public,Office of the Public Sector Integrity Commissioner of Canada,Commissariat à l'intégrité du secteur public du Canada,Treasury Board of Canada Secretariat,Secrétariat du Conseil du Trésor du Canada,PSIC,ISPC,i1,a,,,
2025-05-09T14:02:42Z,2280,Office of the Superintendent of Financial Institutions Canada,Bureau du surintendant des institutions financières Canada,Office of the Superintendent of Financial Institutions,Bureau du surintendant des institutions financières,Office of the Superintendent of Financial Institutions Canada,Bureau du surintendant des institutions financières Canada,Department of Finance Canada,Ministère des Finances Canada,OSFI,BSIF,i1,a,,,
2025-05-09T14:02:42Z,2281,Office of the Information Commissioner,Commissariat à l'information au Canada,Office of the Information Commissioner,Commissariat à l'information au Canada,,,Department of Justice Canada,Ministère de la Justice Canada,,,4,a,,,
2025-05-09T14:02:42Z,2260,Financial Transactions and Reports Analysis Centre of Canada,Centre d'analyse des opérations et déclarations financières du Canada,Financial Transactions and Reports Analysis Centre of Canada,Centre d'analyse des opérations et déclarations financières du Canada,Financial Transactions and Reports Analysis Centre of Canada,Centre d'analyse des opérations et déclarations financières du Canada,Department of Finance Canada,Ministère des Finances Canada,FINTRAC,CANAFE,i1,a,,,
2025-05-09T14:02:42Z,2283,Patented Medicine Prices Review Board Canada,Conseil d'examen du prix des médicaments brevetés Canada,Patented Medicine Prices Review Board,Conseil d'examen du prix des médicaments brevetés,Patented Medicine Prices Review Board Canada,Conseil d'examen du prix des médicaments brevetés Canada,Health Canada,Santé Canada,PMPRB,CEPMB,i1,a,,,
2025-05-09T14:02:42Z,2284,Privy Council Office,Bureau du Conseil privé,Privy Council Office,Bureau du Conseil privé,Privy Council Office,Bureau du Conseil privé,Privy Council Office,Bureau du Conseil privé,PCO,BCP,i1,a,,,
2025-05-09T14:02:42Z,2285,Public Health Agency of Canada,Agence de la santé publique du Canada,Public Health Agency of Canada,Agence de la santé publique du Canada,Public Health Agency of Canada,Agence de la santé publique du Canada,Health Canada,Santé Canada,PHAC,ASPC,i1,a,,,
2025-05-09T14:02:42Z,2286,Public Service Commission of Canada,Commission de la fonction publique du Canada,Public Service Commission,Commission de la fonction publique,Public Service Commission of Canada,Commission de la fonction publique du Canada,Privy Council Office,Bureau du Conseil privé,PSC,CFP,i1,a,,,
2025-05-09T14:02:42Z,2287,Registrar of the Supreme Court of Canada,Registraire de la Cour suprême du Canada,Registrar of the Supreme Court of Canada,Registraire de la Cour suprême du Canada,,,Department of Justice Canada,Ministère de la Justice Canada,,,i1,a,,,
2025-05-09T14:02:42Z,2288,Royal Canadian Mounted Police,Gendarmerie royale du Canada,Royal Canadian Mounted Police,Gendarmerie royale du Canada,,,Public Safety Canada,Sécurité publique Canada,RCMP,GRC,i1,a,,,
2025-05-09T14:02:42Z,2289,RCMP External Review Committee,Comité externe d'examen de la GRC,Royal Canadian Mounted Police External Review Committee,Comité externe d'examen de la Gendarmerie royale du Canada,RCMP External Review Committee,Comité externe d'examen de la GRC,Public Safety Canada,Sécurité publique Canada,ERC,CEE,i1,a,,,
2025-05-09T14:02:42Z,2290,Civilian Review and Complaints Commission for the RCMP,Commission civile d'examen et de traitement des plaintes relatives à la GRC,Civilian Review and Complaints Commission for the Royal Canadian Mounted Police,Commission civile d'examen et de traitement des plaintes relatives à la Gendarmerie royale du Canada,Civilian Review and Complaints Commission for the RCMP,Commission civile d'examen et de traitement des plaintes relatives à la GRC,Public Safety Canada,Sécurité publique Canada,CRCC,CCETP,i1,a,,,
2025-05-09T14:02:42Z,2291,National Security and Intelligence Review Agency Secretariat,Secrétariat de l'Office de surveillance des activités en matière de sécurité nationale et de renseignement,National Security and Intelligence Review Agency Secretariat,Secrétariat de l'Office de surveillance des activités en matière de sécurité nationale et de renseignement,,,Privy Council Office,Bureau du Conseil privé,,,i1,a,,,
2025-05-09T14:02:42Z,2292,Shared Services Canada,Services partagés Canada,Shared Services Canada,Services partagés Canada,Shared Services Canada,Services partagés Canada,Public Services and Procurement Canada,Services publics et Approvisionnement Canada,SSC,SPC,i1,a,,,
2025-05-09T14:02:42Z,2293,Statistics Canada,Statistique Canada,Statistics Canada,Statistique Canada,Statistics Canada,Statistique Canada,"Innovation, Science and Economic Development Canada","Innovation, Sciences et Développement économique Canada",StatCan,StatCan,i1,a,,,
2025-05-09T14:02:42Z,2278,Office of the Secretary to the Governor General,Bureau du secrétaire du gouverneur général,Office of the Governor General's Secretary,Bureau du secrétaire du gouverneur général,Office of the Secretary to the Governor General,Bureau du secrétaire du gouverneur général,Privy Council Office,Bureau du Conseil privé,OSGG,BSGG,i1,a,,,
2025-05-09T14:02:42Z,2282,Office of the Privacy Commissioner of Canada,Commissariat à la protection de la vie privée du Canada,Office of the Privacy Commissioner of Canada,Commissariat à la protection de la vie privée du Canada,,,Department of Justice Canada,Ministère de la Justice Canada,,,4,a,,,
2025-05-09T14:02:42Z,2276,The Correctional Investigator Canada,L'Enquêteur correctionnel Canada,Office of the Correctional Investigator of Canada,Bureau de l'enquêteur correctionnel du Canada,The Correctional Investigator Canada,L'Enquêteur correctionnel Canada,Public Safety Canada,Sécurité publique Canada,OCI,BEC,i1,a,,,
2025-05-09T14:02:42Z,2267,Parole Board of Canada,Commission des libérations conditionnelles du Canada,Parole Board of Canada,Commission des libérations conditionnelles du Canada,Parole Board of Canada,Commission des libérations conditionnelles du Canada,Public Safety Canada,Sécurité publique Canada,PBC,CLCC,i1,a,,,
2025-05-09T14:02:42Z,2261,Immigration and Refugee Board of Canada,Commission de l'immigration et du statut de réfugié du Canada,Immigration and Refugee Board,Commission de l'immigration et du statut de réfugié,Immigration and Refugee Board of Canada,Commission de l'immigration et du statut de réfugié du Canada,"Immigration, Refugees and Citizenship Canada","Immigration, Réfugiés et Citoyenneté Canada",IRB,CISR,i1,a,,,
2025-05-09T14:02:42Z,2275,Office of the Intelligence Commissioner,Bureau du commissaire au renseignement,Office of the Intelligence Commissioner,Bureau du commissaire au renseignement,,,Privy Council Office,Bureau du Conseil privé,,,i1,a,,,
2025-05-09T14:02:42Z,2263,Military Grievances External Review Committee,Comité externe d'examen des griefs militaires,Military Grievances External Review Committee,Comité externe d'examen des griefs militaires,Military Grievances External Review Committee,Comité externe d'examen des griefs militaires,National Defence,Défense nationale,MGERC,CEEGM,i1,a,,,
2025-05-09T14:02:42Z,2264,Military Police Complaints Commission of Canada,Commission d'examen des plaintes concernant la police militaire du Canada,Military Police Complaints Commission,Commission d'examen des plaintes concernant la police militaire,Military Police Complaints Commission of Canada,Commission d'examen des plaintes concernant la police militaire du Canada,National Defence,Défense nationale,MPCC,CPPM,i1,a,,,
2025-05-09T14:02:42Z,2265,Farm Products Council of Canada,Conseil des produits agricoles du Canada,National Farm Products Council,Conseil national des produits agricoles,Farm Products Council of Canada,Conseil des produits agricoles du Canada,Agriculture and Agri-Food Canada,Agriculture et Agroalimentaire Canada,FPCC,CPAC,i1,a,,,
2025-05-09T14:02:42Z,2266,National Film Board,Office national du film,National Film Board,Office national du film,,,Canadian Heritage,Patrimoine canadien,NFB,ONF,i1,a,,,
2025-05-09T14:02:42Z,2262,Library and Archives Canada,Bibliothèque et Archives Canada,Library and Archives of Canada,Bibliothèque et Archives du Canada,Library and Archives Canada,Bibliothèque et Archives Canada,Canadian Heritage,Patrimoine canadien,LAC,BAC,i1,a,,,
2025-05-09T14:02:42Z,2268,Northern Pipeline Agency Canada,Administration du pipe-line du Nord Canada,Northern Pipeline Agency,Administration du pipe-line du Nord,Northern Pipeline Agency Canada,Administration du pipe-line du Nord Canada,Natural Resources Canada,Ressources naturelles Canada,NPA,APN,i1,a,,,
2025-05-09T14:02:42Z,2270,Office of the Auditor General of Canada,Bureau du vérificateur général du Canada,Office of the Auditor General,Bureau du vérificateur général,Office of the Auditor General of Canada,Bureau du vérificateur général du Canada,Department of Finance Canada,Ministère des Finances Canada,OAG,BVG,i1,a,,,
2025-05-09T14:02:42Z,2271,Elections Canada,Élections Canada,Office of the Chief Electoral Officer,Bureau du directeur général des élections,,,,,elections,elections,i1,a,,,
2025-05-09T14:02:42Z,2272,Office of the Commissioner for Federal Judicial Affairs Canada,Commissariat à la magistrature fédérale Canada,Office of the Commissioner for Federal Judicial Affairs,Commissariat à la magistrature fédérale,Office of the Commissioner for Federal Judicial Affairs Canada,Commissariat à la magistrature fédérale Canada,Department of Justice Canada,Ministère de la Justice Canada,FJA,CMF,i1,a,,,
2025-05-09T14:02:42Z,2273,Office of the Commissioner of Lobbying of Canada,Commissariat au lobbying du Canada,Office of the Commissioner of Lobbying,Commissariat au lobbying,Office of the Commissioner of Lobbying of Canada,Commissariat au lobbying du Canada,Treasury Board of Canada Secretariat,Secrétariat du Conseil du Trésor du Canada,OCL,CAL,i1,a,,,
2025-05-09T14:02:42Z,2274,Office of the Commissioner of Official Languages,Commissariat aux langues officielles,Office of the Commissioner of Official Languages,Commissariat aux langues officielles,,,Privy Council Office,Bureau du Conseil privé,OCOL,CLO,i1,a,,,
2025-05-09T14:02:42Z,2269,"Housing, Infrastructure and Communities Canada","Logement, Infrastructures et Collectivités Canada","Department of Housing, Infrastructure and Communities","Ministère du Logement, de l'Infrastructure et des Collectivités","Housing, Infrastructure and Communities Canada","Logement, Infrastructures et Collectivités Canada","Housing, Infrastructure and Communities Canada","Logement, Infrastructures et Collectivités Canada",HICC,LICC,1,a,,,
2025-05-02T20:56:18Z,2396,Canadian Radio-television and Telecommunications Commission,Conseil de la radiodiffusion et des télécommunications canadiennes,Canadian Radio-television and Telecommunications Commission,Conseil de la radiodiffusion et des télécommunications canadiennes,,,Canadian Heritage,Patrimoine canadien,,,i1,a,,,
2025-04-04T09:08:17-04:00,2278,Office of the Secretary to the Governor General,Bureau du secrétaire du gouverneur général,Office of the Governor General's Secretary,Bureau du secrétaire du gouverneur général,Office of the Secretary to the Governor General,Bureau du secrétaire du gouverneur général,Privy Council Office,Bureau du Conseil privé,OSGG,BSGG,4,a,,,
2025-03-17T12:00:08-04:00,2258,Federal Economic Development Agency for Southern Ontario,Agence fédérale de développement économique pour le Sud de l'Ontario,Federal Economic Development Agency for Southern Ontario,Agence fédérale de développement économique pour le Sud de l'Ontario,Federal Economic Development Agency for Southern Ontario,Agence fédérale de développement économique pour le Sud de l'Ontario,Minister of Democratic Institutions,Ministre des Institutions démocratiques,FedDev Ontario,FedDev Ontario,i1,a,,,
2025-03-17T12:00:08-04:00,2299,Federal Economic Development Agency for Northern Ontario,Agence fédérale de développement économique pour le Nord de l'Ontario,Federal Economic Development Agency for Northern Ontario,Agence fédérale de développement économique pour le Nord de l'Ontario,Federal Economic Development Agency for Northern Ontario,Agence fédérale de développement économique pour le Nord de l'Ontario,Minister of Indigenous Services,Ministre des Services aux Autochtones,FedNor,FedNor,i1,a,,,
2025-03-17T12:00:08-04:00,2298,Pacific Economic Development Canada,Développement économique Canada pour le Pacifique,Pacific Economic Development Agency of Canada,Agence de développement économique du Pacifique Canada,Pacific Economic Development Canada,Développement économique Canada pour le Pacifique,President of the King's Privy Council for Canada,Président du Conseil privé du Roi pour le Canada,PacifiCan,PacifiCan,i1,a,,,
2025-03-17T12:00:08-04:00,2240,Prairies Economic Development Canada,Développement économique Canada pour les Prairies,Department of Western Economic Diversification,Ministère de la Diversification de l'économie de l'Ouest canadien,Prairies Economic Development Canada,Développement économique Canada pour les Prairies,Minister of Sport,Ministre des Sports,PrairiesCan,PrairiesCan,1,a,,,
2025-03-17T12:00:08-04:00,2257,Canada Economic Development for Quebec Regions,Développement économique Canada pour les régions du Québec,Economic Development Agency of Canada for the Regions of Quebec,Agence de développement économique du Canada pour les régions du Québec,Canada Economic Development for Quebec Regions,Développement économique Canada pour les régions du Québec,Minister of Tourism,Ministre du Tourisme,CED,DEC,i1,a,,,
2025-03-17T12:00:08-04:00,2249,Canadian Northern Economic Development Agency,Agence canadienne de développement économique du Nord,Canadian Northern Economic Development Agency,Agence canadienne de développement économique du Nord,Canadian Northern Economic Development Agency,Agence canadienne de développement économique du Nord,Minister of Crown-Indigenous Relations and Northern Affairs,Ministre des Relations Couronne-Autochtones et des Affaires du Nord,CanNor,CanNor,i1,a,,,
2025-03-17T12:00:08-04:00,2244,Atlantic Canada Opportunities Agency,Agence de promotion économique du Canada atlantique,Atlantic Canada Opportunities Agency,Agence de promotion économique du Canada atlantique,,,Minister responsible for the Atlantic Canada Opportunities Agency,Ministre responsable de l'Agence de promotion économique du Canada atlantique,ACOA,APECA,i1,a,,,
2025-03-17T11:07:37-04:00,2278,Office of the Secretary to the Governor General,Bureau du secrétaire du gouverneur général,Office of the Governor General's Secretary,Bureau du secrétaire du gouverneur général,Office of the Secretary to the Governor General,Bureau du secrétaire du gouverneur général,Privy Council Office,Bureau du Conseil privé,OSGG,BSGG,4,a,,,
2025-03-17T11:07:37-04:00,3635,Canada Development Investment Corporation,La Corporation de développement des investissements du Canada,Canada Development Investment Corporation,La Corporation de développement des investissements du Canada,,,Department of Finance Canada,Ministère des Finances Canada,,,,a,,,
2025-03-17T11:07:37-04:00,3637,Royal Canadian Mint,Monnaie royale canadienne,Royal Canadian Mint,Monnaie royale canadienne,,,Department of Finance Canada,Ministère des Finances Canada,,,,a,,,
