gc_orgID,harmonized_name,nom_harmonisé,abbreviation,abreviation,infobaseID,rg,ati,open_gov_ouvert,pop,phoenix,website,site_web,Organization Legal Name English,Organization Legal Name French,French Name,FAA,Original English Name,Names Match,Legal title,Applied title,Titre d'usage,legal_title,org_id,Harmonize_name
2222,Agriculture and Agri-Food Canada,Agriculture et Agroalimentaire Canada,AAFC,AAC,1,1,Agriculture and Agri-Food Canada,aafc-aac,AGR,AGR00,www.agr.gc.ca,www.agr.gc.ca,Department of Agriculture and Agri-Food,Ministère de l'Agriculture et de l'Agroalimentaire,Ministère de l'Agriculture et de l'Agroalimentaire,1,Department of Agriculture and Agri-Food,0,Department of Agriculture and Agri-Food,Agriculture and Agri-Food Canada,Agriculture et Agroalimentaire Canada,Department of Agriculture and Agri-Food,1.0,Agriculture and Agri-Food Canada
2223,Canadian Heritage,Patrimoine canadien,PCH,PCH,122,135,Canadian Heritage,pch,PCH,PCH00,https://www.canada.ca/en/canadian-heritage.html,https://www.canada.ca/fr/patrimoine-canadien.html,Department of Canadian Heritage,Ministère du Patrimoine canadien,Ministère du Patrimoine canadien,1,Department of Canadian Heritage,0,Department of Canadian Heritage,Canadian Heritage,Patrimoine canadien,Department of Canadian Heritage,122.0,Canadian Heritage
2224,"Immigration, Refugees and Citizenship Canada","Immigration, Réfugiés et Citoyenneté Canada",IRCC,IRCC,123,50,Immigration Refugees and Citizenship Canada,cic,IMC,IMC00,www.cic.gc.ca,www.cic.gc.ca,Department of Citizenship and Immigration,Ministère de la Citoyenneté et de l'Immigration,Ministère de la Citoyenneté et de l'Immigration,1,Department of Citizenship and Immigration,0,Department of Citizenship and Immigration,"Immigration, Refugees and Citizenship Canada","Immigration, Réfugiés et Citoyenneté Canada",Department of Citizenship and Immigration,123.0,"Immigration, Refugees and Citizenship Canada"
2225,Department of Finance Canada,Ministère des Finances Canada,FIN,FIN,124,6,Department of Finance Canada,fin,FIN,FIN00,https://www.canada.ca/en/department-finance.html,https://www.canada.ca/fr/ministere-finances.html,Department of Finance,Ministère des Finances,Ministère des Finances,1,Department of Finance,0,Department of Finance,Department of Finance Canada,Ministère des Finances Canada,Department of Finance,124.0,Department of Finance Canada
2226,Fisheries and Oceans Canada,Pêches et Océans Canada,DFO,MPO,125,86,Fisheries and Oceans Canada,dfo-mpo,DFO,DFO00,www.dfo-mpo.gc.ca,www.dfo-mpo.gc.ca,Department of Fisheries and Oceans,Ministère des Pêches et des Océans,Ministère des Pêches et des Océans,1,Department of Fisheries and Oceans,0,Department of Fisheries and Oceans,Fisheries and Oceans Canada,Pêches et Océans Canada,Department of Fisheries and Oceans,125.0,Fisheries and Oceans Canada
2227,Global Affairs Canada,Affaires mondiales Canada,GAC,AMC,126,5,Global Affairs Canada,dfatd-maecd,EXT,EXT00,www.international.gc.ca,www.international.gc.ca,"Department of Foreign Affairs, Trade and Development","Ministère des Affaires étrangères, du Commerce et du Développement","Ministère des Affaires étrangères, du Commerce et du Développement",1,"Department of Foreign Affairs, Trade and Development",0,"Department of Foreign Affairs, Trade and Development",Global Affairs Canada,Affaires mondiales Canada,"Department of Foreign Affairs, Trade and Development",126.0,Global Affairs Canada
2228,Health Canada,Santé Canada,HC,SC,127,22,Health Canada,hc-sc,SHC,NHW00,www.canada.ca/en/health-canada.html,www.canada.ca/fr/sante-canada.html,Department of Health,Ministère de la Santé,Ministère de la Santé,1,Department of Health,0,Department of Health,Health Canada,Santé Canada,Department of Health,127.0,Health Canada
2229,Employment and Social Development Canada,Emploi et Développement social Canada,ESDC,EDSC,128,14,Employment and Social Development Canada,esdc-edsc,CSD,CSD00,www.canada.ca/en/employment-social-development.html,www.canada.ca/fr/emploi-developpement-social.html,Department of Employment and Social Development,Ministère de l'Emploi et du Développement social,Ministère de l'Emploi et du Développement social,1,Department of Employment and Social Development,0,Department of Employment and Social Development,Employment and Social Development Canada,Emploi et Développement social Canada,Department of Employment and Social Development,128.0,Employment and Social Development Canada
2230,Crown-Indigenous Relations and Northern Affairs Canada,Relations Couronne-Autochtones et Affaires du Nord Canada,CIRNAC,RCAANC,129,42,Crown-Indigenous Relations and Northern Affairs Canada,aandc-aadnc,IAN,IAN00,https://www.canada.ca/en/crown-indigenous-relations-northern-affairs.html,https://www.canada.ca/fr/relations-couronne-autochtones-affaires-nord.html,Department of Crown-Indigenous Relations and Northern Affairs,Ministère des Relations Couronne-Autochtones et des Affaires du Nord,Ministère des Relations Couronne-Autochtones et des Affaires du Nord,1,Department of Crown-Indigenous Relations and Northern Affairs,0,Department of Crown-Indigenous Relations and Northern Affairs,Crown-Indigenous Relations and Northern Affairs Canada,Relations Couronne-Autochtones et Affaires du Nord Canada,Department of Crown-Indigenous Relations and Northern Affairs,129.0,Crown-Indigenous Relations and Northern Affairs Canada
2231,"Innovation, Science and Economic Development Canada","Innovation, Sciences et Développement économique Canada",ISED,ISDE,130,33,Innovation Science and Economic Development Canada,ic,DUS,DUS00,www.ic.gc.ca,www.ic.gc.ca,Department of Industry,Ministère de l'Industrie,Ministère de l'Industrie,1,Department of Industry,0,Department of Industry,"Innovation, Science and Economic Development Canada","Innovation, Sciences et Développement économique Canada",Department of Industry,130.0,"Innovation, Science and Economic Development Canada"
2232,Department of Justice Canada,Ministère de la Justice Canada,JUS,JUS,132,13,Department of Justice Canada,jus,JUS,JUS00,www.justice.gc.ca,www.justice.gc.ca,Department of Justice,Ministère de la Justice,Ministère de la Justice,1,Department of Justice,0,Department of Justice,Department of Justice Canada,Ministère de la Justice Canada,Department of Justice,132.0,Department of Justice Canada
2233,National Defence,Défense nationale,DND,MDN,133,18,National Defence,dnd-mdn,DND,DND00,www.forces.gc.ca,www.forces.gc.ca,Department of National Defence,Ministère de la Défense nationale,Ministère de la Défense nationale,1,Department of National Defence,0,Department of National Defence,National Defence,Défense nationale,Department of National Defence,133.0,National Defence
2234,Natural Resources Canada,Ressources naturelles Canada,NRCan,RNCan,134,41,Natural Resources Canada,nrcan-rncan,RSN,RSN00,www.nrcan-rncan.gc.ca,www.nrcan-rncan.gc.ca,Department of Natural Resources,Ministère des Ressources naturelles,Ministère des Ressources naturelles,1,Department of Natural Resources,0,Department of Natural Resources,Natural Resources Canada,Ressources naturelles Canada,Department of Natural Resources,134.0,Natural Resources Canada
2235,Public Safety Canada,Sécurité publique Canada,PS,SP,135,88,Public Safety Canada,ps-sp,PSP,PSP00,www.publicsafety.gc.ca,www.securitepublique.gc.ca,Department of Public Safety and Emergency Preparedness,Ministère de la Sécurité publique et de la Protection civile,Ministère de la Sécurité publique et de la Protection civile,1,Department of Public Safety and Emergency Preparedness,0,Department of Public Safety and Emergency Preparedness,Public Safety Canada,Sécurité publique Canada,Department of Public Safety and Emergency Preparedness,135.0,Public Safety Canada
2236,Public Services and Procurement Canada,Services publics et Approvisionnement Canada,PSPC,SPAC,136,127,Public Services and Procurement Canada,pwgsc-tpsgc,SVC,SVC00,www.tpsgc-pwgsc.gc.ca,www.tpsgc-pwgsc.gc.ca,Department of Public Works and Government Services,Ministère des Travaux publics et des Services gouvernementaux,Ministère des Travaux publics et des Services gouvernementaux,1,Department of Public Works and Government Services,0,Department of Public Works and Government Services,Public Services and Procurement Canada,Services publics et Approvisionnement Canada,Department of Public Works and Government Services,136.0,Public Services and Procurement Canada
2237,Environment and Climate Change Canada,Environnement et Changement climatique Canada,ECCC,ECCC,137,7,Environment and Climate Change Canada,ec,DOE,DOE00,www.canada.ca/en/environment-climate-change.html,www.canada.ca/fr/environnement-changement-climatique.html,Department of the Environment,Ministère de l'Environnement,Ministère de l'Environnement,1,Department of the Environment,0,Department of the Environment,Environment and Climate Change Canada,Environnement et Changement climatique Canada,Department of the Environment,137.0,Environment and Climate Change Canada
2238,Transport Canada,Transports Canada,TC,TC,138,34,Transport Canada,tc,MOT,MOT00,www.tc.gc.ca,www.tc.gc.ca,Department of Transport,Ministère des Transports,Ministère des Transports,1,Department of Transport,0,Department of Transport,Transport Canada,Transports Canada,Department of Transport,138.0,Transport Canada
2239,Veterans Affairs Canada,Anciens Combattants Canada,VAC,ACC,139,21,Veterans Affairs Canada,vac-acc,DVA,DVA00,www.veterans.gc.ca,www.veterans.gc.ca,Department of Veterans Affairs,Ministère des Anciens Combattants,Ministère des Anciens Combattants,1,Department of Veterans Affairs,0,Department of Veterans Affairs,Veterans Affairs Canada,Anciens Combattants Canada,Department of Veterans Affairs,139.0,Veterans Affairs Canada
2240,Prairies Economic Development Canada,Développement économique Canada pour les Prairies,PrairiesCan,PrairiesCan,140,44,Prairies Economic Development Canada (PrairiesCan),prairiescan,WCO,WCO00,https://www.canada.ca/en/prairies-economic-development.html,https://www.canada.ca/fr/developpement-economique-prairies.html,Department of Western Economic Diversification,Ministère de la Diversification de l'économie de l'Ouest canadien,Ministère de la Diversification de l'économie de l'Ouest canadien,1,Department of Western Economic Diversification,0,Department of Western Economic Diversification,Prairies Economic Development Canada,Développement économique Canada pour les Prairies,Department of Western Economic Diversification,140.0,Prairies Economic Development Canada
2241,Women and Gender Equality Canada,Femmes et Égalité des genres Canada,WAGE,FEGC,246,190,Women and Gender Equality Canada,wage,CSW,CSW00,www.swc-cfc.gc.ca,www.cfc-swc.gc.ca,Department for Women and Gender Equality,Ministère des Femmes et de l'Égalité des genres,Ministère des Femmes et de l'Égalité des genres,1,Department for Women and Gender Equality,0,Department for Women and Gender Equality,Women and Gender Equality Canada,Femmes et Égalité des genres Canada,Department for Women and Gender Equality,246.0,Women and Gender Equality Canada
2242,Treasury Board of Canada Secretariat,Secrétariat du Conseil du Trésor du Canada,TBS,SCT,326,56,Treasury Board of Canada Secretariat,tbs-sct,TBD,TBD00,www.canada.ca/en/treasury-board-secretariat/index.html,www.canada.ca/fr/secretariat-conseil-tresor/index.html,Treasury Board Secretariat,Secrétariat du Conseil du Trésor,,,,0,Treasury Board Secretariat,Treasury Board of Canada Secretariat,Secrétariat du Conseil du Trésor du Canada,Treasury Board Secretariat,326.0,Treasury Board of Canada Secretariat
2243,Indigenous Services Canada,Services aux Autochtones Canada,ISC,SAC,348,191,Indigenous Services Canada,isc-sac,DIS,DIS00,www.canada.ca/en/indigenous-services-canada.html,www.canada.ca/fr/services-autochtones-canada.html,Department of Indigenous Services,Ministère des Services aux Autochtones,Ministère des Services aux Autochtones,1,Department of Indigenous Services,0,Department of Indigenous Services,Indigenous Services Canada,Services aux Autochtones Canada,Department of Indigenous Services,348.0,Indigenous Services Canada
2244,Atlantic Canada Opportunities Agency,Agence de promotion économique du Canada atlantique,ACOA,APECA,12,23,Atlantic Canada Opportunities Agency,acoa-apeca,ACO,ACO00,www.acoa-apeca.gc.ca,www.acoa-apeca.gc.ca,Atlantic Canada Opportunities Agency,Agence de promotion économique du Canada atlantique,Agence de promotion économique du Canada atlantique,1.1,Atlantic Canada Opportunities Agency,0,Atlantic Canada Opportunities Agency,,,Atlantic Canada Opportunities Agency,12.0,Atlantic Canada Opportunities Agency
2245,Impact Assessment Agency of Canada,Agence d'évaluation d'impact du Canada,IAAC,AEIC,63,,Impact Assessment Agency of Canada,iaac-aeic,IAA,DOE01,https://www.canada.ca/en/impact-assessment-agency.html,https://www.canada.ca/fr/agence-evaluation-impact.html,Impact Assessment Agency of Canada,Agence canadienne d'évaluation d'impact,Agence canadienne d'évaluation d'impact,1.1,Impact Assessment Agency of Canada,0,Impact Assessment Agency of Canada,Impact Assessment Agency of Canada,Agence d'évaluation d'impact du Canada,Impact Assessment Agency of Canada,63.0,Impact Assessment Agency of Canada
2246,Canadian Grain Commission,Commission canadienne des grains,CGC,CCG,69,133,Canadian Grain Commission,cgc-ccg,CGC,CGC00,www.grainscanada.gc.ca,www.grainscanada.gc.ca,Canadian Grain Commission,Commission canadienne des grains,Commission canadienne des grains,1.1,Canadian Grain Commission,0,Canadian Grain Commission,,,Canadian Grain Commission,69.0,Canadian Grain Commission
2247,Canadian Human Rights Commission,Commission canadienne des droits de la personne,CHRC,CCDP,71,75,Canadian Human Rights Commission,chrc-ccdp,HRC,HRC00,www.chrc-ccdp.gc.ca,www.ccdp-chrc.gc.ca,Canadian Human Rights Commission,Commission canadienne des droits de la personne,Commission canadienne des droits de la personne,1.1,Canadian Human Rights Commission,0,Canadian Human Rights Commission,,,Canadian Human Rights Commission,71.0,Canadian Human Rights Commission
2248,Canadian Intergovernmental Conference Secretariat,Secrétariat des conférences intergouvernementales canadiennes,CICS,SCIC,76,43,,cics-scic,CIC,CIC00,www.scics.ca,www.scics.ca,Canadian Intergovernmental Conference Secretariat,Secrétariat des conférences intergouvernementales canadiennes,Secrétariat des conférences intergouvernementales canadiennes,1.1,Canadian Intergovernmental Conference Secretariat,0,Canadian Intergovernmental Conference Secretariat,,,Canadian Intergovernmental Conference Secretariat,76.0,Canadian Intergovernmental Conference Secretariat
2249,Canadian Northern Economic Development Agency,Agence canadienne de développement économique du Nord,CanNor,CanNor,86,78,Canadian Northern Economic Development Agency,cannor,NED,NED00,www.CanNor.gc.ca,www.CanNor.gc.ca,Canadian Northern Economic Development Agency,Agence canadienne de développement économique du Nord,Agence canadienne de développement économique du Nord,1.1,Canadian Northern Economic Development Agency,0,Canadian Northern Economic Development Agency,Canadian Northern Economic Development Agency,Agence canadienne de développement économique du Nord,Canadian Northern Economic Development Agency,86.0,Canadian Northern Economic Development Agency
2250,Canadian Security Intelligence Service,Service canadien du renseignement de sécurité,CSIS,SCRS,94,95,Canadian Security Intelligence Service,csis-scrs,CSI,PAY00,https://www.canada.ca/en/security-intelligence-service.html,https://www.canada.ca/fr/service-renseignement-securite.html,Canadian Security Intelligence Service,Service canadien du renseignement de sécurité,Service canadien du renseignement de sécurité,1.1,Canadian Security Intelligence Service,0,Canadian Security Intelligence Service,Canadian Security Intelligence Service,Service canadien du renseignement de sécurité,Canadian Security Intelligence Service,94.0,Canadian Security Intelligence Service
2251,Canadian Space Agency,Agence spatiale canadienne,CSA,ASC,95,119,Canadian Space Agency,csa-asc,CSA,CSA00,www.asc-csa.gc.ca,www.asc-csa.gc.ca,Canadian Space Agency,Agence spatiale canadienne,Agence spatiale canadienne,1.1,Canadian Space Agency,0,Canadian Space Agency,Canadian Space Agency,Agence spatiale canadienne,Canadian Space Agency,95.0,Canadian Space Agency
2252,Canadian Transportation Agency,Office des transports du Canada,CTA,OTC,99,40,Canadian Transportation Agency,cta-otc,ATN,ATN00,https://www.otc-cta.gc.ca/eng,https://www.otc-cta.gc.ca/fra,Canadian Transportation Agency,Office des transports du Canada,Office des transports du Canada,1.1,Canadian Transportation Agency,0,Canadian Transportation Agency,Canadian Transportation Agency,Office des transports du Canada,Canadian Transportation Agency,99.0,Canadian Transportation Agency
2253,Communications Security Establishment Canada,Centre de la sécurité des télécommunications Canada,CSE,CST,110,165,Communication Security Establishment,csec-cstc,CSE,CSE00,www.cse-cst.gc.ca,www.cse-cst.gc.ca,Communications Security Establishment,Centre de la sécurité des télécommunications,Centre de la sécurité des télécommunications,1.1,Communications Security Establishment,0,Communications Security Establishment,Communications Security Establishment Canada,Centre de la sécurité des télécommunications Canada,Communications Security Establishment,110.0,Communications Security Establishment Canada
2254,Copyright Board Canada,Commission du droit d'auteur Canada,CB,CDA,114,116,Copyright Board Canada,cb-cda,COP,COP00,https://cb-cda.gc.ca/en,https://cb-cda.gc.ca/fr,Copyright Board,Commission du droit d'auteur,Commission du droit d'auteur,1.1,Copyright Board,0,Copyright Board,Copyright Board Canada,Commission du droit d'auteur Canada,Copyright Board,114.0,Copyright Board Canada
2255,Correctional Service Canada,Service correctionnel Canada,CSC,SCC,117,53,Correctional Service of Canada,csc-scc,PEN,PEN00,www.canada.ca/correctional-service,www.canada.ca/service-correctionnel,Correctional Service of Canada,Service correctionnel du Canada,Service correctionnel du Canada,1.1,Correctional Service of Canada,0,Correctional Service of Canada,Correctional Service Canada,Service correctionnel Canada,Correctional Service of Canada,117.0,Correctional Service Canada
2256,Courts Administration Service,Service administratif des tribunaux judiciaires,CAS,SATJ,118,144,,cas-satj,CAJ,CAJ00,www.cas-satj.gc.ca,www.cas-satj.gc.ca,Courts Administration Service,Service administratif des tribunaux judiciaires,Service administratif des tribunaux judiciaires,1.1,Courts Administration Service,0,Courts Administration Service,Courts Administration Service,Service administratif des tribunaux judiciaires,Courts Administration Service,118.0,Courts Administration Service
2257,Canada Economic Development for Quebec Regions,Développement économique Canada pour les régions du Québec,CED,DEC,141,12,Economic Development Agency of Canada for the Regions of Quebec,ced-dec,FRD,FRD00,https://www.canada.ca/en/economic-development-quebec-regions.html,https://www.canada.ca/fr/developpement-economique-regions-quebec.html,Economic Development Agency of Canada for the Regions of Quebec,Agence de développement économique du Canada pour les régions du Québec,Agence de développement économique du Canada pour les régions du Québec,1.1,Economic Development Agency of Canada for the Regions of Quebec,0,Economic Development Agency of Canada for the Regions of Quebec,Canada Economic Development for Quebec Regions,Développement économique Canada pour les régions du Québec,Economic Development Agency of Canada for the Regions of Quebec,141.0,Canada Economic Development for Quebec Regions
2258,Federal Economic Development Agency for Southern Ontario,Agence fédérale de développement économique pour le Sud de l'Ontario,FedDev Ontario,FedDev Ontario,150,62,Federal Economic Development Agency for Southern Ontario,feddevontario,ESO,ESO00,www.feddevontario.gc.ca,www.feddevontario.gc.ca,Federal Economic Development Agency for Southern Ontario,Agence fédérale de développement économique pour le Sud de l'Ontario,Agence fédérale de développement économique pour le Sud de l'Ontario,1.1,Federal Economic Development Agency for Southern Ontario,0,Federal Economic Development Agency for Southern Ontario,Federal Economic Development Agency for Southern Ontario,Agence fédérale de développement économique pour le Sud de l'Ontario,Federal Economic Development Agency for Southern Ontario,150.0,Federal Economic Development Agency for Southern Ontario
2259,Financial Consumer Agency of Canada,Agence de la consommation en matière financière du Canada,FCAC,ACFC,151,141,Financial Consumer Agency of Canada,fcac-acfc,FNA,FNA00,www.fcac.gc.ca,www.acfc.gc.ca,Financial Consumer Agency of Canada,Agence de la consommation en matière financière du Canada,Agence de la consommation en matière financière du Canada,1.1,Financial Consumer Agency of Canada,0,Financial Consumer Agency of Canada,Financial Consumer Agency of Canada,Agence de la consommation en matière financière du Canada,Financial Consumer Agency of Canada,151.0,Financial Consumer Agency of Canada
2260,Financial Transactions and Reports Analysis Centre of Canada,Centre d'analyse des opérations et déclarations financières du Canada,FINTRAC,CANAFE,152,139,Financial Transactions and Reports Analysis Centre of Canada,fintrac-canafe,CFC,CFC00,www.fintrac-canafe.gc.ca,www.canafe-fintrac.gc.ca,Financial Transactions and Reports Analysis Centre of Canada,Centre d'analyse des opérations et déclarations financières du Canada,Centre d'analyse des opérations et déclarations financières du Canada,1.1,Financial Transactions and Reports Analysis Centre of Canada,0,Financial Transactions and Reports Analysis Centre of Canada,Financial Transactions and Reports Analysis Centre of Canada,Centre d'analyse des opérations et déclarations financières du Canada,Financial Transactions and Reports Analysis Centre of Canada,152.0,Financial Transactions and Reports Analysis Centre of Canada
2261,Immigration and Refugee Board of Canada,Commission de l'immigration et du statut de réfugié du Canada,IRB,CISR,174,32,Immigration and Refugee Board,irb-cisr,IRB,IRB00,www.irb-cisr.gc.ca,www.cisr-irb.gc.ca,Immigration and Refugee Board,Commission de l'immigration et du statut de réfugié,Commission de l'immigration et du statut de réfugié,1.1,Immigration and Refugee Board,0,Immigration and Refugee Board,Immigration and Refugee Board of Canada,Commission de l'immigration et du statut de réfugié du Canada,Immigration and Refugee Board,174.0,Immigration and Refugee Board of Canada
2262,Library and Archives Canada,Bibliothèque et Archives Canada,LAC,BAC,199,145,Library and Archives of Canada,lac-bac,BAL,BAL00,library-archives.canada.ca,bibliotheque-archives.canada.ca,Library and Archives of Canada,Bibliothèque et Archives du Canada,Bibliothèque et Archives du Canada,1.1,Library and Archives of Canada,0,Library and Archives of Canada,Library and Archives Canada,Bibliothèque et Archives Canada,Library and Archives of Canada,199.0,Library and Archives Canada
2263,Military Grievances External Review Committee,Comité externe d'examen des griefs militaires,MGERC,CEEGM,209,138,Military Grievances External Review Committee,mgerc-ceegm,FCG,FCG00,www.canada.ca/en/military-grievances-external-review.html,www.canada.ca/fr/externe-examen-griefs-militaires.html,Military Grievances External Review Committee,Comité externe d'examen des griefs militaires,Comité externe d'examen des griefs militaires,1.1,Military Grievances External Review Committee,0,Military Grievances External Review Committee,Military Grievances External Review Committee,Comité externe d'examen des griefs militaires,Military Grievances External Review Committee,209.0,Military Grievances External Review Committee
2264,Military Police Complaints Commission of Canada,Commission d'examen des plaintes concernant la police militaire du Canada,MPCC,CPPM,210,137,Military Police Complaints Commission,mpcc-cppm,CPM,CPM00,www.mpcc-cppm.gc.ca,www.mpcc-cppm.gc.ca,Military Police Complaints Commission,Commission d'examen des plaintes concernant la police militaire,Commission d'examen des plaintes concernant la police militaire,1.1,Military Police Complaints Commission,0,Military Police Complaints Commission,Military Police Complaints Commission of Canada,Commission d'examen des plaintes concernant la police militaire du Canada,Military Police Complaints Commission,210.0,Military Police Complaints Commission of Canada
2265,Farm Products Council of Canada,Conseil des produits agricoles du Canada,FPCC,CPAC,222,,Farm Products Council of Canada,fpcc-cpac,FPN,,www.fpcc-cpac.gc.ca,www.fpcc-cpac.gc.ca,National Farm Products Council,Conseil national des produits agricoles,Conseil national des produits agricoles,1.1,National Farm Products Council,0,National Farm Products Council,Farm Products Council of Canada,Conseil des produits agricoles du Canada,National Farm Products Council,222.0,Farm Products Council of Canada
2266,National Film Board,Office national du film,NFB,ONF,223,39,National Film Board of Canada,nfb-onf,NFB,NFB00,www.onf-nfb.gc.ca,www.onf-nfb.gc.ca,National Film Board,Office national du film,Office national du film,1.1,National Film Board,0,National Film Board,,,National Film Board,223.0,National Film Board
2267,Parole Board of Canada,Commission des libérations conditionnelles du Canada,PBC,CLCC,227,57,Parole Board of Canada,pbc-clcc,NPB,NPB00,www.canada.ca/en/parole-board.html,www.canada.ca/fr/commission-liberations-conditionnelles.html,Parole Board of Canada,Commission des libérations conditionnelles du Canada,Commission des libérations conditionnelles du Canada,1.1,Parole Board of Canada,0,Parole Board of Canada,Parole Board of Canada,Commission des libérations conditionnelles du Canada,Parole Board of Canada,227.0,Parole Board of Canada
2268,Northern Pipeline Agency Canada,Administration du pipe-line du Nord Canada,NPA,APN,235,66,Northern Pipeline Agency Canada,npa-apn,NPA,,https://northern-pipeline.canada.ca/home,https://pipe-line-nord.canada.ca/accueil,Northern Pipeline Agency,Administration du pipe-line du Nord,Administration du pipe-line du Nord,1.1,Northern Pipeline Agency,0,Northern Pipeline Agency,Northern Pipeline Agency Canada,Administration du pipe-line du Nord Canada,Northern Pipeline Agency,235.0,Northern Pipeline Agency Canada
2269,"Housing, Infrastructure and Communities Canada","Logement, Infrastructures et Collectivités Canada",HICC,LICC,237,242,Office of Infrastructure of Canada,infc,HIC,INF00,https://housing-infrastructure.canada.ca/,https://housing-infrastructure.canada.ca/,"Department of Housing, Infrastructure and Communities","Ministère du Logement, de l'Infrastructure et des Collectivités","Ministère du Logement, de l'Infrastructure et des Collectivités",1,"Department of Housing, Infrastructure and Communities",0,"Department of Housing, Infrastructure and Communities","Housing, Infrastructure and Communities Canada","Logement, Infrastructures et Collectivités Canada","Department of Housing, Infrastructure and Communities",237.0,"Housing, Infrastructure and Communities Canada"
2270,Office of the Auditor General of Canada,Bureau du vérificateur général du Canada,OAG,BVG,238,2,Office of the Auditor General of Canada,oag-bvg,AUD,AUD00,www.oag-bvg.gc.ca,www.oag-bvg.gc.ca,Office of the Auditor General,Bureau du vérificateur général,Bureau du vérificateur général,1.1,Office of the Auditor General,0,Office of the Auditor General,Office of the Auditor General of Canada,Bureau du vérificateur général du Canada,Office of the Auditor General,238.0,Office of the Auditor General of Canada
2271,Elections Canada,Élections Canada,elections,elections,239,15,Office of the Chief Electoral Officer,elections,CEO,CEO00,www.elections.ca,www.elections.ca,Office of the Chief Electoral Officer,Bureau du directeur général des élections,Bureau du directeur général des élections,1.1,Office of the Chief Electoral Officer,0,Office of the Chief Electoral Officer,,,Office of the Chief Electoral Officer,239.0,Elections Canada
2272,Office of the Commissioner for Federal Judicial Affairs Canada,Commissariat à la magistrature fédérale Canada,FJA,CMF,240,51,,fja-cmf,FJA,FJA00,www.fja-cmf.gc.ca,www.fja-cmf.gc.ca,Office of the Commissioner for Federal Judicial Affairs,Commissariat à la magistrature fédérale,Bureau du commissaire à la magistrature fédérale,1.1,Office of the Commissioner for Federal Judicial Affairs,0,Office of the Commissioner for Federal Judicial Affairs,Office of the Commissioner for Federal Judicial Affairs Canada,Commissariat à la magistrature fédérale Canada,Office of the Commissioner for Federal Judicial Affairs,240.0,Office of the Commissioner for Federal Judicial Affairs Canada
2273,Office of the Commissioner of Lobbying of Canada,Commissariat au lobbying du Canada,OCL,CAL,241,154,Office of the Commissioner of Lobbying,ocl-cal,LOB,LOB00,https://lobbycanada.gc.ca/en,https://lobbycanada.gc.ca/fr,Office of the Commissioner of Lobbying,Commissariat au lobbying,Commissariat au lobbying,1.1,Office of the Commissioner of Lobbying,0,Office of the Commissioner of Lobbying,Office of the Commissioner of Lobbying of Canada,Commissariat au lobbying du Canada,Office of the Commissioner of Lobbying,241.0,Office of the Commissioner of Lobbying of Canada
2274,Office of the Commissioner of Official Languages,Commissariat aux langues officielles,OCOL,CLO,242,76,Office of the Commissioner of Official Languages,ocol-clo,COL,COL00,www.officiallanguages.gc.ca/en,www.officiallanguages.gc.ca/fr,Office of the Commissioner of Official Languages,Commissariat aux langues officielles,Commissariat aux langues officielles,1.1,Office of the Commissioner of Official Languages,0,Office of the Commissioner of Official Languages,,,Office of the Commissioner of Official Languages,242.0,Office of the Commissioner of Official Languages
2275,Office of the Intelligence Commissioner,Bureau du commissaire au renseignement,,,244,197,Office of the Intelligence Commissioner of Canada,ocsec-bccst,OLC,OLC00,https://www.canada.ca/en/intelligence-commissioner.html,https://www.canada.ca/fr/commissaire-renseignement.html,Office of the Intelligence Commissioner,Bureau du commissaire au renseignement,Bureau du commissaire au renseignement,1.1,Office of the Intelligence Commissioner,0,Office of the Intelligence Commissioner,,,Office of the Intelligence Commissioner,244.0,Office of the Intelligence Commissioner
2276,The Correctional Investigator Canada,L'Enquêteur correctionnel Canada,OCI,BEC,247,,Office of the Correctional Investigator of Canada,oci-bec,OCI,,www.oci-bec.gc.ca,www.oci-bec.gc.ca,Office of the Correctional Investigator of Canada,Bureau de l'enquêteur correctionnel du Canada,Bureau de l'enquêteur correctionnel du Canada,1.1,Office of the Correctional Investigator of Canada,0,Office of the Correctional Investigator of Canada,The Correctional Investigator Canada,L'Enquêteur correctionnel Canada,Office of the Correctional Investigator of Canada,247.0,The Correctional Investigator Canada
2277,Public Prosecution Service of Canada,Service des poursuites pénales du Canada,PPSC,SPPC,248,19,Public Prosecution Service of Canada,ppsc-sppc,PPD,PPD00,www.ppsc-sppc.gc.ca/,www.ppsc-sppc.gc.ca,Office of the Director of Public Prosecutions,Bureau du directeur des poursuites pénales,Bureau du directeur des poursuites pénales,1.1,Office of the Director of Public Prosecutions,0,Office of the Director of Public Prosecutions,Public Prosecution Service of Canada,Service des poursuites pénales du Canada,Office of the Director of Public Prosecutions,248.0,Public Prosecution Service of Canada
2278,Office of the Secretary to the Governor General,Bureau du secrétaire du gouverneur général,OSGG,BSGG,249,8,,osgg-bsgg,GGS,GGS00,www.gg.ca,www.gg.ca,Office of the Governor General's Secretary,Bureau du secrétaire du gouverneur général,Bureau du secrétaire du gouverneur général,1.1,Office of the Governor General's Secretary,0,Office of the Governor General's Secretary,Office of the Secretary to the Governor General,Bureau du secrétaire du gouverneur général,Office of the Governor General's Secretary,249.0,Office of the Secretary to the Governor General
2279,Office of the Public Sector Integrity Commissioner of Canada,Commissariat à l'intégrité du secteur public du Canada,PSIC,ISPC,250,46,Office of the Public Sector Integrity Commissioner of Canada,psic-ispc,INT,INT00,www.psic-ispc.gc.ca,www.psic-ispc.gc.ca,Office of the Public Sector Integrity Commissioner,Commissariat à l'intégrité du secteur public,Commissariat à l'intégrité du secteur public,1.1,Office of the Public Sector Integrity Commissioner,0,Office of the Public Sector Integrity Commissioner,Office of the Public Sector Integrity Commissioner of Canada,Commissariat à l'intégrité du secteur public du Canada,Office of the Public Sector Integrity Commissioner,250.0,Office of the Public Sector Integrity Commissioner of Canada
2280,Office of the Superintendent of Financial Institutions Canada,Bureau du surintendant des institutions financières Canada,OSFI,BSIF,253,11,Office of the Superintendent of Financial Institutions Canada,osfi-bsif,SIF,SIF00,https://www.osfi-bsif.gc.ca/en,https://www.osfi-bsif.gc.ca/fr,Office of the Superintendent of Financial Institutions,Bureau du surintendant des institutions financières,Bureau du surintendant des institutions financières,1.1,Office of the Superintendent of Financial Institutions,0,Office of the Superintendent of Financial Institutions,Office of the Superintendent of Financial Institutions Canada,Bureau du surintendant des institutions financières Canada,Office of the Superintendent of Financial Institutions,253.0,Office of the Superintendent of Financial Institutions Canada
2281,Office of the Information Commissioner of Canada,Commissariat à l'information au Canada,OIC,CI,256,96,Office of the Information Commissioner of Canada,oic-ci,IPC,IPC00,https://www.oic-ci.gc.ca/en,https://www.oic-ci.gc.ca/fr,Office of the Information Commissioner of Canada,Commissariat à l'information au Canada,,,,0,,,,,,Office of the Information Commissioner
2282,Office of the Privacy Commissioner of Canada,Commissariat à la protection de la vie privée du Canada,OPC,CPVP,256,96,Office of the Privacy Commissioner of Canada,opc-cpvp,OPC,IPC00,https://www.priv.gc.ca/en/,https://www.priv.gc.ca/fr/,Office of the Privacy Commissioner of Canada,Commissariat à la protection de la vie privée du Canada,Commissariat à la protection de la vie privée du Canada,4,Office of the Privacy Commissioner of Canada,0,,,,,,Office of the Privacy Commissioner of Canada
2283,Patented Medicine Prices Review Board Canada,Conseil d'examen du prix des médicaments brevetés Canada,PMPRB,CEPMB,266,109,Patented Medicine Prices Review Board,pmprb-cepmb,PXR,PXR00,https://www.canada.ca/en/patented-medicine-prices-review.html,https://www.canada.ca/en/patented-medicine-prices-review.html,Patented Medicine Prices Review Board,Conseil d'examen du prix des médicaments brevetés,Conseil d'examen du prix des médicaments brevetés,1.1,Patented Medicine Prices Review Board,0,Patented Medicine Prices Review Board,Patented Medicine Prices Review Board Canada,Conseil d'examen du prix des médicaments brevetés Canada,Patented Medicine Prices Review Board,266.0,Patented Medicine Prices Review Board Canada
2284,Privy Council Office,Bureau du Conseil privé,PCO,BCP,278,25,Privy Council Office,pco-bcp,PCO,PCO00,www.pco-bcp.gc.ca,www.pco-bcp.gc.ca,Privy Council Office,Bureau du Conseil privé,Bureau du Conseil privé,1.1,Privy Council Office,0,Privy Council Office,Privy Council Office,Bureau du Conseil privé,Privy Council Office,278.0,Privy Council Office
2285,Public Health Agency of Canada,Agence de la santé publique du Canada,PHAC,ASPC,280,148,Public Health Agency of Canada,phac-aspc,AHS,AHS00,www.phac-aspc.gc.ca,www.phac-aspc.gc.ca,Public Health Agency of Canada,Agence de la santé publique du Canada,Agence de la santé publique du Canada,1.1,Public Health Agency of Canada,0,Public Health Agency of Canada,Public Health Agency of Canada,Agence de la santé publique du Canada,Public Health Agency of Canada,280.0,Public Health Agency of Canada
2286,Public Service Commission of Canada,Commission de la fonction publique du Canada,PSC,CFP,282,4,Public Service Commission of Canada,psc-cfp,PSC,PSC00,https://www.canada.ca/en/public-service-commission.html,https://www.canada.ca/fr/commission-fonction-publique.html,Public Service Commission,Commission de la fonction publique,Commission de la fonction publique,1.1,Public Service Commission,0,Public Service Commission,Public Service Commission of Canada,Commission de la fonction publique du Canada,Public Service Commission,282.0,Public Service Commission of Canada
2287,Registrar of the Supreme Court of Canada,Registraire de la Cour suprême du Canada,SCC,CSC,288,80,,scc-csc,SUC,,www.scc-csc.ca,www.scc-csc.ca,Registrar of the Supreme Court of Canada,Registraire de la Cour suprême du Canada,Registraire de la Cour suprême du Canada et le secteur de l'administration publique fédérale nommé en vertu du paragraphe 12(2) de la Loi sur la Cour suprême,1.1,Registrar of the Supreme Court of Canada,0,,,,Registrar of the Supreme Court of Canada,288.0,Registrar of the Supreme Court of Canada
2288,Royal Canadian Mounted Police,Gendarmerie royale du Canada,RCMP,GRC,295,30,Royal Canadian Mounted Police,rcmp-grc,RCM,RCM00,www.rcmp-grc.gc.ca,www.rcmp-grc.gc.ca,Royal Canadian Mounted Police,Gendarmerie royale du Canada,Gendarmerie royale du Canada,1.1,Royal Canadian Mounted Police,0,Royal Canadian Mounted Police,,,Royal Canadian Mounted Police,295.0,Royal Canadian Mounted Police
2289,RCMP External Review Committee,Comité externe d'examen de la GRC,ERC,CEE,296,,Royal Canadian Mounted Police External Review Committee,erc-cee,REC,,www.erc-cee.gc.ca,www.erc-cee.gc.ca,Royal Canadian Mounted Police External Review Committee,Comité externe d'examen de la Gendarmerie royale du Canada,Comité externe d'examen de la Gendarmerie royale du Canada,1.1,Royal Canadian Mounted Police External Review Committee,0,Royal Canadian Mounted Police External Review Committee,RCMP External Review Committee,Comité externe d'examen de la GRC,Royal Canadian Mounted Police External Review Committee,296.0,RCMP External Review Committee
2290,Civilian Review and Complaints Commission for the RCMP,Commission civile d'examen et de traitement des plaintes relatives à la GRC,CRCC,CCETP,297,,Civilian Review and Complaints Commission for the Royal Canadian Mounted Police,cpc-cpp,RPP,,www.crcc-ccetp.gc.ca/,www.crcc-ccetp.gc.ca/fr,Civilian Review and Complaints Commission for the Royal Canadian Mounted Police,Commission civile d'examen et de traitement des plaintes relatives à la Gendarmerie royale du Canada,Commission civile d'examen et de traitement des plaintes relatives à la Gendarmerie royale du Canada,1.1,Civilian Review and Complaints Commission for the Royal Canadian Mounted Police,0,Civilian Review and Complaints Commission for the Royal Canadian Mounted Police,Civilian Review and Complaints Commission for the RCMP,Commission civile d'examen et de traitement des plaintes relatives à la GRC,Civilian Review and Complaints Commission for the Royal Canadian Mounted Police,297.0,Civilian Review and Complaints Commission for the RCMP
2291,National Security and Intelligence Review Agency Secretariat,Secrétariat de l'Office de surveillance des activités en matière de sécurité nationale et de renseignement,,,302,196,,,NRA,NRA00,https://nsira-ossnr.gc.ca/,https://nsira-ossnr.gc.ca/fr/,National Security and Intelligence Review Agency Secretariat,Secrétariat de l'Office de surveillance des activités en matière de sécurité nationale et de renseignement,Secrétariat de l'Office de surveillance des activités en matière de sécurité nationale et de renseignement,1.1,National Security and Intelligence Review Agency Secretariat,0,National Security and Intelligence Review Agency Secretariat,,,National Security and Intelligence Review Agency Secretariat,302.0,National Security and Intelligence Review Agency Secretariat
2292,Shared Services Canada,Services partagés Canada,SSC,SPC,305,163,Shared Services Canada,ssc-spc,GSS,GSS00,https://www.canada.ca/en/shared-services.html,https://www.canada.ca/fr/services-partages.html,Shared Services Canada,Services partagés Canada,Services partagés Canada,1.1,Shared Services Canada,0,Shared Services Canada,Shared Services Canada,Services partagés Canada,Shared Services Canada,305.0,Shared Services Canada
2293,Statistics Canada,Statistique Canada,StatCan,StatCan,313,54,Statistics Canada,statcan,STC,STC00,www.statcan.gc.ca,www.statcan.gc.ca,Statistics Canada,Statistique Canada,Statistique Canada,1.1,Statistics Canada,0,Statistics Canada,Statistics Canada,Statistique Canada,Statistics Canada,313.0,Statistics Canada
2294,Veterans Review and Appeal Board,Tribunal des anciens combattants (révision et appel),VRAB,TACRA,333,,Veterans Review and Appeal Board,vrab-tacra,AVC,AVC00,www.vrab-tacra.gc.ca,www.vrab-tacra.gc.ca,Veterans Review and Appeal Board,Tribunal des anciens combattants (révision et appel),Tribunal des anciens combattants (révision et appel),1.1,Veterans Review and Appeal Board,0,Veterans Review and Appeal Board,,,Veterans Review and Appeal Board,333.0,Veterans Review and Appeal Board
2295,Secretariat of the National Security and Intelligence Committee of Parliamentarians,Secrétariat du Comité des parlementaires sur la sécurité nationale et le renseignement,SNSICP,SCPSNR,345,192,Secretariat of the National Security and Intelligence Committee of Parliamentarians,snsicp-scpssnr,NSI,NSI00,https://www.nsicop-cpsnr.ca/index-en.html,https://www.nsicop-cpsnr.ca/index-fr.html,Secretariat of the National Security and Intelligence Committee of Parliamentarians,Secrétariat du Comité des parlementaires sur la sécurité nationale et le renseignement,Secrétariat du Comité des parlementaires sur la sécurité nationale et le renseignement,1.1,Secretariat of the National Security and Intelligence Committee of Parliamentarians,0,Secretariat of the National Security and Intelligence Committee of Parliamentarians,Secretariat of the National Security and Intelligence Committee of Parliamentarians,Secrétariat du Comité des parlementaires sur la sécurité nationale et le renseignement,Secretariat of the National Security and Intelligence Committee of Parliamentarians,345.0,Secretariat of the National Security and Intelligence Committee of Parliamentarians
2296,Leaders' Debates Commission,Commission des débats des chefs,,,350,193,,,LDC,LDC00,https://www.debates-debats.ca/en/,https://www.debates-debats.ca/fr/,Leaders' Debates Commission,Commission des débats des chefs,Commission des débats des chefs,1.1,Leaders' Debates Commission,0,Leaders' Debates Commission,,,Leaders' Debates Commission,350.0,Leaders' Debates Commission
2297,Administrative Tribunals Support Service of Canada,Service canadien d'appui aux tribunaux administratifs,ATSSC,SCDATA,539,170,Administrative Tribunals Support Service of Canada,atssc-scdata,ATS,ATS00,www.canada.ca/en/administrative-tribunals-support-service.html,www.canada.ca/fr/service-canadien-appui-tribunaux-administratifs.html,Administrative Tribunals Support Service of Canada,Service canadien d'appui aux tribunaux administratifs,Service canadien d'appui aux tribunaux administratifs,1.1,Administrative Tribunals Support Service of Canada,0,Administrative Tribunals Support Service of Canada,Administrative Tribunals Support Service of Canada,Service canadien d'appui aux tribunaux administratifs,Administrative Tribunals Support Service of Canada,539.0,Administrative Tribunals Support Service of Canada
2298,Pacific Economic Development Canada,Développement économique Canada pour le Pacifique,PacifiCan,PacifiCan,560,240,Pacific Economic Development Canada (PacifiCan),pacifican,PED,,https://www.canada.ca/en/pacific-economic-development.html,https://www.canada.ca/fr/developpement-economique-pacifique.html,Pacific Economic Development Agency of Canada,Agence de développement économique du Pacifique Canada,Agence de développement économique du Pacifique Canada,1.1,Pacific Economic Development Agency of Canada,0,Pacific Economic Development Agency of Canada,Pacific Economic Development Canada,Développement économique Canada pour le Pacifique,Pacific Economic Development Agency of Canada,560.0,Pacific Economic Development Canada
2299,Federal Economic Development Agency for Northern Ontario,Agence fédérale de développement économique pour le Nord de l'Ontario,FedNor,FedNor,561,200,Federal Economic Development Agency for Northern Ontario,fednor,NOR,,http://fednor.gc.ca/eic/site/fednor-fednor.nsf/eng/home,http://fednor.gc.ca/eic/site/fednor-fednor.nsf/fra/accueil,Federal Economic Development Agency for Northern Ontario,Agence fédérale de développement économique pour le Nord de l'Ontario,Agence fédérale de développement économique pour le Nord de l'Ontario,1.1,Federal Economic Development Agency for Northern Ontario,0,Federal Economic Development Agency for Northern Ontario,Federal Economic Development Agency for Northern Ontario,Agence fédérale de développement économique pour le Nord de l'Ontario,Federal Economic Development Agency for Northern Ontario,561.0,Federal Economic Development Agency for Northern Ontario
2300,Canada Border Services Agency,Agence des services frontaliers du Canada,CBSA,ASFC,26,85,Canada Border Services Agency,cbsa-asfc,BSF,BSF00,www.cbsa.gc.ca,www.asfc.gc.ca,Canada Border Services Agency,Agence des services frontaliers du Canada,Agence des services frontaliers du Canada,2,Canada Border Services Agency,0,Canada Border Services Agency,Canada Border Services Agency,Agence des services frontaliers du Canada,Canada Border Services Agency,26.0,Canada Border Services Agency
2301,Canada Emission Reduction Incentives Agency,Agence canadienne pour l'incitation à la réduction des émissions,,,32,,,ceria-acire,RED,,,,Canada Emission Reduction Incentives Agency,Agence canadienne pour l'incitation à la réduction des émissions,Agence canadienne pour l'incitation à la réduction des émissions,2,Canada Emission Reduction Incentives Agency,0,Canada Emission Reduction Incentives Agency,,,Canada Emission Reduction Incentives Agency,32.0,Canada Emission Reduction Incentives Agency
2302,Canada Employment Insurance Commission,Commission de l'assurance-emploi du Canada,CEIC,CAEC,33,,,ceic-caec,CEI,,www.esdc.gc.ca/eng/jobs/ei/commission/index.shtml,www.edsc.gc.ca/fra/emplois/ae/commission/index.shtml,Canada Employment Insurance Commission,Commission de l'assurance-emploi du Canada,Commission de l'assurance-emploi du Canada,2,Canada Employment Insurance Commission,0,Canada Employment Insurance Commission,Canada Employment Insurance Commission,Commission de l'assurance-emploi du Canada,Canada Employment Insurance Commission,33.0,Canada Employment Insurance Commission
2303,Canada Revenue Agency,Agence du revenu du Canada,CRA,ARC,46,130,Canada Revenue Agency,cra-arc,NAR,NAR00,www.canada.ca/en/revenue-agency.html,www.canada.ca/fr/agence-revenu.html,Canada Revenue Agency,Agence du revenu du Canada,Agence du revenu du Canada,2,Canada Revenue Agency,0,Canada Revenue Agency,,,Canada Revenue Agency,46.0,Canada Revenue Agency
2304,Canada School of Public Service,École de la fonction publique du Canada,CSPS,EFPC,47,52,Canada School of Public Service,csps-efpc,CES,CES00,www.csps-efpc.gc.ca,www.csps-efpc.gc.ca,Canada School of Public Service,École de la fonction publique du Canada,École de la fonction publique du Canada,2,Canada School of Public Service,0,Canada School of Public Service,Canada School of Public Service,École de la fonction publique du Canada,Canada School of Public Service,47.0,Canada School of Public Service
2305,Canadian Centre for Occupational Health and Safety,Centre canadien d'hygiène et de sécurité au travail,CCOHS,CCHST,55,100,Canadian Centre for Occupational Health and Safety,ccohs-cchst,OCC,OCC00,www.ccohs.ca,www.cchst.ca,Canadian Centre for Occupational Health and Safety,Centre canadien d'hygiène et de sécurité au travail,Centre canadien d'hygiène et de sécurité au travail,2,Canadian Centre for Occupational Health and Safety,0,Canadian Centre for Occupational Health and Safety,,,Canadian Centre for Occupational Health and Safety,55.0,Canadian Centre for Occupational Health and Safety
2306,Canadian Food Inspection Agency,Agence canadienne d'inspection des aliments,CFIA,ACIA,65,136,Canadian Food Inspection Agency,cfia-acia,ICA,ICA00,www.inspection.gc.ca,www.inspection.gc.ca,Canadian Food Inspection Agency,Agence canadienne d'inspection des aliments,Agence canadienne d'inspection des aliments,2,Canadian Food Inspection Agency,0,Canadian Food Inspection Agency,Canadian Food Inspection Agency,Agence canadienne d'inspection des aliments,Canadian Food Inspection Agency,65.0,Canadian Food Inspection Agency
2307,Canadian Institutes of Health Research,Instituts de recherche en santé du Canada,CIHR,IRSC,74,61,Canadian Institutes of Health Research,cihr-irsc,CRI,CRI00,www.cihr-irsc.gc.ca,www.irsc-cihr.gc.ca,Canadian Institutes of Health Research,Instituts de recherche en santé du Canada,Instituts de recherche en santé du Canada,2,Canadian Institutes of Health Research,0,Canadian Institutes of Health Research,,,Canadian Institutes of Health Research,74.0,Canadian Institutes of Health Research
2308,Canadian Nuclear Safety Commission,Commission canadienne de sûreté nucléaire,CNSC,CCSN,87,47,Canadian Nuclear Safety Commission,cnsc-ccsn,CSN,CSN00,https://www.cnsc-ccsn.gc.ca/eng/,https://www.cnsc-ccsn.gc.ca/fra/,Canadian Nuclear Safety Commission,Commission canadienne de sûreté nucléaire,Commission canadienne de sûreté nucléaire,2,Canadian Nuclear Safety Commission,0,Canadian Nuclear Safety Commission,Canadian Nuclear Safety Commission,Commission canadienne de sûreté nucléaire,Canadian Nuclear Safety Commission,87.0,Canadian Nuclear Safety Commission
2309,Transportation Safety Board of Canada,Bureau de la sécurité des transports du Canada,TSB,BST,98,101,Transportation Safety Board of Canada,tsb-bst,TSB,TSB00,www.tsb-bst.gc.ca,www.bst-tsb.gc.ca,Canadian Transportation Accident Investigation and Safety Board,Bureau canadien d'enquête sur les accidents de transport et de la sécurité des transports,Bureau canadien d'enquête sur les accidents de transport et de la sécurité des transports,2,Canadian Transportation Accident Investigation and Safety Board,0,Canadian Transportation Accident Investigation and Safety Board,Transportation Safety Board of Canada,Bureau de la sécurité des transports du Canada,Canadian Transportation Accident Investigation and Safety Board,98.0,Transportation Safety Board of Canada
2310,Law Commission of Canada,Commission du droit du Canada,,,198,131,,org231,CLD,CLD00,,,Law Commission of Canada,Commission du droit du Canada,Commission du droit du Canada,2,Law Commission of Canada,0,Law Commission of Canada,Law Commission of Canada,Commission du droit du Canada,Law Commission of Canada,198.0,Law Commission of Canada
2311,The National Battlefields Commission,Commission des champs de bataille nationaux,NBC,CCBN,218,102,The National Battlefields Commission,nbc-ccbn,NBC,NBC00,www.ccbn-nbc.gc.ca,www.ccbn-nbc.gc.ca,The National Battlefields Commission,Commission des champs de bataille nationaux,Commission des champs de bataille nationaux,2,The National Battlefields Commission,0,The National Battlefields Commission,The National Battlefields Commission,Commission des champs de bataille nationaux,The National Battlefields Commission,218.0,The National Battlefields Commission
2312,Canada Energy Regulator,Régie de l'énergie du Canada,CER,REC,221,195,National Energy Board,cer-rec,ERG,ENR00,https://www.cer-rec.gc.ca/index-eng.html,https://www.cer-rec.gc.ca/index-fra.html,Canadian Energy Regulator,Régie canadienne de l'énergie,Régie canadienne de l'énergie,2,Canadian Energy Regulator,0,Canadian Energy Regulator,Canada Energy Regulator,Régie de l'énergie du Canada,Canadian Energy Regulator,221.0,Canada Energy Regulator
2313,National Research Council Canada,Conseil national de recherches Canada,NRC,CNRC,228,35,National Research Council of Canada,nrc-cnrc,NRC,NRC00,https://nrc.canada.ca/en,https://nrc.canada.ca/fr,National Research Council of Canada,Conseil national de recherches du Canada,Conseil national de recherches du Canada,2,National Research Council of Canada,0,National Research Council of Canada,National Research Council Canada,Conseil national de recherches Canada,National Research Council of Canada,228.0,National Research Council Canada
2314,Natural Sciences and Engineering Research Council of Canada,Conseil de recherches en sciences naturelles et en génie du Canada,NSERC,CRSNG,230,27,Natural Sciences and Engineering Research Council of Canada,nserc-crsng,NSE,NSE00,www.nserc-crsng.gc.ca,www.nserc-crsng.gc.ca,Natural Sciences and Engineering Research Council,Conseil de recherches en sciences naturelles et en génie,Conseil de recherches en sciences naturelles et en génie,2,Natural Sciences and Engineering Research Council,0,Natural Sciences and Engineering Research Council,Natural Sciences and Engineering Research Council of Canada,Conseil de recherches en sciences naturelles et en génie du Canada,Natural Sciences and Engineering Research Council,230.0,Natural Sciences and Engineering Research Council of Canada
2315,Parks Canada,Parcs Canada,PC,PC,263,124,Parks Canada Agency,pc,CAP,CAP00,www.pc.gc.ca,www.pc.gc.ca,Parks Canada Agency,Agence Parcs Canada,Agence Parcs Canada,2,Parks Canada Agency,0,Parks Canada Agency,Parks Canada,Parcs Canada,Parks Canada Agency,263.0,Parks Canada
2316,Social Sciences and Humanities Research Council of Canada,Conseil de recherches en sciences humaines du Canada,SSHRC,CRSH,306,63,Social Sciences and Humanities Research Council,sshrc-crsh,SSH,SSH00,www.sshrc-crsh.gc.ca,www.sshrc-crsh.gc.ca,Social Sciences and Humanities Research Council,Conseil de recherches en sciences humaines,Conseil de recherches en sciences humaines,2,Social Sciences and Humanities Research Council,0,Social Sciences and Humanities Research Council,Social Sciences and Humanities Research Council of Canada,Conseil de recherches en sciences humaines du Canada,Social Sciences and Humanities Research Council,306.0,Social Sciences and Humanities Research Council of Canada
2317,Invest in Canada Hub,Investir au Canada,,,347,180,Invest in Canada,iic-iac,ICH,,,,Invest in Canada Hub,Investir au Canada,Investir au Canada,2,Invest in Canada Hub,0,Invest in Canada Hub,,,Invest in Canada Hub,347.0,Invest in Canada Hub
2318,Polar Knowledge Canada,Savoir polaire Canada,POLAR,POLAIRE,552,171,Polar Knowledge Canada,polar-polaire,CHR,CHR00,www.canada.ca/en/polar-knowledge.html,www.canada.ca/fr/savoir-polaire.html,Canadian High Arctic Research Station,Station canadienne de recherche dans l'Extrême-Arctique,Station canadienne de recherche dans l'Extrême-Arctique,2,Canadian High Arctic Research Station,0,Canadian High Arctic Research Station,Polar Knowledge Canada,Savoir polaire Canada,Canadian High Arctic Research Station,552.0,Polar Knowledge Canada
2319,Accessibility Standards Canada,Normes d'accessibilité Canada,ASC,NAC,558,199,Canadian Accessibility Standards Development Organization,casdo-ocena,CAQ,CAQ00,https://accessible.canada.ca/,https://accessibilite.canada.ca/,Canadian Accessibility Standards Development Organization,Organisation canadienne d'élaboration de normes d'accessibilité,Organisation canadienne d'élaboration de normes d'accessibilité,2,Canadian Accessibility Standards Development Organization,0,Canadian Accessibility Standards Development Organization,Accessibility Standards Canada,Normes d'accessibilité Canada,Canadian Accessibility Standards Development Organization,558.0,Accessibility Standards Canada
2396,Canadian Radio-television and Telecommunications Commission,Conseil de la radiodiffusion et des télécommunications canadiennes,CRTC,CRTC,93,16,Canadian Radio-television and Telecommunications Commission,crtc,RTC,RTC00,www.crtc.gc.ca,www.crtc.gc.ca,Canadian Radio-television and Telecommunications Commission,Conseil de la radiodiffusion et des télécommunications canadiennes,Conseil de la radiodiffusion et des télécommunications canadiennes,1.1,Canadian Radio-television and Telecommunications Commission,0,Canadian Radio-television and Telecommunications Commission,Canadian Radio-television and Telecommunications Commission,Conseil de la radiodiffusion et des télécommunications canadiennes,Canadian Radio-television and Telecommunications Commission,93.0,Canadian Radio-television and Telecommunications Commission
3399,African Development Bank,Banque africaine de développement,,,7,,,,,,www.afdb.org,www.afdb.org,African Development Bank,Banque africaine de développement,,,,0,,,,African Development Bank,7.0,African Development Bank
3400,Asian Development Bank,Banque asiatique de développement,,,8,,,,,,www.adb.org,www.adb.org,Asian Development Bank,Banque asiatique de développement,,,,0,,,,Asian Development Bank,8.0,Asian Development Bank
3401,Caribbean Development Bank,Banque de développement des Caraïbes,,,103,,,,,,www.caribank.org,www.caribank.org,Caribbean Development Bank,Banque de développement des Caraïbes,,,,0,,,,Caribbean Development Bank,103.0,Caribbean Development Bank
3402,European Bank for Reconstruction and Development,Banque européenne pour la reconstruction et le développement,,,145,,,,,,www.ebrd.com,www.ebrd.com,European Bank for Reconstruction and Development,Banque européenne pour la reconstruction et le développement,,,,0,,,,European Bank for Reconstruction and Development,145.0,European Bank for Reconstruction and Development
3403,Inter-American Development Bank,Banque interaméricaine de développement,,,181,,,,,,www.iadb.org,www.iadb.org,Inter-American Development Bank,Banque interaméricaine de développement,,,,0,,,,Inter-American Development Bank,181.0,Inter-American Development Bank
3404,International Bank for Reconstruction and Development,Banque internationale pour la reconstruction et le développement,,,183,,,,,,www.worldbank.org,www.banquemondiale.org,International Bank for Reconstruction and Development,Banque internationale pour la reconstruction et le développement,,,,0,,,,International Bank for Reconstruction and Development,183.0,International Bank for Reconstruction and Development
3405,International Development Association,Association internationale de développement,,,185,,,,,,www.worldbank.org,www.banquemondiale.org,International Development Association,Association internationale de développement,,,,0,,,,International Development Association,185.0,International Development Association
3406,International Finance Corporation,Société financière internationale,,,187,,,,,,www.ifc.org,www.ifc.org,International Finance Corporation,Société financière internationale,,,,0,,,,International Finance Corporation,187.0,International Finance Corporation
3407,International Joint Commission (Canadian Section),Commission mixte internationale (section canadienne),,,189,24,,,IJC,,www.ijc.org,www.ijc.org,International Joint Commission (Canadian Section),Commission mixte internationale (section canadienne),Commission mixte internationale (section canadienne),4,International Joint Commission (Canadian Section),0,,,,International Joint Commission (Canadian Section),189.0,International Joint Commission (Canadian Section)
3408,International Lake Memphremagog Levels Board,Commission internationale du lac Memphrémagog,,,190,,,,,,,,International Lake Memphremagog Levels Board,Commission internationale du lac Memphrémagog,,,,0,,,,International Lake Memphremagog Levels Board,190.0,International Lake Memphremagog Levels Board
3409,International Lake of the Woods Control Board,Conseil international de contrôle du lac des Bois,,,191,,,,,,ijc.org/en/ilwcb,ijc.org/fr/ilwcb,International Lake of the Woods Control Board,Conseil international de contrôle du lac des Bois,,,,0,,,,International Lake of the Woods Control Board,191.0,International Lake of the Woods Control Board
3410,International Monetary Fund,Fonds monétaire international,,,192,,,,,,www.imf.org,www.imf.org,International Monetary Fund,Fonds monétaire international,,,,0,,,,International Monetary Fund,192.0,International Monetary Fund
3411,Multilateral Investment Guarantee Agency,Agence multilatérale de garantie des investissements,,,213,,,,,,www.miga.org,www.miga.org,Multilateral Investment Guarantee Agency,Agence multilatérale de garantie des investissements,,,,0,,,,Multilateral Investment Guarantee Agency,213.0,Multilateral Investment Guarantee Agency
3412,Joint Public Advisory Committee (JPAC) of the Commission for Environmental Cooperation (CEC),Comité consultatif public mixte (CCPM) de la Commission de coopération environnementale (CCE),,,233,,,,,,www.cec.org,www.cec.org,Joint Public Advisory Committee (JPAC) of the Commission for Environmental Cooperation (CEC),Comité consultatif public mixte (CCPM) de la Commission de coopération environnementale (CCE),,,,0,,,,Joint Public Advisory Committee (JPAC) of the Commission for Environmental Cooperation (CEC),233.0,Joint Public Advisory Committee (JPAC) of the Commission for Environmental Cooperation (CEC)
3413,World Anti-Doping Agency,Agence mondiale antidopage,,,341,,,,,,www.wada-ama.org/en,www.wada-ama.org/fr,World Anti-Doping Agency,Agence mondiale antidopage,,,,0,,,,World Anti-Doping Agency,341.0,World Anti-Doping Agency
3414,Asian Infrastructure Investment Bank,Banque asiatique d'investissement dans les infrastructures,,,351,,,,,,www.aiib.org,www.aiib.org,Asian Infrastructure Investment Bank,Banque asiatique d'investissement dans les infrastructures,,,,0,,,,Asian Infrastructure Investment Bank,351.0,Asian Infrastructure Investment Bank
3415,Lower Churchill Development Corporation Limited,Lower Churchill Development Corporation Limited,,,201,,,,,,,,Lower Churchill Development Corporation Limited,Lower Churchill Development Corporation Limited,,,,0,,,,Lower Churchill Development Corporation Limited,201.0,Lower Churchill Development Corporation Limited
3416,North Portage Development Corporation (operating as The Forks North Portage Partnership),North Portage Development Corporation (exploitée sous le nom de The Forks North Portage Partnership),,,234,,,,,,https://www.theforks.com/about/partnership,https://www.theforks.com/about/partnership,North Portage Development Corporation (operating as The Forks North Portage Partnership),North Portage Development Corporation (exploitée sous le nom de The Forks North Portage Partnership),,,,0,,,,North Portage Development Corporation (operating as The Forks North Portage Partnership),234.0,North Portage Development Corporation (operating as The Forks North Portage Partnership)
3417,Communication Canada,Communication Canada,,,108,,,,CIO,,,,Communication Canada,Communication Canada,Communication Canada,4,Communication Canada,0,,,,Communication Canada,108.0,Communication Canada
3418,Office of the Superintendent of Bankruptcy,Bureau du surintendant des faillites,,,252,,,,OSB,,,,Office of the Superintendent of Bankruptcy,Bureau du surintendant des faillites,Bureau du surintendant des faillites,4,Office of the Superintendent of Bankruptcy,0,,,,Office of the Superintendent of Bankruptcy,252.0,Office of the Superintendent of Bankruptcy Canada
3419,Prairie Farm Rehabilitation Administration,Administration du rétablissement agricole des Prairies,,,273,,,,REA,,,,Prairie Farm Rehabilitation Administration,Administration du rétablissement agricole des Prairies,Administration du rétablissement agricole des Prairies,4,Prairie Farm Rehabilitation Administration,0,,,,Prairie Farm Rehabilitation Administration,273.0,Prairie Farm Rehabilitation Administration
3420,Commissioner of Canada Election,Commissaire aux élections fédérales,,,342,,,occe-bcef,OCE,,,,Commissioner of Canada Election,Commissaire aux élections fédérales,,,,0,,,,Commissioner of Canada Election,342.0,Commissioner of Canada Election
3421,Canada Investment and Savings,Placements Épargne Canada,,,538,,,,,,,,Canada Investment and Savings,Placements Épargne Canada,Placements Épargne Canada,5,Canada Investment and Savings,0,,,,Canada Investment and Savings,538.0,Canada Investment and Savings
3422,Director of Soldier Settlement,Directeur de l'établissement de soldats,,,541,,,,SST,,,,Director of Soldier Settlement,Directeur de l'établissement de soldats,Directeur de l'établissement de soldats,4,Director of Soldier Settlement,0,,,,Director of Soldier Settlement,541.0,Director of Soldier Settlement
3423,"The Director, The Veterans' Land Act",Directeur des terres destinées aux anciens combattants,,,542,,,,DVL,,,,"The Director, The Veterans' Land Act",Directeur des terres destinées aux anciens combattants,Directeur des terres destinées aux anciens combattants,4,"The Director, The Veterans' Land Act",0,,,,"The Director, The Veterans' Land Act",542.0,"The Director, The Veterans' Land Act"
3424,Energy Supplies Allocation Board,Office de répartition des approvisionnements d'énergie,,,543,,,esab-orad,ESR,,,,Energy Supplies Allocation Board,Office de répartition des approvisionnements d'énergie,Office de répartition des approvisionnements d'énergie,4,Energy Supplies Allocation Board,0,,,,Energy Supplies Allocation Board,543.0,Energy Supplies Allocation Board
3425,"Staff of the Non-Public Funds, Canadian Forces","Personnel des fonds non publics, Forces canadiennes",,,545,,,,FPF,,,,"Staff of the Non-Public Funds, Canadian Forces","Personnel des fonds non publics, Forces canadiennes","Personnel des fonds non publics, Forces canadiennes",5,"Staff of the Non-Public Funds, Canadian Forces",0,,,,"Staff of the Non-Public Funds, Canadian Forces",545.0,"Staff of the Non-Public Funds, Canadian Forces"
3426,Statistics Survey Operations,Opérations des enquêtes statistiques,,,553,,,,SYT,,,,Statistics Survey Operations,Opérations des enquêtes statistiques,,,,0,,,,Statistics Survey Operations,553.0,Statistics Survey Operations
3427,Federal Judges not part of any department,Juges fédéraux ne faisant pas partie d'un ministère,,,555,,,,,,,,Federal Judges not part of any department,Juges fédéraux ne faisant pas partie d'un ministère,,,,0,,,,Federal Judges not part of any department,555.0,Federal Judges not part of any department
3428,House of Commons,Chambre des communes,,,2,67,,hoc-cdc,HOC,,www.parl.gc.ca,www.parl.gc.ca,House of Commons,Chambre des communes,,,,0,,,,House of Commons,2.0,House of Commons
3429,Library of Parliament,Bibliothèque du Parlement,,,200,17,,lp-bp,LIB,,www.parl.gc.ca/About/Library/VirtualLibrary,www.parl.gc.ca/About/Library/VirtualLibrary,Library of Parliament,Bibliothèque du Parlement,,,,0,,,,Library of Parliament,200.0,Library of Parliament
3430,Office of the Conflict of Interest and Ethics Commissioner,Commissariat aux conflits d'intérêts et à l'éthique,,,245,147,,,CIE,,ciec-ccie.parl.gc.ca/EN/Pages/default.aspx,ciec-ccie.parl.gc.ca/FR/Pages/default.aspx,Office of the Conflict of Interest and Ethics Commissioner,Commissariat aux conflits d'intérêts et à l'éthique,,,,0,,,,Office of the Conflict of Interest and Ethics Commissioner,245.0,Office of the Conflict of Interest and Ethics Commissioner
3431,Senate Ethics Officer,Conseiller sénatorial en éthique,,,251,,,,ESN,,sen.parl.gc.ca/seo-cse/eng/Home-e.html,sen.parl.gc.ca/seo-cse/fr/Home-f.html,Senate Ethics Officer,Conseiller sénatorial en éthique,,,,0,,,,Senate Ethics Officer,251.0,Senate Ethics Officer
3432,Senate,Sénat,,,303,9,,,SEN,,www.parl.gc.ca,www.parl.gc.ca,Senate,Sénat,,,,0,,,,Senate,303.0,Senate
3433,Office of the Parliamentary Budget Officer,Bureau du directeur parlementaire du budget,,,346,183,,,PBO,,www.pbo-dpb.gc.ca/en/,www.pbo-dpb.gc.ca/fr/,Office of the Parliamentary Budget Officer,Bureau du directeur parlementaire du budget,,,,0,,,,Office of the Parliamentary Budget Officer,346.0,Office of the Parliamentary Budget Officer
3434,Parliamentary Protective Service,Service de protection parlementaire,,,554,176,,,PPS,,,,Parliamentary Protective Service,Service de protection parlementaire,,,,0,,,,Parliamentary Protective Service,554.0,Parliamentary Protective Service
3435,Aéroport de Québec Inc.,Aéroport de Québec Inc.,,,5,,,,,,www.aeroportdequebec.com,www.aeroportdequebec.com,Aéroport de Québec Inc.,Aéroport de Québec Inc.,,,,0,,,,Aéroport de Québec Inc.,5.0,Aéroport de Québec Inc.
3436,Aéroports de Montréal,Aéroports de Montréal,,,6,,,,,,www.admtl.com,www.admtl.com,Aéroports de Montréal,Aéroports de Montréal,,,,0,,,,Aéroports de Montréal,6.0,Aéroports de Montréal
3437,Asia-Pacific Foundation of Canada,Fondation Asie-Pacifique du Canada,,,9,,Asia Pacific Foundation of Canada,apfc-fapc,,,www.asiapacific.ca,www.asiapacific.ca,Asia-Pacific Foundation of Canada,Fondation Asie-Pacifique du Canada,,,,0,,,,Asia-Pacific Foundation of Canada,9.0,Asia-Pacific Foundation of Canada
3438,Association of Canada Lands Surveyors,Association des Arpenteurs des Terres du Canada,,,11,,,,,,www.acls-aatc.ca,www.acls-aatc.ca,Association of Canada Lands Surveyors,Association des Arpenteurs des Terres du Canada,,,,0,,,,Association of Canada Lands Surveyors,11.0,Association of Canada Lands Surveyors
3439,Belledune Port Authority,Administration portuaire de Belledune,,,16,,Belledune Port Authority,pb,,,www.portofbelledune.ca,www.portofbelledune.ca,Belledune Port Authority,Administration portuaire de Belledune,,,,0,,,,Belledune Port Authority,16.0,Belledune Port Authority
3440,Buffalo and Fort Erie Public Bridge Authority,Buffalo and Fort Erie Public Bridge Authority,,,19,,,,,,www.peacebridge.com,www.peacebridge.com,Buffalo and Fort Erie Public Bridge Authority,Buffalo and Fort Erie Public Bridge Authority,,,,0,,,,Buffalo and Fort Erie Public Bridge Authority,19.0,Buffalo and Fort Erie Public Bridge Authority
3441,Calgary Airport Authority,Administration aéroportuaire de Calgary,,,21,,,,,,www.yyc.com,www.yyc.com,Calgary Airport Authority,Administration aéroportuaire de Calgary,,,,0,,,,Calgary Airport Authority,21.0,Calgary Airport Authority
3442,WinSport,WinSport,,,22,,,,,,www.winsport.ca,www.winsport.ca,WinSport,WinSport,,,,0,,,,WinSport,22.0,WinSport
3443,Canada Foundation for Innovation,Fondation canadienne pour l'innovation,,,35,,Canada Foundation for Innovation,innovation,,,www.innovation.ca,www.innovation.ca,Canada Foundation for Innovation,Fondation canadienne pour l'innovation,,,,0,,,,Canada Foundation for Innovation,35.0,Canada Foundation for Innovation
3444,Canada Foundation for Sustainable Development Technology,Fondation du Canada pour l'appui technologique au développement durable,,,36,,Sustainable Development Technology Canada,,,,www.sdtc.ca,www.sdtc.ca,Canada Foundation for Sustainable Development Technology,Fondation du Canada pour l'appui technologique au développement durable,,,,0,,,,Canada Foundation for Sustainable Development Technology,36.0,Canada Foundation for Sustainable Development Technology
3445,Canada Games Council,Conseil des Jeux du Canada,,,37,,,,,,www.canadagames.ca,www.canadagames.ca,Canada Games Council,Conseil des Jeux du Canada,,,,0,,,,Canada Games Council,37.0,Canada Games Council
3446,Canada Health Infoway Inc.,Inforoute Santé du Canada Inc.,,,38,,,,,,www.infoway-inforoute.ca,www.infoway-inforoute.ca,Canada Health Infoway Inc.,Inforoute Santé du Canada Inc.,,,,0,,,,Canada Health Infoway Inc.,38.0,Canada Health Infoway Inc.
3447,Canada Media Fund,Fonds des médias du Canada,,,41,,,,,,www.cmf-fmc.ca,www.cmf-fmc.ca,Canada Media Fund,Fonds des médias du Canada,,,,0,,,,Canada Media Fund,41.0,Canada Media Fund
3448,Canada-Newfoundland and Labrador Offshore Petroleum Board,Office Canada-Terre-Neuve-et-Labrador des hydrocarbures extracôtiers,,,48,,Canada-Newfoundland and Labrador Offshore Petroleum Board,cnlopb,CFO,,www.cnlopb.ca,www.ctnlohe.ca,Canada-Newfoundland and Labrador Offshore Petroleum Board,Office Canada-Terre-Neuve-et-Labrador des hydrocarbures extracôtiers,,,,0,,,,Canada-Newfoundland and Labrador Offshore Petroleum Board,48.0,Canada-Newfoundland and Labrador Offshore Petroleum Board
3449,Canada-Nova Scotia Offshore Energy Regulator,Régie Canada-Nouvelle-Écosse de l'énergie extracôtière,,,49,,Canada-Nova-Scotia Offshore Petroleum Board,,CNO,,www.cnsopb.ns.ca,www.ocnehe.ca,Canada-Nova Scotia Offshore Energy Regulator,Régie Canada-Nouvelle-Écosse de l'énergie extracôtière,,,,0,,,,Canada-Nova Scotia Offshore Energy Regulator,49.0,Canada-Nova Scotia Offshore Petroleum Board
3450,Canadian Agency for Drugs and Technologies in Health (CADTH),Agence canadienne des médicaments et des technologies de la santé (ACMTS),,,50,,,,,,www.cadth.ca,www.cadth.ca/fr,Canadian Agency for Drugs and Technologies in Health (CADTH),Agence canadienne des médicaments et des technologies de la santé (ACMTS),,,,0,,,,Canadian Agency for Drugs and Technologies in Health (CADTH),50.0,Canadian Agency for Drugs and Technologies in Health (CADTH)
3451,Canadian Centre on Substance Use and Addictions,Centre canadien sur les dépendances et l'usage de substances,,,56,,,,,,www.ccsa.ca,www.ccsa.ca,Canadian Centre on Substance Use and Addictions,Centre canadien sur les dépendances et l'usage de substances,,,,0,,,,Canadian Centre on Substance Use and Addictions,56.0,Canadian Centre on Substance Use and Addictions
3452,Canadian Energy Research Institute,Canadian Energy Research Institute,,,62,,,,,,www.ceri.ca,www.ceri.ca,Canadian Energy Research Institute,Canadian Energy Research Institute,,,,0,,,,Canadian Energy Research Institute,62.0,Canadian Energy Research Institute
3453,Canadian Institute for Health Information (CIHI),Institut canadien d'information sur la santé (ICIS),,,73,,,,,,www.cihi.ca,www.icis.ca,Canadian Institute for Health Information (CIHI),Institut canadien d'information sur la santé (ICIS),,,,0,,,,Canadian Institute for Health Information (CIHI),73.0,Canadian Institute for Health Information (CIHI)
3454,Canadian Livestock Records Corporation,Société canadienne d'enregistrement des animaux,,,80,,,,,,www.clrc.ca,www.clrc.ca,Canadian Livestock Records Corporation,Société canadienne d'enregistrement des animaux,,,,0,,,,Canadian Livestock Records Corporation,80.0,Canadian Livestock Records Corporation
3455,Canadian Partnership Against Cancer Corporation (CPAC),Partenariat canadien contre le cancer (PCC),,,89,,,,,,www.partnershipagainstcancer.ca,www.partenariatcontrelecancer.ca/fr,Canadian Partnership Against Cancer Corporation (CPAC),Partenariat canadien contre le cancer (PCC),,,,0,,,,Canadian Partnership Against Cancer Corporation (CPAC),89.0,Canadian Partnership Against Cancer Corporation (CPAC)
3456,Canadian Patient Safety Institute (CPSI),Institut canadien pour la sécurité des patients (ICSP),,,90,,,,,,www.patientsafetyinstitute.ca/English/Pages/default.aspx,www.patientsafetyinstitute.ca/french/pages/default.aspx,Canadian Patient Safety Institute (CPSI),Institut canadien pour la sécurité des patients (ICSP),,,,0,,,,Canadian Patient Safety Institute (CPSI),90.0,Canadian Patient Safety Institute (CPSI)
3457,Canadian Sport Institute Ontario,Institut canadien du sport Ontario,,,96,,,,,,www.csiontario.ca/home,www.csiontario.ca/home/fr,Canadian Sport Institute Ontario,Institut canadien du sport Ontario,,,,0,,,,Canadian Sport Institute Ontario,96.0,Canadian Sport Institute Ontario
3458,Charlottetown Airport Authority Inc.,Charlottetown Airport Authority Inc.,,,105,,,,,,www.flypei.com,www.flypei.com,Charlottetown Airport Authority Inc.,Charlottetown Airport Authority Inc.,,,,0,,,,Charlottetown Airport Authority Inc.,105.0,Charlottetown Airport Authority Inc.
3459,Coaching Association of Canada,Association canadienne des entraîneurs,,,107,,,,,,www.coach.ca,www.coach.ca,Coaching Association of Canada,Association canadienne des entraîneurs,,,,0,,,,Coaching Association of Canada,107.0,Coaching Association of Canada
3461,Edmonton Regional Airports Authority,Edmonton Regional Airports Authority,,,142,,,,,,www.flyeia.com,www.flyeia.com,Edmonton Regional Airports Authority,Edmonton Regional Airports Authority,,,,0,,,,Edmonton Regional Airports Authority,142.0,Edmonton Regional Airports Authority
3462,Fredericton International Airport Authority Inc.,Fredericton International Airport Authority Inc.,,,156,,,,,,www.frederictonairport.ca,www.frederictonairport.ca,Fredericton International Airport Authority Inc.,Fredericton International Airport Authority Inc.,,,,0,,,,Fredericton International Airport Authority Inc.,156.0,Fredericton International Airport Authority Inc.
3463,Gander International Airport Authority Inc.,Gander International Airport Authority Inc.,,,158,,,,,,www.ganderairport.com,www.ganderairport.com,Gander International Airport Authority Inc.,Gander International Airport Authority Inc.,,,,0,,,,Gander International Airport Authority Inc.,158.0,Gander International Airport Authority Inc.
3464,Greater London International Airport Authority,Greater London International Airport Authority,,,164,,,,,,www.flylondon.ca,www.flylondon.ca,Greater London International Airport Authority,Greater London International Airport Authority,,,,0,,,,Greater London International Airport Authority,164.0,Greater London International Airport Authority
3465,Greater Moncton International Airport Authority Inc.,Greater Moncton International Airport Authority Inc.,,,165,,,,,,www.cyqm.ca,www.cyqm.ca,Greater Moncton International Airport Authority Inc.,Greater Moncton International Airport Authority Inc.,,,,0,,,,Greater Moncton International Airport Authority Inc.,165.0,Greater Moncton International Airport Authority Inc.
3466,Greater Toronto Airports Authority,Autorité aéroportuaire du Grand Toronto,,,166,,,,,,www.torontopearson.com,www.torontopearson.com,Greater Toronto Airports Authority,Autorité aéroportuaire du Grand Toronto,,,,0,,,,Greater Toronto Airports Authority,166.0,Greater Toronto Airports Authority
3467,Halifax International Airport Authority,Administration de l'aéroport international d'Halifax,,,167,,,,,,www.hiaa.ca,www.hiaa.ca,Halifax International Airport Authority,Administration de l'aéroport international d'Halifax,,,,0,,,,Halifax International Airport Authority,167.0,Halifax International Airport Authority
3468,Halifax Port Authority,Administration portuaire d'Halifax,,,168,,Halifax Port Authority,halpa-aphal,,,www.portofhalifax.ca,www.portofhalifax.ca,Halifax Port Authority,Administration portuaire d'Halifax,,,,0,,,,Halifax Port Authority,168.0,Halifax Port Authority
3469,Hamilton Port Authority,Administration portuaire de Hamilton,,,169,,Hamilton-Oshawa Port Authority,hampa-apham,,,www.hamiltonport.ca,www.hamiltonport.ca,Hamilton Port Authority,Administration portuaire de Hamilton,,,,0,,,,Hamilton Port Authority,169.0,Hamilton Port Authority
3470,Institut national du sport du Québec,Institut national du sport du Québec,,,180,,,,,,www.insquebec.org,www.insquebec.org,Institut national du sport du Québec,Institut national du sport du Québec,,,,0,,,,Institut national du sport du Québec,180.0,Institut national du sport du Québec
3471,Internal Trade Secretariat Corporation,Corporation du Secrétariat du commerce intérieur,,,182,,,,,,www.cfta-alec.ca,www.cfta-alec.ca,Internal Trade Secretariat Corporation,Corporation du Secrétariat du commerce intérieur,,,,0,,,,Internal Trade Secretariat Corporation,182.0,Internal Trade Secretariat Corporation
3472,International Fisheries Commissions Pension Society,Société de caisse de retraite de la Commission internationale des pêcheries,,,188,,,,,,,,International Fisheries Commissions Pension Society,Société de caisse de retraite de la Commission internationale des pêcheries,,,,0,,,,International Fisheries Commissions Pension Society,188.0,International Fisheries Commissions Pension Society
3473,Lake of the Woods Control Board,Commission de contrôle du lac des Bois,,,195,,,,,,www.lwcb.ca,www.lwcb.ca,Lake of the Woods Control Board,Commission de contrôle du lac des Bois,,,,0,,,,Lake of the Woods Control Board,195.0,Lake of the Woods Control Board
3474,Maritime Forestry Complex Corporation,Société du complexe forestier des Maritimes,,,203,,,,,,www.gnb.ca/4532/index-e.asp,www.gnb.ca/4532/index-f.asp,Maritime Forestry Complex Corporation,Société du complexe forestier des Maritimes,,,,0,,,,Maritime Forestry Complex Corporation,203.0,Maritime Forestry Complex Corporation
3475,Mental Health Commission of Canada (MHCC),Commission de la santé mentale du Canada (CSMC),,,206,,,,,,www.mentalhealthcommission.ca,www.commissionsantementale.ca,Mental Health Commission of Canada (MHCC),Commission de la santé mentale du Canada (CSMC),,,,0,,,,Mental Health Commission of Canada (MHCC),206.0,Mental Health Commission of Canada (MHCC)
3476,Milit-Air Inc.,Milit-Air Inc.,,,208,,,,,,,,Milit-Air Inc.,Milit-Air Inc.,,,,0,,,,Milit-Air Inc.,208.0,Milit-Air Inc.
3477,Montréal Port Authority,Administration portuaire de Montréal,,,212,,Montreal Port Authority,mpa-apm,,,www.port-montreal.com,www.port-montreal.com,Montréal Port Authority,Administration portuaire de Montréal,,,,0,,,,Montréal Port Authority,212.0,Montréal Port Authority
3478,Nanaimo Port Authority,Administration portuaire de Nanaimo,,,214,,Nanaimo Port Authority,nnpa-apn,,,www.npa.ca,www.npa.ca,Nanaimo Port Authority,Administration portuaire de Nanaimo,,,,0,,,,Nanaimo Port Authority,214.0,Nanaimo Port Authority
3479,"Nature Trust of British Columbia, The","Nature Trust of British Columbia, The",,,231,,,,,,www.naturetrust.bc.ca,www.naturetrust.bc.ca,"Nature Trust of British Columbia, The","Nature Trust of British Columbia, The",,,,0,,,,"Nature Trust of British Columbia, The",231.0,"Nature Trust of British Columbia, The"
3480,NAV CANADA,NAV CANADA,,,232,,,,,,www.navcanada.ca,www.navcanada.ca,NAV CANADA,NAV CANADA,,,,0,,,,NAV CANADA,232.0,NAV CANADA
3481,Oshawa Port Authority,Administration portuaire d'Oshawa,,,258,,,opa-apd,,,www.portofoshawa.ca,www.portofoshawa.ca,Oshawa Port Authority,Administration portuaire d'Oshawa,,,,0,,,,Oshawa Port Authority,258.0,Oshawa Port Authority
3482,Ottawa International Airport Authority,Administration de l'aéroport international d'Ottawa,,,259,,,,,,www.yow.ca,www.yow.ca,Ottawa International Airport Authority,Administration de l'aéroport international d'Ottawa,,,,0,,,,Ottawa International Airport Authority,259.0,Ottawa International Airport Authority
3483,Ouranos Consortium,Consortium Ouranos,,,260,,,,,,www.ouranos.ca,www.ouranos.ca,Ouranos Consortium,Consortium Ouranos,,,,0,,,,Ouranos Consortium,260.0,Ouranos Consortium
3484,"Pierre Elliott Trudeau Foundation, The","Fondation Pierre Elliott Trudeau, La",,,269,,Pierre Eliott Trudeau Foundation,petf-fpet,,,www.trudeaufoundation.ca,www.fondationtrudeau.ca,"Pierre Elliott Trudeau Foundation, The","Fondation Pierre Elliott Trudeau, La",,,,0,,,,"Pierre Elliott Trudeau Foundation, The",269.0,"Pierre Elliott Trudeau Foundation, The"
3485,Porcupine Caribou Management Board,Porcupine Caribou Management Board,,,270,,,,,,www.pcmb.ca,www.pcmb.ca,Porcupine Caribou Management Board,Porcupine Caribou Management Board,,,,0,,,,Porcupine Caribou Management Board,270.0,Porcupine Caribou Management Board
3486,Port Alberni Port Authority,Administration portuaire de Port Alberni,,,271,,Port Alberni Port Authority,papa-appa,,,www.portalberniportauthority.ca,www.portalberniportauthority.ca,Port Alberni Port Authority,Administration portuaire de Port Alberni,,,,0,,,,Port Alberni Port Authority,271.0,Port Alberni Port Authority
3488,Prince George Airport Authority Inc.,Prince George Airport Authority Inc.,,,275,,,,,,www.pgairport.ca,www.pgairport.ca,Prince George Airport Authority Inc.,Prince George Airport Authority Inc.,,,,0,,,,Prince George Airport Authority Inc.,275.0,Prince George Airport Authority Inc.
3489,Prince Rupert Port Authority,Administration portuaire de Prince Rupert,,,276,,Prince Rupert Port Authority,prpa-appr,,,www.rupertport.com,www.rupertport.com,Prince Rupert Port Authority,Administration portuaire de Prince Rupert,,,,0,,,,Prince Rupert Port Authority,276.0,Prince Rupert Port Authority
3490,Québec Port Authority,Administration portuaire de Québec,,,286,,Quebec Port Authority,qpa-apq,,,www.portquebec.ca,www.portquebec.ca,Québec Port Authority,Administration portuaire de Québec,,,,0,,,,Québec Port Authority,286.0,Québec Port Authority
3491,Regina Airport Authority Inc.,Regina Airport Authority Inc.,,,287,,,,,,www.yqr.ca,www.yqr.ca,Regina Airport Authority Inc.,Regina Airport Authority Inc.,,,,0,,,,Regina Airport Authority Inc.,287.0,Regina Airport Authority Inc.
3492,Roosevelt Campobello International Park Commission,Commission du parc international Roosevelt de Campobello,,,293,,,,,,www.fdr.net,www.fdr.net,Roosevelt Campobello International Park Commission,Commission du parc international Roosevelt de Campobello,,,,0,,,,Roosevelt Campobello International Park Commission,293.0,Roosevelt Campobello International Park Commission
3493,Saguenay Port Authority,Administration portuaire du Saguenay,,,298,,Saguenay Port Authority,spa-aps,,,www.portsaguenay.ca,www.portsaguenay.ca,Saguenay Port Authority,Administration portuaire du Saguenay,,,,0,,,,Saguenay Port Authority,298.0,Saguenay Port Authority
3494,Saint John Airport Inc.,Saint John Airport Inc.,,,299,,,,,,www.saintjohnairport.com,www.saintjohnairport.com,Saint John Airport Inc.,Saint John Airport Inc.,,,,0,,,,Saint John Airport Inc.,299.0,Saint John Airport Inc.
3495,Saint John Port Authority,Administration portuaire de Saint John,,,300,,Saint John Port Authority,stjpa-apstj,,,www.sjport.com,www.sjport.com,Saint John Port Authority,Administration portuaire de Saint John,,,,0,,,,Saint John Port Authority,300.0,Saint John Port Authority
3496,Saskatoon Airport Authority,Saskatoon Airport Authority,,,301,,,,,,www.yxe.ca,www.yxe.ca,Saskatoon Airport Authority,Saskatoon Airport Authority,,,,0,,,,Saskatoon Airport Authority,301.0,Saskatoon Airport Authority
3497,Sept-Îles Port Authority,Administration portuaire de Sept-Îles,,,304,,Sept-Îles Port Authority,psi,,,www.portsi.com,www.portsi.com,Sept-Îles Port Authority,Administration portuaire de Sept-Îles,,,,0,,,,Sept-Îles Port Authority,304.0,Sept-Îles Port Authority
3498,Sport Dispute Resolution Centre of Canada,Centre de règlement des différends sportifs du Canada,,,308,,,,,,www.crdsc-sdrcc.ca,www.crdsc-sdrcc.ca,Sport Dispute Resolution Centre of Canada,Centre de règlement des différends sportifs du Canada,,,,0,,,,Sport Dispute Resolution Centre of Canada,308.0,Sport Dispute Resolution Centre of Canada
3499,St. John's International Airport Authority,St. John's International Airport Authority,,,309,,,,,,www.stjohnsairport.com,www.stjohnsairport.com,St. John's International Airport Authority,St. John's International Airport Authority,,,,0,,,,St. John's International Airport Authority,309.0,St. John's International Airport Authority
3500,St. John's Port Authority,Administration portuaire de St. John's,,,310,,St. John's Port Authority,,,,www.sjpa.com,www.sjpa.com,St. John's Port Authority,Administration portuaire de St. John's,,,,0,,,,St. John's Port Authority,310.0,St. John's Port Authority
3501,St. Lawrence Seaway Management Corporation,Corporation de gestion de la Voie maritime du Saint-Laurent,,,311,,,,,,www.greatlakes-seaway.com,www.greatlakes-seaway.com,St. Lawrence Seaway Management Corporation,Corporation de gestion de la Voie maritime du Saint-Laurent,,,,0,,,,St. Lawrence Seaway Management Corporation,311.0,St. Lawrence Seaway Management Corporation
3502,Terry Fox Humanitarian Award Inc.,Prix humanitaire Terry Fox inc.,,,316,,,,,,www.terryfoxawards.ca,www.terryfoxawards.ca,Terry Fox Humanitarian Award Inc.,Prix humanitaire Terry Fox inc.,,,,0,,,,Terry Fox Humanitarian Award Inc.,316.0,Terry Fox Humanitarian Award Inc.
3503,Thunder Bay International Airports Authority Inc.,Thunder Bay International Airports Authority Inc.,,,318,,,,,,www.tbairport.on.ca,www.tbairport.on.ca,Thunder Bay International Airports Authority Inc.,Thunder Bay International Airports Authority Inc.,,,,0,,,,Thunder Bay International Airports Authority Inc.,318.0,Thunder Bay International Airports Authority Inc.
3504,Thunder Bay Port Authority,Administration portuaire de Thunder Bay,,,319,,Thunder Bay Port Authority,tbpa-aptb,,,www.portofthunderbay.com,www.portofthunderbay.com,Thunder Bay Port Authority,Administration portuaire de Thunder Bay,,,,0,,,,Thunder Bay Port Authority,319.0,Thunder Bay Port Authority
3506,Toronto Port Authority,Administration portuaire de Toronto,,,321,,Toronto Port Authority,tpa-apt,,,www.portstoronto.com,www.portstoronto.com,Toronto Port Authority,Administration portuaire de Toronto,,,,0,,,,Toronto Port Authority,321.0,Toronto Port Authority
3507,Trois-Rivières Port Authority,Administration portuaire de Trois-Rivières,,,327,,Trois-Rivières Port Authority,ptr,,,www.porttr.com,www.porttr.com,Trois-Rivières Port Authority,Administration portuaire de Trois-Rivières,,,,0,,,,Trois-Rivières Port Authority,327.0,Trois-Rivières Port Authority
3508,TV5 Québec Canada,TV5 Québec Canada,,,328,,,,,,www.tv5.ca,www.tv5.ca,TV5 Québec Canada,TV5 Québec Canada,,,,0,,,,TV5 Québec Canada,328.0,TV5 Québec Canada
3509,Vancouver Fraser Port Authority,Administration portuaire de Vancouver Fraser,,,329,,Vancouver Fraser Port Authority,vfpa-apvf,,,www.portmetrovancouver.com,www.portmetrovancouver.com,Vancouver Fraser Port Authority,Administration portuaire de Vancouver Fraser,,,,0,,,,Vancouver Fraser Port Authority,329.0,Vancouver Fraser Port Authority
3510,Vancouver International Airport Authority,Administration de l'Aéroport de Vancouver,,,330,,,,,,www.yvr.ca,www.yvr.ca,Vancouver International Airport Authority,Administration de l'Aéroport de Vancouver,,,,0,,,,Vancouver International Airport Authority,330.0,Vancouver International Airport Authority
3511,Victoria Airport Authority,Autorité aéroportuaire de Victoria,,,335,,,,,,www.victoriaairport.com,www.victoriaairport.com,Victoria Airport Authority,Autorité aéroportuaire de Victoria,,,,0,,,,Victoria Airport Authority,335.0,Victoria Airport Authority
3512,Waterfront Toronto,Waterfront Toronto,,,336,,,,,,www.waterfrontoronto.ca,www.waterfrontoronto.ca,Waterfront Toronto,Waterfront Toronto,,,,0,,,,Waterfront Toronto,336.0,Waterfront Toronto
3513,Wildlife Habitat Canada,Habitat faunique Canada,,,337,,,,,,www.whc.org,www.whc.org/fr,Wildlife Habitat Canada,Habitat faunique Canada,,,,0,,,,Wildlife Habitat Canada,337.0,Wildlife Habitat Canada
3514,Windsor Port Authority,Administration portuaire de Windsor,,,338,,Windsor Port Authority,wpa-apw,,,www.portwindsor.com,www.portwindsor.com,Windsor Port Authority,Administration portuaire de Windsor,,,,0,,,,Windsor Port Authority,338.0,Windsor Port Authority
3515,Winnipeg Airports Authority Inc.,Winnipeg Airports Authority Inc.,,,340,,,,,,www.waa.ca,www.waa.ca,Winnipeg Airports Authority Inc.,Winnipeg Airports Authority Inc.,,,,0,,,,Winnipeg Airports Authority Inc.,340.0,Winnipeg Airports Authority Inc.
3516,Canadian Foundation for Healthcare Improvement (CFHI),Fondation canadienne pour l'amélioration des services de santé (FCASS),,,547,,,,,,www.cfhi-fcass.ca,www.fcass-cfhi.ca,Canadian Foundation for Healthcare Improvement (CFHI),Fondation canadienne pour l'amélioration des services de santé (FCASS),,,,0,,,,Canadian Foundation for Healthcare Improvement (CFHI),547.0,Canadian Foundation for Healthcare Improvement (CFHI)
3517,Healthcare Excellence Canada (HEC),Excellence en santé Canada (ESC),,,559,,,,,,https://www.healthcareexcellence.ca/en/,https://www.healthcareexcellence.ca/fr/,Healthcare Excellence Canada (HEC),Excellence en santé Canada (ESC),,,,0,,,,Healthcare Excellence Canada (HEC),559.0,Healthcare Excellence Canada (HEC)
3518,Aboriginal Healing Foundation,Fondation autochtone de guérison,,,4,,,,,,,,Aboriginal Healing Foundation,Fondation autochtone de guérison,,,,0,,,,Aboriginal Healing Foundation,4.0,Aboriginal Healing Foundation
3519,Canada Commonwealth Legacy Fund,Fonds du legs des Jeux du Commonwealth,,,28,,,,,,,,Canada Commonwealth Legacy Fund,Fonds du legs des Jeux du Commonwealth,,,,0,,,,Canada Commonwealth Legacy Fund,28.0,Canada Commonwealth Legacy Fund
3520,Canadian Foundation for Climate and Atmospheric Sciences,Fondation canadienne pour les sciences du climat et de l'atmosphère,,,68,,,,,,,,Canadian Foundation for Climate and Atmospheric Sciences,Fondation canadienne pour les sciences du climat et de l'atmosphère,,,,0,,,,Canadian Foundation for Climate and Atmospheric Sciences,68.0,Canadian Foundation for Climate and Atmospheric Sciences
3521,Canadian International Grains Institute,Institut international du Canada pour le grain,,,78,,,,,,,,Canadian International Grains Institute,Institut international du Canada pour le grain,,,,0,,,,Canadian International Grains Institute,78.0,Canadian International Grains Institute
3522,"Canadian Wheat Board, The","Commission canadienne du blé, La",,,100,,,,,,,,"Canadian Wheat Board, The","Commission canadienne du blé, La",,,,0,,,,"Canadian Wheat Board, The",100.0,"Canadian Wheat Board, The"
3523,Centre national multisport-Montréal,Centre national multisport – Montréal,,,104,,,,,,,,Centre national multisport-Montréal,Centre national multisport – Montréal,,,,0,,,,Centre national multisport-Montréal,104.0,Centre national multisport-Montréal
3524,First Nations Financial Management Board,Conseil de gestion financière des premières nations,,,153,,First Nations Financial Management Board,fnfmb-cgfpn,,,,,First Nations Financial Management Board,Conseil de gestion financière des premières nations,,,,0,,,,First Nations Financial Management Board,153.0,First Nations Financial Management Board
3525,First Nations Tax Commission,Commission de la fiscalité des premières nations,,,155,,First Nations Tax Commission,fntc-cfpn,,,,,First Nations Tax Commission,Commission de la fiscalité des premières nations,,,,0,,,,First Nations Tax Commission,155.0,First Nations Tax Commission
3526,Health Council of Canada,Conseil canadien de la santé,,,171,,,,,,,,Health Council of Canada,Conseil canadien de la santé,,,,0,,,,Health Council of Canada,171.0,Health Council of Canada
3527,International Centre for Human Rights and Democratic Development,Centre international des droits de la personne et du développement démocratique,,,184,,,,,,,,International Centre for Human Rights and Democratic Development,Centre international des droits de la personne et du développement démocratique,,,,0,,,,International Centre for Human Rights and Democratic Development,184.0,International Centre for Human Rights and Democratic Development
3528,PrioNet Canada,PrioNet Canada,,,277,,,,,,,,PrioNet Canada,PrioNet Canada,,,,0,,,,PrioNet Canada,277.0,PrioNet Canada
3531,Last Post Fund,Fonds du Souvenir,,,196,,,,,,,,Last Post Fund,Fonds du Souvenir,,,,0,,,,Last Post Fund,196.0,Last Post Fund
3532,"Vanier Institute of the Family, The",L'Institut Vanier de la famille,,,332,,,,,,,,"Vanier Institute of the Family, The",L'Institut Vanier de la famille,,,,0,,,,"Vanier Institute of the Family, The",332.0,"Vanier Institute of the Family, The"
3533,Canadian Coast Guard,Garde côtière canadienne,,,57,,,,DFO,,https://www.ccg-gcc.gc.ca/index-eng.html,https://www.ccg-gcc.gc.ca/index-fra.html,Canadian Coast Guard,Garde côtière canadienne,,,,0,,,,Canadian Coast Guard,57.0,Canadian Coast Guard
3534,Canadian Conservation Institute,Institut canadien de conservation,,,59,,,,PCH,,https://www.canada.ca/en/conservation-institute.html,https://www.canada.ca/fr/institut-conservation.html,Canadian Conservation Institute,Institut canadien de conservation,,,,0,,,,Canadian Conservation Institute,59.0,Canadian Conservation Institute
3535,Canadian Forces Housing Agency,Agence de logement des Forces canadiennes,,,67,,,,DND,,www.canada.ca/en/government/publicservice/benefitsmilitary/military-housing.html,www.canada.ca/fr/gouvernement/fonctionpublique/avantagesmilitaires/logements-militaires.html,Canadian Forces Housing Agency,Agence de logement des Forces canadiennes,,,,0,,,,Canadian Forces Housing Agency,67.0,Canadian Forces Housing Agency
3536,Canadian Heritage Information Network,Réseau canadien d'information sur le patrimoine,,,70,,,,PCH,,https://www.canada.ca/en/heritage-information-network.html,https://www.canada.ca/fr/reseau-information-patrimoine.html,Canadian Heritage Information Network,Réseau canadien d'information sur le patrimoine,,,,0,,,,Canadian Heritage Information Network,70.0,Canadian Heritage Information Network
3537,Canadian Intellectual Property Office,Office de la propriété intellectuelle du Canada,,,75,,,,DUS,,www.cipo.gc.ca,www.opic.gc.ca,Canadian Intellectual Property Office,Office de la propriété intellectuelle du Canada,,,,0,,,,Canadian Intellectual Property Office,75.0,Canadian Intellectual Property Office
3538,Canadian Pari-Mutuel Agency,Agence canadienne du pari mutuel,,,88,,,,AGR,,www.cpma-acpm.agr.gc.ca,www.cpma-acpm.agr.gc.ca,Canadian Pari-Mutuel Agency,Agence canadienne du pari mutuel,,,,0,,,,Canadian Pari-Mutuel Agency,88.0,Canadian Pari-Mutuel Agency
3539,CORCAN,CORCAN,,,115,,,,PEN,,,,CORCAN,CORCAN,,,,0,,,,CORCAN,115.0,CORCAN
3540,Defence Research and Development Canada,Recherche et développement pour la défense Canada,,,120,,,drdc-rddc,DND,,www.drdc-rddc.gc.ca/en/,www.drdc-rddc.gc.ca/fr/,Defence Research and Development Canada,Recherche et développement pour la défense Canada,,,,0,,,,Defence Research and Development Canada,120.0,Defence Research and Development Canada
3541,Indian Oil and Gas Canada,Pétrole et gaz des Indiens du Canada,,,175,,,,IOG,,www.pgic-iogc.gc.ca/eng/1100110010002,www.pgic-iogc.gc.ca/fra/1100110010002/1100110010005,Indian Oil and Gas Canada,Pétrole et gaz des Indiens du Canada,Pétrole et gaz des Indiens Canada,5,Indian Oil and Gas Canada,0,,,,Indian Oil and Gas Canada,175.0,Indian Oil and Gas Canada
3542,Measurement Canada,Mesures Canada,,,204,,,,DUS,,www.ic.gc.ca/eic/site/mc-mc.nsf/eng/home,www.ic.gc.ca/eic/site/mc-mc.nsf/fra/accueil,Measurement Canada,Mesures Canada,,,,0,,,,Measurement Canada,204.0,Measurement Canada
3543,Physical Resources Bureau,Direction générale des biens,,,268,,,,EXT,,www.international.gc.ca/international/index.aspx?lang=eng&view=d,www.international.gc.ca/international/index.aspx?lang=fra&view=d,Physical Resources Bureau,Direction générale des biens,,,,0,,,,Physical Resources Bureau,268.0,Physical Resources Bureau
3544,Translation Bureau,Bureau de la traduction,,,323,,,,SVC,,www.tpsgc-pwgsc.gc.ca/bt-tb/index-eng.html,www.tpsgc-pwgsc.gc.ca/bt-tb/index-fra.html,Translation Bureau,Bureau de la traduction,,,,0,,,,Translation Bureau,323.0,Translation Bureau
3545,Consulting and Audit Canada Revolving Fund,Fonds renouvelable de Conseils et Vérification Canada,,,112,,,,SVC,,,,Consulting and Audit Canada Revolving Fund,Fonds renouvelable de Conseils et Vérification Canada,,,,0,,,,Consulting and Audit Canada Revolving Fund,112.0,Consulting and Audit Canada Revolving Fund
3546,Industrial Technologies Office,Office des technologies industrielles,,,179,,,,DUS,,,,Industrial Technologies Office,Office des technologies industrielles,,,,0,,,,Industrial Technologies Office,179.0,Industrial Technologies Office
3547,Passport Canada,Passeport Canada,,,264,,,pptc,IMC,,,,Passport Canada,Passeport Canada,,,,0,,,,Passport Canada,264.0,Passport Canada
3548,Payroll System General Ledger,Grand livre général du système de la paye,,,,79,,,,,,,Payroll System General Ledger,Grand livre général du système de la paye,,,,0,,,,,,Payroll System General Ledger
3549,Public Service Superannuation,Pension de retraite de la fonction publique,,,,87,,,SVC,,,,Public Service Superannuation,Pension de retraite de la fonction publique,,,,0,,,,,,Public Service Superannuation
3552,Bank of Canada Museum,Musée de la Banque du Canada,,,,,,,,,,,Bank of Canada Museum,Musée de la Banque du Canada,,,,0,,,,,,Bank of Canada Museum
3553,Canada Agriculture and Food Museum,Musée de l'agriculture et de l'alimentation du Canada,,,,,,,,,,,Canada Agriculture and Food Museum,Musée de l'agriculture et de l'alimentation du Canada,,,,0,,,,,,Canada Agriculture and Food Museum
3554,Canada Aviation and Space Museum,Musée de l'aviation et de l'espace du Canada,,,,,,,,,,,Canada Aviation and Space Museum,Musée de l'aviation et de l'espace du Canada,,,,0,,,,,,Canada Aviation and Space Museum
3555,Canada Firearms Centre,Centre des armes à feu Canada,,,,,,,,,,,Canada Firearms Centre,Centre des armes à feu Canada,,,,0,,,,,,Canada Firearms Centre
3556,Canada Research Chairs,Chaires de recherche du Canada,,,,,,,,,,,Canada Research Chairs,Chaires de recherche du Canada,,,,0,,,,,,Canada Research Chairs
3557,Canadian Army,Armée canadienne,,,,,,,,,,,Canadian Army,Armée canadienne,,,,0,,,,,,Canadian Army
3558,Canadian Judicial Council,Conseil canadien de la magistrature,,,,,,,,,,,Canadian Judicial Council,Conseil canadien de la magistrature,,,,0,,,,,,Canadian Judicial Council
3559,Canadian Special Operations Forces Command,Commandement des Forces d'opérations spéciales du Canada,,,,,,,,,,,Canadian Special Operations Forces Command,Commandement des Forces d'opérations spéciales du Canada,,,,0,,,,,,Canadian Special Operations Forces Command
3560,Canadian Trade Commissioner Service,Service des délégués commerciaux du Canada,,,,,,,,,,,Canadian Trade Commissioner Service,Service des délégués commerciaux du Canada,,,,0,,,,,,Canadian Trade Commissioner Service
3561,Canadian War Museum,Musée canadien de la guerre,,,,,Canadian Museum of History and the Canadian War Museum,,,,,,Canadian War Museum,Musée canadien de la guerre,,,,0,,,,,,Canadian War Museum
3562,Communications Research Centre Canada,Centre de recherches sur les communications Canada,,,,,,,DUS,,,,Communications Research Centre Canada,Centre de recherches sur les communications Canada,,,,0,,,,,,Communications Research Centre Canada
3563,Competition Bureau Canada,Bureau de la concurrence Canada,,,,,,,DUS,,,,Competition Bureau Canada,Bureau de la concurrence Canada,,,,0,,,,,,Competition Bureau Canada
3564,Competition Tribunal,Tribunal de la concurrence,,,,,,ct-tc,,,,,Competition Tribunal,Tribunal de la concurrence,,,,0,,,,,,Competition Tribunal
3565,Court Martial Appeal Court of Canada,Cour d'appel de la cour martiale du Canada,,,,,,,,,,,Court Martial Appeal Court of Canada,Cour d'appel de la cour martiale du Canada,,,,0,,,,,,Court Martial Appeal Court of Canada
3566,Democratic Institutions,Institutions démocratiques,,,,,,,,,,,Democratic Institutions,Institutions démocratiques,,,,0,,,,,,Democratic Institutions
3568,Environmental Protection Review Canada,Révision de la protection de l'environnement Canada,,,,,,,,,,,Environmental Protection Review Canada,Révision de la protection de l'environnement Canada,,,,0,,,,,,Environmental Protection Review Canada
3569,Federal Court of Appeal,Cour d'appel fédérale,,,,,,,,,,,Federal Court of Appeal,Cour d'appel fédérale,,,,0,,,,,,Federal Court of Appeal
3570,Federal Court of Canada,Cour fédérale,,,,,,,,,,,Federal Court of Canada,Cour fédérale,,,,0,,,,,,Federal Court of Canada
3571,Office of the Federal Ombudsperson for Victims Of Crime,Bureau de l'ombudsman fédéral des victimes d'actes criminels,,,,,,,,,,,Office of the Federal Ombudsperson for Victims Of Crime,Bureau de l'ombudsman fédéral des victimes d'actes criminels,,,,0,,,,,,Office of the Federal Ombudsperson for Victims Of Crime
3572,Historic Sites and Monuments Board of Canada,Commission des lieux et monuments historiques du Canada,,,,,Historic Sites and Monuments Board of Canada,hsmbc-clmhc,,,,,Historic Sites and Monuments Board of Canada,Commission des lieux et monuments historiques du Canada,,,,0,,,,,,Historic Sites and Monuments Board of Canada
3573,Independent Review Panel for Defence Acquisition,Commission indépendante d'examen des acquisitions de la Défense,,,,,,,,,,,Independent Review Panel for Defence Acquisition,Commission indépendante d'examen des acquisitions de la Défense,,,,0,,,,,,Independent Review Panel for Defence Acquisition
3574,Intergovernmental Affairs,Affaires intergouvernementales,,,,,,iga-aig,,,,,Intergovernmental Affairs,Affaires intergouvernementales,,,,0,,,,,,Intergovernmental Affairs
3575,Judicial Compensation and Benefits Commission,Commission d'examen de la rémunération des juges,,,,,,,,,,,Judicial Compensation and Benefits Commission,Commission d'examen de la rémunération des juges,,,,0,,,,,,Judicial Compensation and Benefits Commission
3577,Leader of the Government in the House of Commons,Leader du gouvernement à la Chambre des communes,,,,,,,,,,,Leader of the Government in the House of Commons,Leader du gouvernement à la Chambre des communes,,,,0,,,,,,Leader of the Government in the House of Commons
3578,Management Advisory Board for the RCMP,Conseil consultatif de gestion pour la GRC,,,,,,,,,,,Management Advisory Board for the RCMP,Conseil consultatif de gestion pour la GRC,,,,0,,,,,,Management Advisory Board for the RCMP
3579,National Security and Intelligence Review Agency,Office de surveillance des activités en matière de sécurité nationale et de renseignement,,,,,National Security and Intelligence Review Agency,nsira-ossnr,,,,,National Security and Intelligence Review Agency,Office de surveillance des activités en matière de sécurité nationale et de renseignement,,,,0,,,,,,National Security and Intelligence Review Agency
3580,National Seniors Council,Conseil national des aînés,,,,,,,,,,,National Seniors Council,Conseil national des aînés,,,,0,,,,,,National Seniors Council
3581,Occupational Health and Safety Tribunal Canada,Tribunal de santé et sécurité au travail Canada,,,,,,,,,,,Occupational Health and Safety Tribunal Canada,Tribunal de santé et sécurité au travail Canada,,,,0,,,,,,Occupational Health and Safety Tribunal Canada
3582,Office of the Chief Military Judge,Le cabinet du juge militaire en chef,,,,,,,,,,,Office of the Chief Military Judge,Le cabinet du juge militaire en chef,,,,0,,,,,,Office of the Chief Military Judge
3583,Office of the Ombudsman for the Department of National Defence and the Canadian Armed Forces,Bureau de l'ombudsman de la Défense nationale et des Forces armées canadiennes,,,,,Office of the Ombudsman for the Department of National Defence and the Canadian Forces,ndcfo-odnfc,DND,,,,Office of the Ombudsman for the Department of National Defence and the Canadian Armed Forces,Bureau de l'ombudsman de la Défense nationale et des Forces armées canadiennes,,,,0,,,,,,Office of the Ombudsman for the Department of National Defence and the Canadian Armed Forces
3584,Parliament of Canada,Parlement du Canada,,,,,,,,,,,Parliament of Canada,Parlement du Canada,,,,0,,,,,,Parliament of Canada
3585,Office of the Procurement Ombudsman,Bureau de l'ombudsman de l'approvisionnement,,,,,,,SVC,,,,Office of the Procurement Ombudsman,Bureau de l'ombudsman de l'approvisionnement,,,,0,,,,,,Office of the Procurement Ombudsman
3586,Prime Minister of Canada,Premier ministre du Canada,,,,,,,,,,,Prime Minister of Canada,Premier ministre du Canada,,,,0,,,,,,Prime Minister of Canada
3587,Public Servants Disclosure Protection Tribunal Canada,Tribunal de la protection des fonctionnaires divulgateurs Canada,,,,,,psdpt-tpfd,,,,,Public Servants Disclosure Protection Tribunal Canada,Tribunal de la protection des fonctionnaires divulgateurs Canada,,,,0,,,,,,Public Servants Disclosure Protection Tribunal Canada
3588,Royal Canadian Air Force,Aviation royale canadienne,,,,,,,,,,,Royal Canadian Air Force,Aviation royale canadienne,,,,0,,,,,,Royal Canadian Air Force
3589,Royal Canadian Navy,Marine royale canadienne,,,,,,,,,,,Royal Canadian Navy,Marine royale canadienne,,,,0,,,,,,Royal Canadian Navy
3590,Royal Military College of Canada,Collège militaire royal du Canada,,,,,,,,,,,Royal Military College of Canada,Collège militaire royal du Canada,,,,0,,,,,,Royal Military College of Canada
3591,Service Canada,Service Canada,,,,,,,CSD,,,,Service Canada,Service Canada,,,,0,,,,,,Service Canada
3593,Tax Court of Canada,Cour canadienne de l'impôt,,,,,,,,,,,Tax Court of Canada,Cour canadienne de l'impôt,,,,0,,,,,,Tax Court of Canada
3594,Office of the Taxpayers' Ombudsperson,Bureau de l'ombudsman des contribuables,,,,,,oto-boc,,,,,Office of the Taxpayers' Ombudsperson,Bureau de l'ombudsman des contribuables,,,,0,,,,,,Office of the Taxpayers' Ombudsperson
3595,Office of the Veterans' Ombudsman,Bureau de l'ombud des vétérans,,,,,,ovo-bov,DVA,,,,Office of the Veterans' Ombudsman,Bureau de l'ombud des vétérans,,,,0,,,,,,Office of the Veterans' Ombudsman
3596,Virtual Museum of Canada,Musée virtuel du Canada,,,,,,,,,,,Virtual Museum of Canada,Musée virtuel du Canada,,,,0,,,,,,Virtual Museum of Canada
3599,Aboriginal Business Canada,Entreprise autochtone Canada,,,,,,,,,,,Aboriginal Business Canada,Entreprise autochtone Canada,,,,0,,,,,,Aboriginal Business Canada
3600,"Appeal Board, Hazardous Materials Information Review Act","Commission d'appel, Loi sur le contrôle des renseignements relatifs aux matières dangereuses",,,,,,,,,,,"Appeal Board, Hazardous Materials Information Review Act","Commission d'appel, Loi sur le contrôle des renseignements relatifs aux matières dangereuses",,,,0,,,,,,"Appeal Board, Hazardous Materials Information Review Act"
3601,Canada Centre for Inland Waters,Centre canadien des eaux intérieures,,,,,,,,,,,Canada Centre for Inland Waters,Centre canadien des eaux intérieures,,,,0,,,,,,Canada Centre for Inland Waters
3602,Canadian Museum of Contemporary Photography,Musée canadien de la photographie contemporaine,,,,,,,,,,,Canadian Museum of Contemporary Photography,Musée canadien de la photographie contemporaine,,,,0,,,,,,Canadian Museum of Contemporary Photography
3603,Environmental Protection Tribunal of Canada,Tribunal de la protection de I'environnement du Canada,,,,,,,,,,,Environmental Protection Tribunal of Canada,Tribunal de la protection de I'environnement du Canada,,,,0,,,,,,Environmental Protection Tribunal of Canada
3604,Geographical Names Board of Canada,La Commission de toponymie du Canada,,,,,,,,,,,Geographical Names Board of Canada,La Commission de toponymie du Canada,,,,0,,,,,,Geographical Names Board of Canada
3605,Geological Survey of Canada,Commission géologique du Canada,,,,,,,RSN,,,,Geological Survey of Canada,Commission géologique du Canada,,,,0,,,,,,Geological Survey of Canada
3606,Geomatics Canada,Géomatique Canada,,,,,,,RSN,,,,Geomatics Canada,Géomatique Canada,,,,0,,,,,,Geomatics Canada
3607,Indian Residential Schools Resolution Canada,Résolution des questions des pensionnats indiens Canada,,,,,,,,,,,Indian Residential Schools Resolution Canada,Résolution des questions des pensionnats indiens Canada,,,,0,,,,,,Indian Residential Schools Resolution Canada
3608,National Advisory Council on Aging,Conseil consultatif national sur le troisième âge,,,,,,,,,,,National Advisory Council on Aging,Conseil consultatif national sur le troisième âge,,,,0,,,,,,National Advisory Council on Aging
3609,National Advisory Council on Poverty,Conseil national du Bien-être,,,,,,,,,,,National Advisory Council on Poverty,Conseil national du Bien-être,,,,0,,,,,,National Council of Welfare
3611,Office of the Chief Science Advisor of Canada,Bureau du conseiller scientifique en chef du Canada,,,,,,ocsa-bcsc,,,,,Office of the Chief Science Advisor of Canada,Bureau du conseiller scientifique en chef du Canada,,,,0,,,,,,Office of the Chief Science Advisor of Canada
3612,Policy Horizons Canada,Horizons de politiques Canada,,,,,,,CSD,,,,Policy Horizons Canada,Horizons de politiques Canada,,,,0,,,,,,Policy Horizons Canada
3613,Ship-source Oil Pollution Fund,Caisse d'indemnisation des dommages dus à la pollution par les hydrocarbures causée par les navires,,,,,,sopf-cidp,,,,,Ship-source Oil Pollution Fund,Caisse d'indemnisation des dommages dus à la pollution par les hydrocarbures causée par les navires,,,,0,,,,,,Ship-source Oil Pollution Fund
3614,Statute Revision Commission Canada,Commission de révision des lois Canada,,,,,,,,,,,Statute Revision Commission Canada,Commission de révision des lois Canada,,,,0,,,,,,Statute Revision Commission Canada
3615,Canadian Dairy Commission,Commission canadienne du lait,,,61,134,Canadian Dairy Commission,,CDC,,www.cdc-ccl.gc.ca,www.cdc-ccl.gc.ca,Canadian Dairy Commission,Commission canadienne du lait,Commission canadienne du lait,4,Canadian Dairy Commission,0,,,,Canadian Dairy Commission,61.0,Canadian Dairy Commission
3616,Farm Credit Canada,Financement agricole Canada,,,147,,Farm Credit Canada,,FCC,,www.fcc-fac.ca,www.fcc-fac.ca,Farm Credit Canada,Financement agricole Canada,Financement agricole Canada,3,Farm Credit Canada,0,,,,Farm Credit Canada,147.0,Farm Credit Canada
3618,Canada Council for the Arts,Conseil des Arts du Canada,,,29,,Canada Council for the Arts,,CCL,,www.canadacouncil.ca,www.conseildesarts.ca,Canada Council for the Arts,Conseil des Arts du Canada,,,,0,,,,Canada Council for the Arts,29.0,Canada Council for the Arts
3619,Canadian Broadcasting Corporation,Société Radio-Canada,,,53,,Canadian Broadcasting Corporation,,,,www.cbc.radio-canada.ca,www.cbc.radio-canada.ca,Canadian Broadcasting Corporation,Société Radio-Canada,,,,0,,,,Canadian Broadcasting Corporation,53.0,Canadian Broadcasting Corporation
3620,Canadian Museum for Human Rights,Musée canadien des droits de la personne,,,81,,Canadian Museum for Human Rights,,,,www.humanrights.ca,www.droitsdelapersonne.ca,Canadian Museum for Human Rights,Musée canadien des droits de la personne,Musée canadien des droits de la personne,3,Canadian Museum for Human Rights,0,,,,Canadian Museum for Human Rights,81.0,Canadian Museum for Human Rights
3621,Canadian Museum of History,Musée canadien de l'histoire,,,82,,,,,,www.historymuseum.ca,www.museedelhistoire.ca,Canadian Museum of History,Musée canadien de l'histoire,Musée canadien de l'histoire,3,Canadian Museum of History,0,,,,Canadian Museum of History,82.0,Canadian Museum of History
3622,Canadian Museum of Immigration at Pier 21,Musée canadien de l'immigration du Quai 21,,,84,,Canadian Museum of Immigration at Pier 21,,,,www.pier21.ca,www.quai21.ca,Canadian Museum of Immigration at Pier 21,Musée canadien de l'immigration du Quai 21,Musée canadien de l'immigration du Quai 21,3,Canadian Museum of Immigration at Pier 21,0,,,,Canadian Museum of Immigration at Pier 21,84.0,Canadian Museum of Immigration at Pier 21
3623,Canadian Museum of Nature,Musée canadien de la nature,,,85,,Canadian Museum of Nature,,,,www.nature.ca,www.nature.ca,Canadian Museum of Nature,Musée canadien de la nature,Musée canadien de la nature,3,Canadian Museum of Nature,0,,,,Canadian Museum of Nature,85.0,Canadian Museum of Nature
3624,Canadian Race Relations Foundation,Fondation canadienne des relations raciales,,,92,,Canadian Race Relations Foundation,,,,www.crr.ca,www.crrf-fcrr.ca/fr,Canadian Race Relations Foundation,Fondation canadienne des relations raciales,,,,0,,,,Canadian Race Relations Foundation,92.0,Canadian Race Relations Foundation
3625,National Arts Centre Corporation,Société du Centre national des Arts,,,217,,National Arts Centre,,NAC,,www.nac-cna.ca,www.cna-nac.ca,National Arts Centre Corporation,Société du Centre national des Arts,,,,0,,,,National Arts Centre Corporation,217.0,National Arts Centre Corporation
3626,National Gallery of Canada,Musée des beaux-arts du Canada,,,224,,National Gallery of Canada,,,,www.gallery.ca,www.beaux-arts.ca,National Gallery of Canada,Musée des beaux-arts du Canada,Musée des beaux-arts du Canada,3,National Gallery of Canada,0,,,,National Gallery of Canada,224.0,National Gallery of Canada
3627,National Museum of Science and Technology,Musée national des sciences et de la technologie,,,226,,Ingenium   Canada's Museums of Science and Innovation,,,,https://ingeniumcanada.org/scitech,https://ingeniumcanada.org/fr/scitech,National Museum of Science and Technology,Musée national des sciences et de la technologie,Musée national des sciences et de la technologie,3,National Museum of Science and Technology,0,,,,National Museum of Science and Technology,226.0,Canada Science and Technology Museum
3629,Telefilm Canada,Téléfilm Canada,,,315,37,Telefilm Canada,,,,www.telefilm.ca,www.telefilm.ca,Telefilm Canada,Téléfilm Canada,,,,0,,,,Telefilm Canada,315.0,Telefilm Canada
3630,Toronto Organizing Committee for the 2015 Pan American and Parapan American Games,Comité d'organisation des Jeux panaméricains et parapanaméricains de Toronto 2015,,,320,,,,,,,,Toronto Organizing Committee for the 2015 Pan American and Parapan American Games,Comité d'organisation des Jeux panaméricains et parapanaméricains de Toronto 2015,,,,0,,,,Toronto Organizing Committee for the 2015 Pan American and Parapan American Games,320.0,Toronto Organizing Committee for the 2015 Pan American and Parapan American Games
3631,Canada Mortgage and Housing Corporation,Société canadienne d'hypothèques et de logement,,,42,91,Canada Mortgage and Housing Corporation,,,,www.cmhc.ca,www.schl.ca,Canada Mortgage and Housing Corporation,Société canadienne d'hypothèques et de logement,Société canadienne d'hypothèques et de logement,3,Canada Mortgage and Housing Corporation,0,,,,Canada Mortgage and Housing Corporation,42.0,Canada Mortgage and Housing Corporation
3632,Social Security Tribunal,Tribunal de la sécurité sociale,,,307,,,,,,,,Social Security Tribunal,Tribunal de la sécurité sociale,,,,0,,,,Social Security Tribunal,307.0,Social Security Tribunal of Canada
3633,Bank of Canada,Banque du Canada,,,15,,Bank of Canada,,,,www.bankofcanada.ca,www.bank-banque-canada.ca,Bank of Canada,Banque du Canada,,,,0,,,,Bank of Canada,15.0,Bank of Canada
3634,Canada Deposit Insurance Corporation,Société d'assurance-dépôts du Canada,,,30,,Canada Deposit Insurance Corporation,,,,www.cdic.ca,www.sadc.ca,Canada Deposit Insurance Corporation,Société d'assurance-dépôts du Canada,Société d'assurance-dépôts du Canada,3,Canada Deposit Insurance Corporation,0,,,,Canada Deposit Insurance Corporation,30.0,Canada Deposit Insurance Corporation
3635,Canada Development Investment Corporation,La Corporation de développement des investissements du Canada,,,31,,Canada Development Investment Corporation,,,,www.cdev.gc.ca,www.cdev.gc.ca,Canada Development Investment Corporation,La Corporation de développement des investissements du Canada,Corporation d'investissements au développement du Canada,3,Canada Development Investment Corporation,0,,,,Canada Development Investment Corporation,31.0,Canada Development Investment Corporation
3636,Canada Pension Plan Investment Board,Office d'investissement du régime de pensions du Canada,,,43,,,,,,www.cppib.com,www.cppib.com/fr/,Canada Pension Plan Investment Board,Office d'investissement du régime de pensions du Canada,,,,0,,,,Canada Pension Plan Investment Board,43.0,Canada Pension Plan Investment Board
3637,Royal Canadian Mint,Monnaie royale canadienne,,,294,,RCMH-MRCF Inc. (Royal Canadian Mint),,,,www.mint.ca,www.monnaie.ca,Royal Canadian Mint,Monnaie royale canadienne,Monnaie royale canadienne,3,Royal Canadian Mint,0,,,,Royal Canadian Mint,294.0,Royal Canadian Mint
3638,Freshwater Fish Marketing Corporation,Office de commercialisation du poisson d'eau douce,,,157,,Freshwater Fish Marketing Corporation,,,,www.freshwaterfish.com/,www.freshwaterfish.com/fr,Freshwater Fish Marketing Corporation,Office de commercialisation du poisson d'eau douce,Office de commercialisation du poisson d'eau douce,3,Freshwater Fish Marketing Corporation,0,,,,Freshwater Fish Marketing Corporation,157.0,Freshwater Fish Marketing Corporation
3639,Canadian Commercial Corporation,Corporation commerciale canadienne,,,58,,Canadian Commercial Corporation,,,,www.ccc.ca,www.ccc.ca,Canadian Commercial Corporation,Corporation commerciale canadienne,Corporation commerciale canadienne,3,Canadian Commercial Corporation,0,,,,Canadian Commercial Corporation,58.0,Canadian Commercial Corporation
3640,Export Development Canada,Exportation et développement Canada,,,146,123,Export Development Canada,,,,www.edc.ca,www.edc.ca,Export Development Canada,Exportation et développement Canada,Exportation et développement Canada,3,Export Development Canada,0,,,,Export Development Canada,146.0,Export Development Canada
3641,International Development Research Centre,Centre de recherches pour le développement international,,,186,,International Development Research Centre,,,,www.idrc.ca,www.crdi.ca,International Development Research Centre,Centre de recherches pour le développement international,,,,0,,,,International Development Research Centre,186.0,International Development Research Centre
3642,Canada Infrastructure Bank,Banque de l'infrastructure du Canada,,,344,,Canada Infrastructure Bank,,,,www.infrastructure.gc.ca/CIB-BIC/index-eng.html,www.infrastructure.gc.ca/CIB-BIC/index-fra.html,Canada Infrastructure Bank,Banque de l'infrastructure du Canada,Banque de l'infrastructure du Canada,3,Canada Infrastructure Bank,0,,,,Canada Infrastructure Bank,344.0,Canada Infrastructure Bank
3643,The Jacques-Cartier and Champlain Bridges Inc.,Les Ponts Jacques-Cartier et Champlain Inc.,,,194,,Jacques Cartier and Champlain Bridges Incorporated,,,,www.jacquescartierchamplain.ca,www.jacquescartierchamplain.ca,The Jacques-Cartier and Champlain Bridges Inc.,Les Ponts Jacques-Cartier et Champlain Inc.,Les Ponts Jacques-Cartier et Champlain Inc.,3,The Jacques-Cartier and Champlain Bridges Inc.,0,,,,The Jacques-Cartier and Champlain Bridges Inc.,194.0,The Jacques-Cartier and Champlain Bridges Inc.
3644,Windsor-Detroit Bridge Authority,Autorité du pont Windsor-Détroit,,,339,,Windsor-Detroit Bridge Authority,,,,https://www.gordiehoweinternationalbridge.com/en,https://www.gordiehoweinternationalbridge.com/fr,Windsor-Detroit Bridge Authority,Autorité du pont Windsor-Détroit,Autorité du pont Windsor-Détroit,3,Windsor-Detroit Bridge Authority,0,,,,Windsor-Detroit Bridge Authority,339.0,Windsor-Detroit Bridge Authority
3645,PPP Canada Inc.,PPP Canada Inc.,,,272,,,,,,www.p3canada.ca,www.p3canada.ca,PPP Canada Inc.,PPP Canada Inc.,,,,0,,,,PPP Canada Inc.,272.0,PPP Canada Inc.
3646,Business Development Bank of Canada,Banque de développement du Canada,,,20,,Business Development Bank of Canada,,,,www.bdc.ca,www.bdc.ca,Business Development Bank of Canada,Banque de développement du Canada,Banque de développement du Canada,3,Business Development Bank of Canada,0,,,,Business Development Bank of Canada,20.0,Business Development Bank of Canada
3647,Canadian Tourism Commission,Commission canadienne du tourisme,,,97,,Destination Canada,,TRC,,en-corporate.canada.travel,fr-corporate.canada.travel,Canadian Tourism Commission,Commission canadienne du tourisme,Commission canadienne du tourisme,3,Canadian Tourism Commission,0,,,,Canadian Tourism Commission,97.0,Destination Canada
3648,Standards Council of Canada,Conseil canadien des normes,,,312,,Standards Council of Canada,,,,www.scc.ca,www.ccn.ca,Standards Council of Canada,Conseil canadien des normes,Conseil canadien des normes,3,Standards Council of Canada,0,,,,Standards Council of Canada,312.0,Standards Council of Canada
3649,Atomic Energy of Canada Limited,Énergie atomique du Canada limitée,,,14,,Atomic Energy of Canada Limited,,AEC,,www.aecl.ca,www.aecl.ca,Atomic Energy of Canada Limited,Énergie atomique du Canada limitée,"Énergie atomique du Canada, Limitée",3,Atomic Energy of Canada Limited,0,,,,Atomic Energy of Canada Limited,14.0,Atomic Energy of Canada Limited
3650,Canada Lands Company Limited,Société immobilière du Canada limitée,,,40,,Canada Lands Company Limited,,,,https://www.clc-sic.ca/,https://www.clc-sic.ca/francais,Canada Lands Company Limited,Société immobilière du Canada limitée,Société immobilière du Canada Limitée,3,Canada Lands Company Limited,0,,,,Canada Lands Company Limited,40.0,Canada Lands Company Limited
3651,Canada Post Corporation,Société canadienne des postes,,,44,,Canada Post Corporation,,,,www.canadapost.ca,www.postescanada.ca,Canada Post Corporation,Société canadienne des postes,Société canadienne des postes,3,Canada Post Corporation,0,,,,Canada Post Corporation,44.0,Canada Post
3652,Defence Construction (1951) Limited,Construction de Défense (1951) Limitée,,,119,,Defence Construction Canada,,DCL,,https://www.dcc-cdc.gc.ca/,https://www.cdc-dcc.gc.ca/,Defence Construction (1951) Limited,Construction de Défense (1951) Limitée,Construction de défense (1951) Limitée,3,Defence Construction (1951) Limited,0,,,,Defence Construction (1951) Limited,119.0,Defence Construction Canada
3653,National Capital Commission,Commission de la capitale nationale,,,219,,National Capital Commission,,NCC,,www.ncc-ccn.gc.ca,www.ccn-ncc.gc.ca,National Capital Commission,Commission de la capitale nationale,Commission de la capitale nationale,3,National Capital Commission,0,,,,National Capital Commission,219.0,National Capital Commission
3654,Atlantic Pilotage Authority,Administration de pilotage de l'Atlantique,,,13,,Atlantic Pilotage Authority Canada,,,,www.atlanticpilotage.com,www.atlanticpilotage.com,Atlantic Pilotage Authority,Administration de pilotage de l'Atlantique,Administration de pilotage de l'Atlantique,3,Atlantic Pilotage Authority,0,,,,Atlantic Pilotage Authority,13.0,Atlantic Pilotage Authority Canada
3655,Canadian Air Transport Security Authority,Administration canadienne de la sûreté du transport aérien,,,51,,Canadian Air Transport Security Authority,,,,www.catsa.gc.ca,www.acsta.gc.ca,Canadian Air Transport Security Authority,Administration canadienne de la sûreté du transport aérien,Administration canadienne de la sûreté du transport aérien,3,Canadian Air Transport Security Authority,0,,,,Canadian Air Transport Security Authority,51.0,Canadian Air Transport Security Authority
3656,Great Lakes Pilotage Authority,Administration de pilotage des Grands Lacs,,,163,,Great Lakes Pilotage Authority,,,,www.glpa-apgl.com,www.glpa-apgl.com,Great Lakes Pilotage Authority,Administration de pilotage des Grands Lacs,Administration de pilotage des Grands Lacs,3,Great Lakes Pilotage Authority,0,,,,Great Lakes Pilotage Authority,163.0,Great Lakes Pilotage Authority Canada
3657,Laurentian Pilotage Authority,Administration de pilotage des Laurentides,,,197,,Laurentian Pilotage Authority Canada,,,,www.pilotagestlaurent.gc.ca,www.pilotagestlaurent.gc.ca,Laurentian Pilotage Authority,Administration de pilotage des Laurentides,Administration de pilotage des Laurentides,3,Laurentian Pilotage Authority,0,,,,Laurentian Pilotage Authority,197.0,Laurentian Pilotage Authority Canada
3658,Marine Atlantic Inc.,Marine Atlantique S.C.C.,,,202,,Marine Atlantic Inc,,,,www.marine-atlantic.ca,www.marine-atlantic.ca,Marine Atlantic Inc.,Marine Atlantique S.C.C.,Marine Atlantique S.C.C.,3,Marine Atlantic Inc.,0,,,,Marine Atlantic Inc.,202.0,Marine Atlantic Inc.
3659,Pacific Pilotage Authority,Administration de pilotage du Pacifique,,,261,,Pacific Pilotage Authority Canada,,,,www.ppa.gc.ca,www.ppa.gc.ca,Pacific Pilotage Authority,Administration de pilotage du Pacifique,Administration de pilotage du Pacifique,3,Pacific Pilotage Authority,0,,,,Pacific Pilotage Authority,261.0,Pacific Pilotage Authority Canada
3660,Ridley Terminals Inc.,Ridley Terminals Inc.,,,292,,,,,,www.rti.ca,www.rti.ca,Ridley Terminals Inc.,Ridley Terminals Inc.,,,,0,,,,Ridley Terminals Inc.,292.0,Ridley Terminals Inc.
3661,The Federal Bridge Corporation Limited,La Société des ponts fédéraux Limitée,,,148,,Federal Bridge Corporation Limited,,,,www.federalbridge.ca,www.federalbridge.ca,The Federal Bridge Corporation Limited,La Société des ponts fédéraux Limitée,La Société des ponts fédéraux Limitée,3,The Federal Bridge Corporation Limited,0,,,,The Federal Bridge Corporation Limited,148.0,Federal Bridge Corporation
3662,VIA Rail Canada Inc.,VIA Rail Canada inc.,,,334,,VIA Rail Canada,,,,www.viarail.ca/en,www.viarail.ca/fr,VIA Rail Canada Inc.,VIA Rail Canada inc.,VIA Rail Canada Inc.,3,VIA Rail Canada Inc.,0,,,,VIA Rail Canada Inc.,334.0,VIA Rail Canada Inc.
3663,Public Sector Pension Investment Board,Office d'investissement des régimes de pensions du secteur public,,,281,,Public Sector Pension Investment Board,,,,www.investpsp.ca,www.investpsp.ca,Public Sector Pension Investment Board,Office d'investissement des régimes de pensions du secteur public,,,,0,,,,Public Sector Pension Investment Board,281.0,Public Sector Pension Investment Board
3664,Assisted Human Reproduction Agency of Canada,Agence canadienne de contrôle de la procréation assistée,,,10,,,,,,,,Assisted Human Reproduction Agency of Canada,Agence canadienne de contrôle de la procréation assistée,,,,0,,,,Assisted Human Reproduction Agency of Canada,10.0,Assisted Human Reproduction Agency of Canada
3665,Blue Water Bridge Authority,Administration du pont Blue Water,,,17,,,,,,,,Blue Water Bridge Authority,Administration du pont Blue Water,,,,0,,,,Blue Water Bridge Authority,17.0,Blue Water Bridge Canada
3666,Canada Employment Insurance Financing Board,Office de financement de l'assurance-emploi du Canada,,,34,,,,,,,,Canada Employment Insurance Financing Board,Office de financement de l'assurance-emploi du Canada,,,,0,,,,Canada Employment Insurance Financing Board,34.0,Canada Employment Insurance Financing Board
3667,Corporation for the Mitigation of Mackenzie Gas Project Impacts,Société d'atténuation des répercussions du projet gazier Mackenzie,,,116,,,,,,,,Corporation for the Mitigation of Mackenzie Gas Project Impacts,Société d'atténuation des répercussions du projet gazier Mackenzie,,,,0,,,,Corporation for the Mitigation of Mackenzie Gas Project Impacts,116.0,Corporation for the Mitigation of Mackenzie Gas Project Impacts
3668,Enterprise Cape Breton Corporation,Société d'expansion du Cap Breton,,,143,,,,,,,,Enterprise Cape Breton Corporation,Société d'expansion du Cap Breton,,,,0,,,,Enterprise Cape Breton Corporation,143.0,Enterprise Cape Breton Corporation
3669,First Nations Statistical Institute,Institut de la statistique des Premières nations,,,154,,,,,,,,First Nations Statistical Institute,Institut de la statistique des Premières nations,,,,0,,,,First Nations Statistical Institute,154.0,First Nations Statistical Institute
3670,Grain Appeal Tribunal,Tribunal d'appel pour les grains,,,162,,,,,,,,Grain Appeal Tribunal,Tribunal d'appel pour les grains,,,,0,,,,Grain Appeal Tribunal,162.0,Grain Appeal Tribunal
3671,Hazardous Materials Information Review Commission,Conseil de contrôle des renseignements relatifs aux matières dangereuses,,,170,,,,,,,,Hazardous Materials Information Review Commission,Conseil de contrôle des renseignements relatifs aux matières dangereuses,,,,0,,,,Hazardous Materials Information Review Commission,170.0,Hazardous Materials Information Review Commission
3672,Indian Residential Schools Truth and Reconciliation Commission,Commission de vérité et de réconciliation relative aux pensionnats indiens,,,177,,,,,,,,Indian Residential Schools Truth and Reconciliation Commission,Commission de vérité et de réconciliation relative aux pensionnats indiens,,,,0,,,,Indian Residential Schools Truth and Reconciliation Commission,177.0,Indian Residential Schools Truth and Reconciliation Commission
3673,Inuvialuit Arbitration Board,Commission d'arbitrage des Inuvialuit,,,193,,,,,,,,Inuvialuit Arbitration Board,Commission d'arbitrage des Inuvialuit,,,,0,,,,Inuvialuit Arbitration Board,193.0,Inuvialuit Arbitration Board
3674,Merchant Seamen Compensation Board,Commission d'indemnisation des marins marchands,,,207,,,,,,,,Merchant Seamen Compensation Board,Commission d'indemnisation des marins marchands,,,,0,,,,Merchant Seamen Compensation Board,207.0,Merchant Seamen Compensation Board Canada
3675,National Round Table on the Environment and the Economy,Table ronde nationale sur l'environnement et l'économie,,,229,,,,,,,,National Round Table on the Environment and the Economy,Table ronde nationale sur l'environnement et l'économie,,,,0,,,,National Round Table on the Environment and the Economy,229.0,National Round Table on the Environment and the Economy
3676,Public Appointments Commission Secretariat,Secrétariat de la Commission des nominations publiques,,,279,,,,,,,,Public Appointments Commission Secretariat,Secrétariat de la Commission des nominations publiques,,,,0,,,,Public Appointments Commission Secretariat,279.0,Public Appointments Commission Secretariat
3679,Canada Agricultural Review Tribunal,Commission de révision agricole du Canada,,,24,,,,,,,,Canada Agricultural Review Tribunal,Commission de révision agricole du Canada,,,,0,,,,Canada Agricultural Review Tribunal,24.0,Canada Agricultural Review Tribunal
3680,Canada Industrial Relations Board,Conseil canadien des relations industrielles,,,39,,,,,,,,Canada Industrial Relations Board,Conseil canadien des relations industrielles,,,,0,,,,Canada Industrial Relations Board,39.0,Canada Industrial Relations Board
3681,Canadian Artists and Producers Professional Relations Tribunal,Tribunal canadien des relations professionnelles artistes-producteurs,,,52,,,,,,,,Canadian Artists and Producers Professional Relations Tribunal,Tribunal canadien des relations professionnelles artistes-producteurs,,,,0,,,,Canadian Artists and Producers Professional Relations Tribunal,52.0,Canadian Artists and Producers Professional Relations Tribunal
3682,Canadian Cultural Property Export Review Board,Commission canadienne d'examen des exportations de biens culturels,,,60,,,,,,,,Canadian Cultural Property Export Review Board,Commission canadienne d'examen des exportations de biens culturels,,,,0,,,,Canadian Cultural Property Export Review Board,60.0,Canadian Cultural Property Export Review Board
3683,Canadian Human Rights Tribunal,Tribunal canadien des droits de la personne,,,72,,,,,,,,Canadian Human Rights Tribunal,Tribunal canadien des droits de la personne,,,,0,,,,Canadian Human Rights Tribunal,72.0,Canadian Human Rights Tribunal
3684,Canadian International Development Agency,Agence canadienne de développement international,,,77,,,,,,,,Canadian International Development Agency,Agence canadienne de développement international,,,,0,,,,Canadian International Development Agency,77.0,Canadian International Development Agency
3685,Canadian International Trade Tribunal,Tribunal canadien du commerce extérieur,,,79,,,,,,,,Canadian International Trade Tribunal,Tribunal canadien du commerce extérieur,,,,0,,,,Canadian International Trade Tribunal,79.0,Canadian International Trade Tribunal
3686,Employment Insurance Boards of Referees,Conseils arbitraux de l'assurance-emploi,,,18,,,,,,,,Employment Insurance Boards of Referees,Conseils arbitraux de l'assurance-emploi,,,,0,,,,Employment Insurance Boards of Referees,18.0,Employment Insurance Boards of Referees
3687,Office of the Commissioner of Review Tribunals,Bureau du Commissaire des tribunaux de révision,,,243,,,,,,,,Office of the Commissioner of Review Tribunals,Bureau du Commissaire des tribunaux de révision,,,,0,,,,Office of the Commissioner of Review Tribunals,243.0,Office of the Commissioner of Review Tribunals
3688,Office of the Umpire,Bureau du juge-arbitre,,,254,,,,,,,,Office of the Umpire,Bureau du juge-arbitre,,,,0,,,,Office of the Umpire,254.0,Office of the Umpire
3689,Old Port of Montreal Corporation Inc.,Société du Vieux-Port de Montréal Inc.,,,257,,Old Port of Montreal,,,,,,Old Port of Montreal Corporation Inc.,Société du Vieux-Port de Montréal Inc.,,,,0,,,,Old Port of Montreal Corporation Inc.,257.0,Old Port of Montreal Corporation Inc.
3690,Parc Downsview Park Inc.,Parc Downsview Park Inc,,,262,,Parc Downsview Park Inc.,,,,https://downsviewpark.ca/,https://parcdownsview.ca/,Parc Downsview Park Inc.,Parc Downsview Park Inc,,,,0,,,,Parc Downsview Park Inc.,262.0,Parc Downsview Park Inc.
3691,Pension Appeals Board,Commission d'appel des pensions,,,267,,,,,,,,Pension Appeals Board,Commission d'appel des pensions,,,,0,,,,Pension Appeals Board,267.0,Pension Appeals Board
3692,Public Service Labour Relations Board,Commission des relations de travail dans la fonction publique,,,284,,,,,,,,Public Service Labour Relations Board,Commission des relations de travail dans la fonction publique,,,,0,,,,Public Service Labour Relations Board,284.0,Public Service Labour Relations and Employment Board
3693,Public Service Staffing Tribunal,Tribunal de la dotation de la fonction publique,,,285,,,,,,,,Public Service Staffing Tribunal,Tribunal de la dotation de la fonction publique,,,,0,,,,Public Service Staffing Tribunal,285.0,Public Service Staffing Tribunal
3694,Registry of the Competition Tribunal,Greffe du Tribunal de la concurrence,,,289,,,,,,,,Registry of the Competition Tribunal,Greffe du Tribunal de la concurrence,,,,0,,,,Registry of the Competition Tribunal,289.0,Registry of the Competition Tribunal
3695,Registry of the Public Servants Disclosure Protection Tribunal,Greffe du Tribunal de la protection des fonctionnaires divulgateurs d'actes répréhensibles,,,290,,,,,,,,Registry of the Public Servants Disclosure Protection Tribunal,Greffe du Tribunal de la protection des fonctionnaires divulgateurs d'actes répréhensibles,,,,0,,,,Registry of the Public Servants Disclosure Protection Tribunal,290.0,Registry of the Public Servants Disclosure Protection Tribunal
3696,Registry of the Specific Claims Tribunal,Greffe du Tribunal des revendications particulières,,,291,,,,,,,,Registry of the Specific Claims Tribunal,Greffe du Tribunal des revendications particulières,,,,0,,,,Registry of the Specific Claims Tribunal,291.0,Registry of the Specific Claims Tribunal of Canada
3697,Transportation Appeal Tribunal of Canada,Tribunal d'appel des transports du Canada,,,324,,,,,,,,Transportation Appeal Tribunal of Canada,Tribunal d'appel des transports du Canada,,,,0,,,,Transportation Appeal Tribunal of Canada,324.0,Transportation Appeal Tribunal of Canada
3698,Vancouver Organizing Committee for the 2010 Olympic and Paralympic Winter Games,Comité d'organisation des Jeux olympiques et paralympiques d'hiver de 2010 à Vancouver,,,331,,,,,,,,Vancouver Organizing Committee for the 2010 Olympic and Paralympic Winter Games,Comité d'organisation des Jeux olympiques et paralympiques d'hiver de 2010 à Vancouver,,,,0,,,,Vancouver Organizing Committee for the 2010 Olympic and Paralympic Winter Games,331.0,Vancouver Organizing Committee for the 2010 Olympic and Paralympic Winter Games
3700,The Halifax 2011 Canada Games Host Society,Société d'accueil des Jeux de 2011 de Halifax,,,317,,,,,,,,The Halifax 2011 Canada Games Host Society,Société d'accueil des Jeux de 2011 de Halifax,,,,0,,,,The Halifax 2011 Canada Games Host Society,317.0,The Halifax 2011 Canada Games Host Society
3701,Prince George 2015 Canada Winter Games Host Society,Société hôtesse des Jeux d'hiver du Canada Prince George 2015,,,274,,,,,,,,Prince George 2015 Canada Winter Games Host Society,Société hôtesse des Jeux d'hiver du Canada Prince George 2015,,,,0,,,,Prince George 2015 Canada Winter Games Host Society,274.0,Prince George 2015 Canada Winter Games Host Society
3702,2010 Games Operating Trust Society,Société du legs des Jeux de 2010,,,121,,,,,,,,2010 Games Operating Trust Society,Société du legs des Jeux de 2010,,,,0,,,,2010 Games Operating Trust Society,121.0,2010 Games Operating Trust Society
3703,Canada Water Agency,Agence de l'eau du Canada,CWA,AEC,563,,,,CWA,,https://www.canada.ca/en/canada-water-agency.html,https://www.canada.ca/fr/agence-eau-canada.html,Canada Water Agency,Agence canadienne de l'eau,Agence canadienne de l'eau,1.1,Canada Water Agency,0,Canada Water Agency,Canada Water Agency,Agence de l'eau du Canada,Canada Water Agency,563.0,Canada Water Agency
3704,Treasury Board,Conseil du Trésor,TB,CT,,,,,TBD,,,,Treasury Board,Conseil du Trésor,Conseil du Trésor,1,Treasury Board,0,Treasury Board,,,,,Treasury Board
3705,Federal Public Sector Labour Relations and Employment Board,Commission des relations de travail et de l'emploi dans le secteur public fédéral,,,,,,,,,,,Federal Public Sector Labour Relations and Employment Board,Commission des relations de travail et de l'emploi dans le secteur public fédéral,,,,0,,,,,,Federal Public Sector Labour Relations and Employment Board
3706,Miscarriage of Justice Review Commission,Commission d'examen des erreurs du système judiciaire,,,564,,,,MJR,,,,Miscarriage of Justice Review Commission,Commission d'examen des erreurs du système judiciaire,Commission d'examen des erreurs du système judiciaire,1.1,Miscarriage of Justice Review Commission,0,,,,Miscarriage of Justice Review Commission,564.0,Miscarriage of Justice Review Commission
3707,VIA HFR - VIA TGF Inc.,VIA HFR - VIA TGF Inc.,,,562,,,,,,https://hfr-tgf.ca/,https://tgf-hfr.ca/,VIA HFR - VIA TGF Inc.,VIA HFR - VIA TGF Inc.,,,,0,,,,VIA HFR - VIA TGF Inc.,562.0,
nan,,,,,,,,,,,,,Office of the Information Commissioner,,Commissariat à l'information au Canada,4,Office of the Information Commissioner,0,,,,,,
